iso3,country,region,year,gdp_pc,pop,trade_pct_gdp,milex_pct_gdp,resource_rents,internet_pct,life_exp,oda_pct_gni,land_area
ABW,Aruba,Latin America & Caribbean ,1995,26504.1864180809,79805,171.362098138748,,0.0011665877121856,,72.832,1.97629230718668,180.0
ABW,Aruba,Latin America & Caribbean ,1996,25779.5979282247,83021,175.344129554656,,0.000819402115309,2.77,72.856,1.43385017961099,180.0
ABW,Aruba,Latin America & Caribbean ,1997,26547.4166076696,86301,168.781911013858,,0.0010025049307544,,72.904,1.66174039821275,180.0
ABW,Aruba,Latin America & Caribbean ,1998,26418.0883302727,88451,163.267359946327,,0.000848352981616,,72.94,0.678404591373222,180.0
ABW,Aruba,Latin America & Caribbean ,1999,26384.8105935137,89659,164.559014267185,,0.0007179018533386,4.51,72.857,-0.4392272976742,180.0
ABW,Aruba,Latin America & Caribbean ,2000,28104.8954362859,90588,145.072879516204,,0.0016627714206469,15.4428229480349,72.939,,180.0
ABW,Aruba,Latin America & Caribbean ,2001,29007.7386958774,91439,140.391108618306,,0.0014191795529938,17.1,73.044,,180.0
ABW,Aruba,Latin America & Caribbean ,2002,28535.4639480222,92074,133.230771421249,,0.0013710080694024,18.8,73.135,,180.0
ABW,Aruba,Latin America & Caribbean ,2003,28525.8077063839,93128,132.794291274023,,0.0014527779325224,20.8,73.236,,180.0
ABW,Aruba,Latin America & Caribbean ,2004,29959.7748189582,95138,132.430929795173,,0.0015836813068496,23.0,73.223,,180.0
ABW,Aruba,Latin America & Caribbean ,2005,29081.7066997897,97635,145.050280144237,,0.0019727579918209,25.4,73.415,,180.0
ABW,Aruba,Latin America & Caribbean ,2006,28885.9118700469,99405,141.042626734626,,0.002449482525579,28.0,73.498,,180.0
ABW,Aruba,Latin America & Caribbean ,2007,29556.8384686554,100150,139.972309491093,,0.002436964440796,30.9,73.642,,180.0
ABW,Aruba,Latin America & Caribbean ,2008,29870.6648077005,100917,139.110149824701,,0.0028729817159864,52.0,73.783,,180.0
ABW,Aruba,Latin America & Caribbean ,2009,26204.0597361984,101604,137.556575933708,,0.0020412189607002,58.0,73.974,,180.0
ABW,Aruba,Latin America & Caribbean ,2010,25429.2180974853,101838,135.464654677581,,0.0038701376130974,62.0,74.297,,180.0
ABW,Aruba,Latin America & Caribbean ,2011,26093.0542083227,102591,154.437786862887,,0.0038097706043249,69.0,74.578,,180.0
ABW,Aruba,Latin America & Caribbean ,2012,25444.7336646687,104110,156.645197205944,,0.0034077558555067,74.0,74.841,,180.0
ABW,Aruba,Latin America & Caribbean ,2013,26680.1411206342,105675,155.731904522973,,0.0024516533160762,78.9,75.072,,180.0
ABW,Aruba,Latin America & Caribbean ,2014,26773.8229102391,106807,156.491052864098,,0.0032351716185251,83.78,75.261,,180.0
ABW,Aruba,Latin America & Caribbean ,2015,27458.2201537506,107906,140.493001133496,,0.0023876594444871,88.661226932496,75.405,,180.0
ABW,Aruba,Latin America & Caribbean ,2016,27587.2498040483,108727,136.887263320827,,0.0033437423337293,93.542453865048,75.54,,180.0
ABW,Aruba,Latin America & Caribbean ,2017,28548.8904317739,108735,138.716620095236,,0.0028271906386295,97.17,75.62,,180.0
ABW,Aruba,Latin America & Caribbean ,2018,29419.208623316,108908,138.824972245657,,0.0018846916867828,,75.88,,180.0
ABW,Aruba,Latin America & Caribbean ,2019,29700.3634670565,109203,137.923249273411,,0.0016801157710481,,76.019,,180.0
ABW,Aruba,Latin America & Caribbean ,2020,22718.2294445007,108587,123.24050373078,,0.0030371933477854,,75.406,,180.0
ABW,Aruba,Latin America & Caribbean ,2021,26303.0397202375,107700,139.510902584073,,0.0020661282461218,,73.655,,180.0
AFG,Afghanistan,"Middle East, North Africa, Afghanistan & Pakistan",1995,,17065836,,,,,52.103,,652230.0
AFG,Afghanistan,"Middle East, North Africa, Afghanistan & Pakistan",1996,,17763266,,,,,52.83,,652230.0
AFG,Afghanistan,"Middle East, North Africa, Afghanistan & Pakistan",1997,,18452091,,,,,53.212,,652230.0
AFG,Afghanistan,"Middle East, North Africa, Afghanistan & Pakistan",1998,,19159996,,,,,52.487,,652230.0
AFG,Afghanistan,"Middle East, North Africa, Afghanistan & Pakistan",1999,,19887785,,,,,54.532,,652230.0
AFG,Afghanistan,"Middle East, North Africa, Afghanistan & Pakistan",2000,308.318269746638,20130327,,,,,55.005,3.987223282214,652230.0
AFG,Afghanistan,"Middle East, North Africa, Afghanistan & Pakistan",2001,277.118051443941,20284307,,,,0.0047225682421736,55.511,14.5292447763473,652230.0
AFG,Afghanistan,"Middle East, North Africa, Afghanistan & Pakistan",2002,338.139973643387,21378117,,,1.27614880703829,0.0045613951702214,56.225,31.4733674469171,652230.0
AFG,Afghanistan,"Middle East, North Africa, Afghanistan & Pakistan",2003,346.071627096223,22733049,,,0.731312589343673,0.0878912528559713,57.171,33.5710253665299,652230.0
AFG,Afghanistan,"Middle East, North Africa, Afghanistan & Pakistan",2004,338.637273888197,23560654,,2.43125378739118,0.458919792113206,0.105809030021958,57.81,42.8700215159715,652230.0
AFG,Afghanistan,"Middle East, North Africa, Afghanistan & Pakistan",2005,363.640141436773,24404567,,1.99206569856085,0.393192771402782,1.22414808372471,58.247,44.8245207120063,652230.0
AFG,Afghanistan,"Middle East, North Africa, Afghanistan & Pakistan",2006,367.75831169358,25424094,,1.89623399634252,0.504174403493816,2.10712364546412,58.553,40.7841676248802,652230.0
AFG,Afghanistan,"Middle East, North Africa, Afghanistan & Pakistan",2007,410.757728879097,25909852,,2.56626735198569,0.449500569922326,1.899999976,58.956,50.4426675604518,652230.0
AFG,Afghanistan,"Middle East, North Africa, Afghanistan & Pakistan",2008,417.647282647498,26482622,,2.335545701939,0.601665824760427,1.84,59.708,47.601841590691,652230.0
AFG,Afghanistan,"Middle East, North Africa, Afghanistan & Pakistan",2009,488.830652491949,27466101,,2.08741255278385,0.424658195958387,3.55,60.248,49.3856491572762,652230.0
AFG,Afghanistan,"Middle East, North Africa, Afghanistan & Pakistan",2010,542.871030476037,28284089,,1.94583569418812,0.62533261319642,4.0,60.702,38.225392703623,652230.0
AFG,Afghanistan,"Middle East, North Africa, Afghanistan & Pakistan",2011,525.42698276582,29347708,,1.82134545354632,0.836389660299977,5.0,61.25,37.9368214027482,652230.0
AFG,Afghanistan,"Middle East, North Africa, Afghanistan & Pakistan",2012,568.929021458341,30560034,,1.17541612009987,0.684675468598181,5.454500198,61.735,33.3985428529927,652230.0
AFG,Afghanistan,"Middle East, North Africa, Afghanistan & Pakistan",2013,580.603833333096,31622704,,1.07694976762403,0.603571665401867,5.900000095,62.188,25.4958228890954,652230.0
AFG,Afghanistan,"Middle East, North Africa, Afghanistan & Pakistan",2014,575.146245808546,32792523,,1.29801287790022,0.542756499666634,7.0,62.26,24.0420670948875,652230.0
AFG,Afghanistan,"Middle East, North Africa, Afghanistan & Pakistan",2015,565.569730408751,33831764,,0.994575822723645,0.469916949251438,8.260000229,62.27,22.2043491978579,652230.0
AFG,Afghanistan,"Middle East, North Africa, Afghanistan & Pakistan",2016,563.872336723147,34700612,,0.956772140958855,0.617409905168126,11.0,62.646,22.1760696250833,652230.0
AFG,Afghanistan,"Middle East, North Africa, Afghanistan & Pakistan",2017,562.769574140988,35688935,,0.945226799939516,0.702981728943138,13.5,62.406,20.1022220144701,652230.0
AFG,Afghanistan,"Middle East, North Africa, Afghanistan & Pakistan",2018,553.125151688293,36743039,,1.00674585570556,0.855264249305936,16.79999924,62.443,20.73019959214,652230.0
AFG,Afghanistan,"Middle East, North Africa, Afghanistan & Pakistan",2019,557.861533207459,37856121,,1.17096838242129,0.682287828246046,17.60000038,62.941,21.6848338959654,652230.0
AFG,Afghanistan,"Middle East, North Africa, Afghanistan & Pakistan",2020,527.834554499306,39068979,46.7098945514103,1.35885692738929,0.305978171646739,17.04850006,61.454,20.9414654233233,652230.0
AFG,Afghanistan,"Middle East, North Africa, Afghanistan & Pakistan",2021,408.625855217403,40000412,51.4117163747271,1.827933856217,0.428525449642917,16.51429939,60.417,32.7037592896055,652230.0
AGO,Angola,Sub-Saharan Africa ,1995,1912.51777520778,13699778,,4.70739276826233,44.2109966299264,,46.139,8.7272495999473,1246700.0
AGO,Angola,Sub-Saharan Africa ,1996,2099.35045383251,14170973,,2.44784815671705,41.3617166839795,0.000776,46.418,7.87884949686743,1246700.0
AGO,Angola,Sub-Saharan Africa ,1997,2176.87757983993,14660413,,5.97226820719497,39.4514891636558,0.00567,46.688,5.26934810924241,1246700.0
AGO,Angola,Sub-Saharan Africa ,1998,2203.98692701402,15159370,,2.64201188106298,24.2693807744448,0.0185,45.452,6.05458575682112,1246700.0
AGO,Angola,Sub-Saharan Africa ,1999,2179.06426973197,15667235,,17.334692213616,40.8033543240701,0.072,45.808,8.10601681630214,1246700.0
AGO,Angola,Sub-Saharan Africa ,2000,2172.46326718726,16194869,,6.39260315427404,59.1425103628059,0.105045562462262,46.501,4.05719889252888,1246700.0
AGO,Angola,Sub-Saharan Africa ,2001,2189.17352158048,16747208,,4.52435381521461,44.219476594374,0.136013867429868,47.032,3.83358093167613,1246700.0
AGO,Angola,Sub-Saharan Africa ,2002,2404.97792071735,17327699,90.5708209771053,2.86993244512575,32.8837159773494,0.270376745595134,47.874,2.64102694138076,1246700.0
AGO,Angola,Sub-Saharan Africa ,2003,2403.40415157242,17943712,90.680716182229,3.76147907354734,28.4066969543848,0.370682065225727,50.218,2.65101173677492,1246700.0
AGO,Angola,Sub-Saharan Africa ,2004,2583.32411461508,18600423,90.3860384706403,3.47118018672779,33.7707170143085,0.464814617985909,51.123,4.66993208944801,1246700.0
AGO,Angola,Sub-Saharan Africa ,2005,2843.39663579921,19291161,95.3414592878024,3.69224094698531,42.7600742732017,1.143399954,52.13,1.10979450215568,1246700.0
AGO,Angola,Sub-Saharan Africa ,2006,3065.05576244155,20015279,84.6246041187373,3.76149530543532,40.7534428993222,1.5,52.965,0.311610357033487,1246700.0
AGO,Angola,Sub-Saharan Africa ,2007,3336.36332465491,20778561,97.2256307002466,3.11405449295742,45.881176080136,1.700000048,54.2,0.397293395070897,1246700.0
AGO,Angola,Sub-Saharan Africa ,2008,3559.19522512538,21578655,108.680408742706,3.57312038062707,52.5607729557913,1.899999976,55.281,0.433793144611788,1246700.0
AGO,Angola,Sub-Saharan Africa ,2009,3494.80724466468,22414773,102.263183257504,4.70961004832072,30.3114661376593,2.299999952,56.225,0.319084339166322,1246700.0
AGO,Angola,Sub-Saharan Africa ,2010,3540.79159568681,23294825,90.9940631357987,4.1775845224338,38.1623101146694,2.799999952,57.242,0.264166293680402,1246700.0
AGO,Angola,Sub-Saharan Africa ,2011,3528.16824373698,24218352,89.0369443426985,3.25566035129376,39.0226784952754,4.699999809,58.093,0.166535080032289,1246700.0
AGO,Angola,Sub-Saharan Africa ,2012,3682.35229323075,25177394,81.939478548327,3.23665949921649,34.7310076331615,7.699999809,58.916,0.182957586902703,1246700.0
AGO,Angola,Sub-Saharan Africa ,2013,3716.29718727597,26165620,77.3498013719917,4.45523942155109,29.4000452272015,13.0,59.705,0.205036565526327,1246700.0
AGO,Angola,Sub-Saharan Africa ,2014,3746.81619978931,27160769,69.5801424480502,4.69845451564414,22.124247625088,21.3623407584103,60.396,0.16212510755181,1246700.0
AGO,Angola,Sub-Saharan Africa ,2015,3641.72893920253,28157798,54.9793808780995,3.10542629308278,13.3056748880613,22.0,61.042,0.388047166160652,1246700.0
AGO,Angola,Sub-Saharan Africa ,2016,3505.59634681792,29183070,46.3256130571521,2.73333494465123,20.8851202682195,23.20000076,61.619,0.355944110815679,1246700.0
AGO,Angola,Sub-Saharan Africa ,2017,3378.07588102598,30234839,44.9963253203189,2.50798280550579,25.9503299089307,26.0,62.122,0.275138427968858,1246700.0
AGO,Angola,Sub-Saharan Africa ,2018,3246.87857140997,31297155,58.2698953890633,1.95578680987962,32.045405604301,29.0,62.622,0.192775261372543,1246700.0
AGO,Angola,Sub-Saharan Africa ,2019,3105.59971242672,32375632,60.3713068739603,1.76791430458684,28.8978590593907,32.12939835,63.051,0.0303601999165228,1246700.0
AGO,Angola,Sub-Saharan Africa ,2020,2847.24241578243,33451132,54.6604030683749,1.81042916830117,20.2476653863539,33.32089996,63.116,0.208435515803862,1246700.0
AGO,Angola,Sub-Saharan Africa ,2021,2788.16737086685,34532429,62.5287705320674,1.39322266365773,29.9674348417559,34.55649948,62.958,0.341929007503151,1246700.0
ALB,Albania,Europe & Central Asia,1995,1558.96638565461,3187784,40.1386989518314,2.05358735905793,1.41199451722271,0.0112,74.022,6.12474809814331,27400.0
ALB,Albania,Europe & Central Asia,1996,1683.76965547424,3168033,44.4117820054663,1.37902962734156,1.36152948949073,0.0322,74.113,6.85514828714784,27400.0
ALB,Albania,Europe & Central Asia,1997,1495.90035328523,3148281,44.7293780649181,1.28308078036268,1.31616086038518,0.0486,73.383,7.17725451955665,27400.0
ALB,Albania,Europe & Central Asia,1998,1630.43874131845,3128530,47.1306266993222,1.23824256064749,0.373020813844308,0.065,74.357,10.0394851984813,27400.0
ALB,Albania,Europe & Central Asia,1999,1841.80762760566,3108778,49.8954184095195,1.24921009885957,0.582819936494746,0.0814,74.568,14.5326335087427,27400.0
ALB,Albania,Europe & Central Asia,2000,1991.91435867116,3089027,61.6092610436407,1.24636024189216,1.20580664142954,0.114097346552109,74.826,8.61576398442127,27400.0
ALB,Albania,Europe & Central Asia,2001,2188.91854451375,3060173,64.2474462587009,1.30929137475594,0.774294478401242,0.325798377067964,75.083,6.41650908064942,27400.0
ALB,Albania,Europe & Central Asia,2002,2297.10853513924,3051010,65.9914650336802,1.32003449433204,0.765808881841202,0.39008127343332,75.299,6.64684410600205,27400.0
ALB,Albania,Europe & Central Asia,2003,2428.68934653563,3039616,64.8232150960777,1.33684292419802,0.765831615007164,0.971900415195857,75.557,5.86855752523636,27400.0
ALB,Albania,Europe & Central Asia,2004,2567.29763687121,3026939,65.0379383187697,1.38115794211088,0.868821575977377,2.42038779776014,75.951,3.97229958865568,27400.0
ALB,Albania,Europe & Central Asia,2005,2712.86983830331,3011487,69.1162926602322,1.35000497056322,1.10115055658531,6.04389086404814,76.427,3.74266988588581,27400.0
ALB,Albania,Europe & Central Asia,2006,2894.36032580174,2992547,72.2019089483674,1.56776908873068,1.37890239530199,9.609999657,76.994,3.44260495962891,27400.0
ALB,Albania,Europe & Central Asia,2007,3105.8796756386,2970017,79.9119008919954,1.8207653435572,2.17405008124285,15.03610039,77.691,2.70373295477983,27400.0
ALB,Albania,Europe & Central Asia,2008,3345.98161761476,2947314,75.2485472798728,1.98486885667765,1.77540436427071,23.86,78.248,2.73837536445954,27400.0
ALB,Albania,Europe & Central Asia,2009,3459.24695646692,2927519,73.3213575646169,1.5172171395597,1.04750341619612,41.2,78.509,2.94126754880382,27400.0
ALB,Albania,Europe & Central Asia,2010,3579.82413181046,2913021,75.5325329687378,1.55859189302349,1.52816814295294,45.0,78.414,2.67510403859386,27400.0
ALB,Albania,Europe & Central Asia,2011,3677.89457937717,2905195,80.6989985298954,1.52826633776627,2.89849835443056,47.0,78.303,2.92409894780267,27400.0
ALB,Albania,Europe & Central Asia,2012,3771.84781862015,2860708,76.9683583166821,1.48708257655216,3.23145242472225,49.40000153,78.084,2.87261902266221,27400.0
ALB,Albania,Europe & Central Asia,2013,3895.89975621942,2816902,75.7506185619748,1.40898210141146,3.32799084447126,51.79999924,77.995,2.074045666163,27400.0
ALB,Albania,Europe & Central Asia,2014,4045.11934884933,2773767,75.0212023084129,1.34651599128914,3.41690043441322,54.29999924,78.029,2.09555504580747,27400.0
ALB,Albania,Europe & Central Asia,2015,4199.53912925398,2731293,71.2794476606014,1.16230386432234,1.73486186826951,56.90000153,78.358,2.88797335011263,27400.0
ALB,Albania,Europe & Central Asia,2016,4431.55635814168,2689469,74.0144504546815,1.10358100880452,1.05848104238626,59.59999847,78.643,1.40410376830326,27400.0
ALB,Albania,Europe & Central Asia,2017,4648.23078660658,2648285,76.7873817898989,1.10915100558884,1.34604237945034,62.40000153,78.9,1.26676775313842,27400.0
ALB,Albania,Europe & Central Asia,2018,4893.82375538717,2607733,75.6940783717425,1.16054478505068,1.71111628143642,65.40000153,79.238,2.24263943411111,27400.0
ALB,Albania,Europe & Central Asia,2019,5072.43648354739,2567801,75.382128932689,1.28080596201472,1.63497378546365,68.5503911218006,79.467,0.18286310529158,27400.0
ALB,Albania,Europe & Central Asia,2020,4980.61699524696,2528480,59.5206994391875,1.29583570269739,0.775369617467959,72.23767711,77.824,2.07177284176107,27400.0
ALB,Albania,Europe & Central Asia,2021,5511.75743402862,2489762,75.5904040905009,1.24298808396067,1.44260146706838,79.32371752,76.844,3.56780804907142,27400.0
AND,Andorra,Europe & Central Asia,1995,27619.5060618267,63912,,,0.0,,80.804,,470.0
AND,Andorra,Europe & Central Asia,1996,28871.2160752297,63984,,,0.0,1.53,81.009,,470.0
AND,Andorra,Europe & Central Asia,1997,31140.6896819813,64700,,,0.0,3.05,81.145,,470.0
AND,Andorra,Europe & Central Asia,1998,31800.3640678661,65382,,,0.0,6.89,81.28,,470.0
AND,Andorra,Europe & Central Asia,1999,32938.6437411832,65710,,,0.0,7.64,81.55,,470.0
AND,Andorra,Europe & Central Asia,2000,34113.8173783949,65685,,,0.0,10.53883560922,81.863,,470.0
AND,Andorra,Europe & Central Asia,2001,36790.1037086022,65852,,,0.0,,82.162,,470.0
AND,Andorra,Europe & Central Asia,2002,38084.4843108589,66506,,,0.0,11.2604687170103,82.448,,470.0
AND,Andorra,Europe & Central Asia,2003,39620.3201605161,69486,,,0.0,13.546412876439,82.718,,470.0
AND,Andorra,Europe & Central Asia,2004,40054.3211531421,74325,,,0.0,26.8379543894637,82.815,,470.0
AND,Andorra,Europe & Central Asia,2005,40528.17486238,77421,,,0.0,37.6057662174867,83.086,,470.0
AND,Andorra,Europe & Central Asia,2006,41322.0529213846,79585,,,0.0,48.9368469989479,83.374,,470.0
AND,Andorra,Europe & Central Asia,2007,40789.1589697748,81877,,,0.0,70.87,83.632,,470.0
AND,Andorra,Europe & Central Asia,2008,37775.1261404342,83495,,,0.0,70.04,83.855,,470.0
AND,Andorra,Europe & Central Asia,2009,35604.3840098196,83888,,,0.0,78.53,84.1,,470.0
AND,Andorra,Europe & Central Asia,2010,36277.2644425331,80706,,,0.0,81.0,84.197,,470.0
AND,Andorra,Europe & Central Asia,2011,37637.4868342866,77783,,,0.0,81.0,84.296,,470.0
AND,Andorra,Europe & Central Asia,2012,36206.9784356446,76834,,,0.0,82.69999695,84.334,,470.0
AND,Andorra,Europe & Central Asia,2013,35684.1694347737,75194,,,0.0,84.40000153,84.406,,470.0
AND,Andorra,Europe & Central Asia,2014,37300.6244197096,73737,,,0.0,86.09999847,84.485,,470.0
AND,Andorra,Europe & Central Asia,2015,38654.9347217207,72174,,,0.0,87.90000153,84.532,,470.0
AND,Andorra,Europe & Central Asia,2016,40085.020598622,72181,,,0.0,89.69999695,84.489,,470.0
AND,Andorra,Europe & Central Asia,2017,39361.0622648699,73763,,,0.0,91.5674670273926,84.359,,470.0
AND,Andorra,Europe & Central Asia,2018,39242.1448975099,75162,,,0.0,93.5,84.242,,470.0
AND,Andorra,Europe & Central Asia,2019,39346.275035865,76474,,,0.0,90.71869659,84.098,,470.0
AND,Andorra,Europe & Central Asia,2020,34536.6499222556,77380,,,0.0,93.20570374,79.418,,470.0
AND,Andorra,Europe & Central Asia,2021,36929.0191528644,78364,,,0.0,93.89749908,82.331,,470.0
ARE,United Arab Emirates,"Middle East, North Africa, Afghanistan & Pakistan",1995,62393.299324125,2434662,,,17.8753368140734,0.103,71.392,0.0080001600119258,71020.0
ARE,United Arab Emirates,"Middle East, North Africa, Afghanistan & Pakistan",1996,61871.4211109814,2597564,,,20.7195621529487,0.375,71.82,,71020.0
ARE,United Arab Emirates,"Middle East, North Africa, Afghanistan & Pakistan",1997,61715.5311994502,2817410,,6.75906148063517,18.6806267958819,3.3,72.559,,71020.0
ARE,United Arab Emirates,"Middle East, North Africa, Afghanistan & Pakistan",1998,57355.8965054096,3040421,,8.62972120984848,12.5278825303178,6.91,73.66,,71020.0
ARE,United Arab Emirates,"Middle East, North Africa, Afghanistan & Pakistan",1999,54943.770569469,3266009,,7.6695379976034,14.8547635599251,14.9,74.982,,71020.0
ARE,United Arab Emirates,"Middle East, North Africa, Afghanistan & Pakistan",2000,56939.3600767998,3493575,,8.3237222448449,22.3844177151254,23.6253008751553,76.347,,71020.0
ARE,United Arab Emirates,"Middle East, North Africa, Afghanistan & Pakistan",2001,54169.4135701565,3723590,89.8645875613427,5.61210552340521,17.5963966616315,26.2717542010006,77.621,,71020.0
ARE,United Arab Emirates,"Middle East, North Africa, Afghanistan & Pakistan",2002,52216.8318338175,3956826,93.0717523974279,4.87553180534483,16.2376283737788,28.3164853110439,78.721,,71020.0
ARE,United Arab Emirates,"Middle East, North Africa, Afghanistan & Pakistan",2003,53619.1662875958,4192457,102.300072318295,4.69230626722928,19.2061128677808,29.4779534120864,79.6,,71020.0
ARE,United Arab Emirates,"Middle East, North Africa, Afghanistan & Pakistan",2004,55611.4376344125,4428967,116.622707480689,4.6114776396626,22.2210170035245,30.1312961695367,80.272,,71020.0
ARE,United Arab Emirates,"Middle East, North Africa, Afghanistan & Pakistan",2005,55363.5818196998,4664790,119.55287164912,3.65647067832081,25.3343747676468,40.0,80.779,,71020.0
ARE,United Arab Emirates,"Middle East, North Africa, Afghanistan & Pakistan",2006,56629.9713117545,5009100,119.47067436604,3.22597447304637,27.2052072035567,52.0,81.155,,71020.0
ARE,United Arab Emirates,"Middle East, North Africa, Afghanistan & Pakistan",2007,52038.6229393122,5624635,136.798144727699,3.28052136989454,24.9372063571947,61.0,81.438,,71020.0
ARE,United Arab Emirates,"Middle East, North Africa, Afghanistan & Pakistan",2008,47922.6941430472,6302664,148.513544024487,3.6680226492701,27.7149122716078,63.0,81.591,,71020.0
ARE,United Arab Emirates,"Middle East, North Africa, Afghanistan & Pakistan",2009,42672.1946222627,6707058,153.461944358762,5.45710777311036,19.713461721995,64.0,81.679,,71020.0
ARE,United Arab Emirates,"Middle East, North Africa, Afghanistan & Pakistan",2010,42328.84668186,6869838,135.485740301669,6.03859220826788,23.7768704858008,68.0,81.886,,71020.0
ARE,United Arab Emirates,"Middle East, North Africa, Afghanistan & Pakistan",2011,43687.7919424546,7104538,144.176829734392,5.46631452753061,29.7789568323524,78.0,81.898,,71020.0
ARE,United Arab Emirates,"Middle East, North Africa, Afghanistan & Pakistan",2012,43958.5779670713,7391448,156.637656972961,5.07555649376756,28.2144669709365,84.9999915049492,81.913,,71020.0
ARE,United Arab Emirates,"Middle East, North Africa, Afghanistan & Pakistan",2013,44312.6320463505,7693031,157.398122639247,6.03468625064444,27.3813114030779,88.0,81.95,,71020.0
ARE,United Arab Emirates,"Middle East, North Africa, Afghanistan & Pakistan",2014,44257.6652085451,8059440,159.515630313713,5.64365135247024,23.9739257701595,90.4000107121939,81.99,,71020.0
ARE,United Arab Emirates,"Middle East, North Africa, Afghanistan & Pakistan",2015,44910.3458860776,8505237,164.286142899252,,14.0468089597238,90.5,82.076,,71020.0
ARE,United Arab Emirates,"Middle East, North Africa, Afghanistan & Pakistan",2016,45168.4955973912,8935095,165.394966240337,,11.8055195768229,90.6000073180483,82.195,,71020.0
ARE,United Arab Emirates,"Middle East, North Africa, Afghanistan & Pakistan",2017,43293.0202360765,9223225,165.476523652994,,14.3278424370326,94.8199225383446,82.388,,71020.0
ARE,United Arab Emirates,"Middle East, North Africa, Afghanistan & Pakistan",2018,43377.802601486,9346701,154.747042166299,,18.1866824883602,98.4500017817194,82.449,,71020.0
ARE,United Arab Emirates,"Middle East, North Africa, Afghanistan & Pakistan",2019,43468.4534705013,9445785,163.822149025614,,16.8958990035406,99.1499979561243,82.596,,71020.0
ARE,United Arab Emirates,"Middle East, North Africa, Afghanistan & Pakistan",2020,39878.4663896389,9401038,181.291940227998,,11.9722335248016,100.0,81.936,,71020.0
ARE,United Arab Emirates,"Middle East, North Africa, Afghanistan & Pakistan",2021,40935.8915482084,9575152,182.909401076776,,17.634095847399,100.0,79.083,,71020.0
ARG,Argentina,Latin America & Caribbean ,1995,9934.10776139515,35070020,19.7714230903755,1.47307310721151,1.29807343639538,0.0863,72.864,0.0584852786713887,2736690.0
ARG,Argentina,Latin America & Caribbean ,1996,10352.1400002191,35513793,21.5064684057215,1.24122726437626,1.59598410207505,0.142,73.056,0.0459182667317131,2736690.0
ARG,Argentina,Latin America & Caribbean ,1997,11056.6881331002,35947791,23.3361788437439,1.14013911131295,1.42473252510187,0.28,73.407,0.0346273643589562,2736690.0
ARG,Argentina,Latin America & Caribbean ,1998,11348.2022124673,36372860,23.3500279730689,1.13631802186333,0.821860211536179,0.831,73.412,0.0253686417526171,2736690.0
ARG,Argentina,Latin America & Caribbean ,1999,10838.3199346387,36794682,21.3827449624898,1.22035954754993,1.4005641030747,3.28,73.683,0.0298420374918552,2736690.0
ARG,Argentina,Latin America & Caribbean ,2000,10631.6503639029,37213984,22.6224447777343,1.14882267666887,2.36414526373118,7.0386830862178,73.91,0.0269487841590086,2736690.0
ARG,Argentina,Latin America & Caribbean ,2001,10051.9448463043,37624825,21.8522554515453,1.18423354187058,1.91854085449722,9.78080728532407,74.154,0.0604036636478134,2736690.0
ARG,Argentina,Latin America & Caribbean ,2002,8861.56199282278,38029349,41.7527243585642,1.09188047859748,5.63090239331634,10.8821243775325,74.312,0.106711895768803,2736690.0
ARG,Argentina,Latin America & Caribbean ,2003,9545.53194119994,38424282,40.6447480311085,1.06089505704838,4.54405237920157,11.9136965509954,74.307,0.096132888623896,2736690.0
ARG,Argentina,Latin America & Caribbean ,2004,10302.4465316428,38815916,40.692646108947,0.883295358833529,4.29522015828479,16.0366841054923,74.871,0.0665053348932013,2736690.0
ARG,Argentina,Latin America & Caribbean ,2005,11099.7509190602,39216789,40.5512709706238,0.847154783885961,5.18727382834912,17.7205833696065,75.231,0.0532865186608911,2736690.0
ARG,Argentina,Latin America & Caribbean ,2006,11870.2791559298,39622115,40.4334798719151,0.788233877461469,5.77560944191323,20.9272021035896,75.279,0.0507828714146648,2736690.0
ARG,Argentina,Latin America & Caribbean ,2007,12811.9021206578,40016763,40.945170618571,0.792548175031362,4.83861569507875,25.9466329403819,74.783,0.0322258553950035,2736690.0
ARG,Argentina,Latin America & Caribbean ,2008,13197.3570267029,40424148,40.4026733790382,0.762756475390461,4.94937994883837,28.1126234799907,75.428,0.0354544251551532,2736690.0
ARG,Argentina,Latin America & Caribbean ,2009,12285.3784651865,40854831,34.0571269054879,0.886508576686385,3.09834695426024,34.0,75.577,0.0359516342689167,2736690.0
ARG,Argentina,Latin America & Caribbean ,2010,13387.1553748458,41288694,34.9710132635696,0.814878118220695,3.25709519384359,45.0,75.68,0.0301325201295728,2736690.0
ARG,Argentina,Latin America & Caribbean ,2011,14040.6189124444,41730660,35.2061549999644,0.764287095310235,3.88650404225898,51.0,76.1,0.0188452798551348,2736690.0
ARG,Argentina,Latin America & Caribbean ,2012,13754.4254235596,42161721,30.5265423717108,0.784824735364742,3.62564790864033,55.79999924,75.802,0.0333469336246936,2736690.0
ARG,Argentina,Latin America & Caribbean ,2013,13946.0950832252,42582455,29.3339290021037,0.83773642721392,3.15558730477948,59.90000153,75.829,0.0064286759645751,2736690.0
ARG,Argentina,Latin America & Caribbean ,2014,13456.1319159151,43024071,28.4067936452275,0.878100924236765,2.96561619466374,64.69999695,76.268,0.0094647508758872,2736690.0
ARG,Argentina,Latin America & Caribbean ,2015,13679.6264980954,43477012,22.4862260889792,0.850128597463815,1.11677493458146,68.0430641088122,76.6,-0.0032332020535361,2736690.0
ARG,Argentina,Latin America & Caribbean ,2016,13265.8860639123,43900313,26.0938878488799,0.809245362717563,0.929681521135013,70.9689808206024,76.105,0.0004804502733249,2736690.0
ARG,Argentina,Latin America & Caribbean ,2017,13520.1129846159,44288894,25.2896011376779,0.84775481125944,1.02056616793198,74.2949068657957,76.543,-0.0001858635476094,2736690.0
ARG,Argentina,Latin America & Caribbean ,2018,13058.3285449954,44654882,30.7625359549926,0.732300347538541,2.0371251352841,77.7,76.77,0.0144682760468869,2736690.0
ARG,Argentina,Latin America & Caribbean ,2019,12706.3978108968,44973465,32.6306150458499,0.699696134379197,2.16668838721926,79.9469520347551,76.847,0.0022073884135685,2736690.0
ARG,Argentina,Latin America & Caribbean ,2020,11393.0505957877,45191965,30.203698807416,0.734111593948744,1.42962432529499,85.51438646,75.878,0.027462315909924,2736690.0
ARG,Argentina,Latin America & Caribbean ,2021,12549.2811699342,45312281,33.078689567466,0.631788619254705,2.65308888983975,87.15070683,73.948,0.0328356375784381,2736690.0
ARM,Armenia,Europe & Central Asia,1995,932.357829471807,3307581,86.1148570667578,4.05931190833614,0.587001273396887,0.0527,68.628487804878,14.4383255290038,28470.0
ARM,Armenia,Europe & Central Asia,1996,995.728275319872,3278735,79.2295601199241,3.28186700423013,0.315447039873551,0.0946,69.0061219512195,17.8033051086014,28470.0
ARM,Armenia,Europe & Central Asia,1997,1039.0798243009,3246289,78.5477450545048,3.90939855980585,0.325824776941614,0.112,69.3938292682927,9.57420409982991,28470.0
ARM,Armenia,Europe & Central Asia,1998,1128.09888845227,3208401,71.8424518815414,3.52809600318196,0.114669585263612,0.129,69.7993414634146,9.94899408519803,28470.0
ARM,Armenia,Europe & Central Asia,1999,1180.45341995952,3167286,70.5604791440404,3.69737423084246,0.177492136329341,0.971,70.1989512195122,11.0099995205478,28470.0
ARM,Armenia,Europe & Central Asia,2000,1229.21510436102,3221100,72.2333302273367,3.56002487253697,0.293454324735587,1.30047002237784,72.8804878048781,10.9559026794242,28470.0
ARM,Armenia,Europe & Central Asia,2001,1351.12072694555,3211800,69.8642663925336,3.12724938530975,0.299938081907512,1.63109466677715,72.9756097560976,9.69130167243431,28470.0
ARM,Armenia,Europe & Central Asia,2002,1535.20452885187,3199800,73.9845018432309,2.69771474886414,0.591149484619269,1.9604050458212,72.8268292682927,12.0070218012048,28470.0
ARM,Armenia,Europe & Central Asia,2003,1759.64684829386,3182500,80.0513676022426,2.72837221377968,0.0332345972061296,4.57521722477781,72.8268292682927,8.63473959122256,28470.0
ARM,Armenia,Europe & Central Asia,2004,1955.22262459229,3164900,73.0706339919371,2.74199670493715,0.0217229048828517,4.8990085713054,73.0268292682927,6.87581619431207,28470.0
ARM,Armenia,Europe & Central Asia,2005,2240.09273209788,3146400,70.1397385835334,2.87193136291811,0.0102574769913297,5.252999783,73.0756097560976,3.38032644258001,28470.0
ARM,Armenia,Europe & Central Asia,2006,2551.43546358452,3127100,61.0301379818566,2.94761315625864,0.0158025574327042,5.631800175,72.8243902439025,3.22121044712759,28470.0
ARM,Armenia,Europe & Central Asia,2007,2919.3734936373,3107400,56.9750470853147,3.04257470127966,0.0092959782134746,6.021299839,72.8731707317073,3.62644251041868,28470.0
ARM,Armenia,Europe & Central Asia,2008,3141.33193500774,3087100,54.5423279613666,3.39557936270657,0.21347522521498,6.21,73.0731707317073,2.39633814833331,28470.0
ARM,Armenia,Europe & Central Asia,2009,2716.97436280471,3066000,57.2742357441995,4.15704990783508,0.374259981258235,15.30000019,73.0731707317073,4.50325685501876,28470.0
ARM,Armenia,Europe & Central Asia,2010,2796.08143428043,3044800,64.642975973633,4.26564605593771,2.65466288053785,25.0,73.1731707317073,3.05580041901491,28470.0
ARM,Armenia,Europe & Central Asia,2011,2943.83687119315,3027900,69.4355736620453,3.85394644115574,2.92345860143158,32.0,73.8170731707317,3.58012817623187,28470.0
ARM,Armenia,Europe & Central Asia,2012,3159.75860786889,3024100,75.9616759606704,3.58376691873744,1.49013408946162,37.5,74.119512195122,2.45016533654051,28470.0
ARM,Armenia,Europe & Central Asia,2013,3266.29882999873,3022000,77.5550481598824,3.99724455730484,1.09715390175807,41.9,74.6219512195122,2.37513809904845,28470.0
ARM,Armenia,Europe & Central Asia,2014,3393.09252326884,3013800,75.778866962639,3.94337826474581,0.306948916876512,54.6228058583362,74.8731707317073,2.20437521362723,28470.0
ARM,Armenia,Europe & Central Asia,2015,3512.39350276709,3004600,71.6820743427575,4.23922578573229,0.760031512473456,59.1008337674937,74.8707317073171,3.16412745673603,28470.0
ARM,Armenia,Europe & Central Asia,2016,3533.88503607007,2992300,76.0779674593548,4.09034921699325,0.22181770783942,64.3460297653742,74.8682926829268,3.02500971938042,28470.0
ARM,Armenia,Europe & Central Asia,2017,3815.3747426037,2979400,87.202376539837,3.84973057654684,0.245815847777951,64.7448843250726,75.2170731707317,2.15824828245592,28470.0
ARM,Armenia,Europe & Central Asia,2018,4027.83393010979,2969000,92.473107021212,4.11988615256896,1.09866113638474,68.2450522610271,75.619512195122,1.12034368334217,28470.0
ARM,Armenia,Europe & Central Asia,2019,4343.45839583019,2962500,97.847004865327,4.78770584078564,2.20100166948291,66.5439496866159,76.2219512195122,3.02896228940636,28470.0
ARM,Armenia,Europe & Central Asia,2020,4032.09043454955,2961500,70.1213571368789,4.98254372367497,2.42190551071811,76.50770055,73.3756097560976,1.0256828433517,28197.41
ARM,Armenia,Europe & Central Asia,2021,4264.79961505187,2962300,79.2489057647112,4.46514475903396,7.05429982361028,78.61225758,72.2780487804878,1.20768322298368,28197.09
ASM,American Samoa,East Asia & Pacific,1995,,52316,,,,,71.565,,200.0
ASM,American Samoa,East Asia & Pacific,1996,,53353,,,,,71.576,,200.0
ASM,American Samoa,East Asia & Pacific,1997,,54362,,,,,71.606,,200.0
ASM,American Samoa,East Asia & Pacific,1998,,55334,,,,,71.542,,200.0
ASM,American Samoa,East Asia & Pacific,1999,,56248,,,,,71.484,,200.0
ASM,American Samoa,East Asia & Pacific,2000,,56855,,,,,71.443,,200.0
ASM,American Samoa,East Asia & Pacific,2001,,57053,,,,,71.573,,200.0
ASM,American Samoa,East Asia & Pacific,2002,13054.6364326897,57062,210.9375,,0.0,,71.755,,200.0
ASM,American Samoa,East Asia & Pacific,2003,13201.7347516166,56971,207.442748091603,,0.0,,71.698,,200.0
ASM,American Samoa,East Asia & Pacific,2004,13291.5356626851,56818,202.357563850688,,0.0,,72.277,,200.0
ASM,American Samoa,East Asia & Pacific,2005,13284.2791128875,56617,223.2,,0.0,,72.382,,200.0
ASM,American Samoa,East Asia & Pacific,2006,12794.7565021718,56374,229.817444219067,,0.0,,72.397,,200.0
ASM,American Samoa,East Asia & Pacific,2007,13092.3111393408,56113,218.146718146718,,0.0,,72.365,,200.0
ASM,American Samoa,East Asia & Pacific,2008,12809.4633079683,55828,249.821428571429,,0.0,,72.43,,200.0
ASM,American Samoa,East Asia & Pacific,2009,12342.0575384016,55528,161.333333333333,,0.0,,70.839,,200.0
ASM,American Samoa,East Asia & Pacific,2010,12446.3086265015,55228,157.940663176265,,0.0,,72.587,,200.0
ASM,American Samoa,East Asia & Pacific,2011,12521.8095058644,54895,157.543859649123,,0.0,,72.662,,200.0
ASM,American Samoa,East Asia & Pacific,2012,12068.2667374983,54489,176.40625,,0.0,,72.709,,200.0
ASM,American Samoa,East Asia & Pacific,2013,11871.7937192729,54006,173.824451410658,,0.0,,72.769,,200.0
ASM,American Samoa,East Asia & Pacific,2014,12203.0894714284,53466,174.805598755832,,0.0,,72.687,,200.0
ASM,American Samoa,East Asia & Pacific,2015,12727.4102651386,52878,162.407132243685,,0.0,,72.654,,200.0
ASM,American Samoa,East Asia & Pacific,2016,12665.2829921268,52245,159.165424739195,,0.0,,72.64,,200.0
ASM,American Samoa,East Asia & Pacific,2017,11930.7771236826,51586,161.437908496732,,0.0,,72.801,,200.0
ASM,American Samoa,East Asia & Pacific,2018,12412.6024074562,50908,171.830985915493,,0.0,,72.794,,200.0
ASM,American Samoa,East Asia & Pacific,2019,12524.0160252283,50209,156.568778979907,,0.0,,72.751,,200.0
ASM,American Samoa,East Asia & Pacific,2020,13194.274740128,49761,154.368932038835,,0.0,,72.672,,200.0
ASM,American Samoa,East Asia & Pacific,2021,13233.5784817341,49225,136.8,,0.0,,72.708,,200.0
ATG,Antigua and Barbuda,Latin America & Caribbean ,1995,13519.5287711166,68189,,,0.0,2.2,73.576,0.38527300062242,440.0
ATG,Antigua and Barbuda,Latin America & Caribbean ,1996,14117.8679127333,69612,,,0.0,2.86,73.839,0.592719891258644,440.0
ATG,Antigua and Barbuda,Latin America & Caribbean ,1997,14588.3079841576,71053,,,0.0,3.48,74.045,0.610211488237457,440.0
ATG,Antigua and Barbuda,Latin America & Caribbean ,1998,14991.7802610684,72412,,,0.0,4.07,74.187,1.29823002895859,440.0
ATG,Antigua and Barbuda,Latin America & Caribbean ,1999,15282.9733985907,73666,,,0.0,5.3,74.456,1.33483277099415,440.0
ATG,Antigua and Barbuda,Latin America & Caribbean ,2000,15961.0918359058,74912,,,0.0,6.48222573702907,74.819,1.15376629048743,440.0
ATG,Antigua and Barbuda,Latin America & Caribbean ,2001,15003.4389169034,76069,,,0.0,8.89928551450583,75.108,1.03858262192242,440.0
ATG,Antigua and Barbuda,Latin America & Caribbean ,2002,14968.0703013883,77032,,,0.0,12.5,75.237,1.59318899054564,440.0
ATG,Antigua and Barbuda,Latin America & Caribbean ,2003,15703.9347145491,77884,,,0.0,17.2286487816884,75.313,0.629163302646816,440.0
ATG,Antigua and Barbuda,Latin America & Caribbean ,2004,16433.4130541483,78719,,,0.0,24.2665437161785,75.329,0.196010005239846,440.0
ATG,Antigua and Barbuda,Latin America & Caribbean ,2005,17301.2134317518,79611,,,0.0,27.0,75.364,0.739948697886635,440.0
ATG,Antigua and Barbuda,Latin America & Caribbean ,2006,19259.6486517907,80604,,,0.0,30.0,75.506,0.264426089167738,440.0
ATG,Antigua and Barbuda,Latin America & Caribbean ,2007,20770.2689732844,81704,,,0.0,34.0,75.72,0.352597214965867,440.0
ATG,Antigua and Barbuda,Latin America & Caribbean ,2008,20464.786306605,82912,,,0.0,38.0,76.075,0.408682080288584,440.0
ATG,Antigua and Barbuda,Latin America & Caribbean ,2009,17746.700856041,84173,,,0.0,42.0,76.386,0.323035395057816,440.0
ATG,Antigua and Barbuda,Latin America & Caribbean ,2010,16135.397384487,85320,,,0.0,47.0,76.701,1.54863284316397,440.0
ATG,Antigua and Barbuda,Latin America & Caribbean ,2011,15633.9091131821,86332,,,0.0,52.0,77.023,1.26691234890248,440.0
ATG,Antigua and Barbuda,Latin America & Caribbean ,2012,15989.3900199779,87260,,,0.0,58.0,77.1,0.163292591926087,440.0
ATG,Antigua and Barbuda,Latin America & Caribbean ,2013,15748.1952024226,88064,,,0.0,63.40000153,77.05,0.126795851273497,440.0
ATG,Antigua and Barbuda,Latin America & Caribbean ,2014,15967.284996712,88765,141.546161057996,,0.0,67.77999878,76.912,0.193755863513855,440.0
ATG,Antigua and Barbuda,Latin America & Caribbean ,2015,16077.6340769406,89409,130.071549851721,,0.0,70.0,76.892,0.110324257949268,440.0
ATG,Antigua and Barbuda,Latin America & Caribbean ,2016,16635.895232831,89969,132.025917905085,,0.0,70.27159882,76.968,0.0131633381548326,440.0
ATG,Antigua and Barbuda,Latin America & Caribbean ,2017,16992.9327495236,90468,127.664323582144,,0.0,70.54419708,77.03,0.706241993155292,440.0
ATG,Antigua and Barbuda,Latin America & Caribbean ,2018,18042.1596435727,90926,130.655152659419,,0.0,70.81790161,77.132,1.1106876858296,440.0
ATG,Antigua and Barbuda,Latin America & Caribbean ,2019,18525.2588907167,91364,137.537783631991,,0.0,71.09259796,77.168,1.65904957770595,440.0
ATG,Antigua and Barbuda,Latin America & Caribbean ,2020,14950.8942397208,91846,94.289529886499,,0.0,71.36840057,77.161,1.83663530345881,440.0
ATG,Antigua and Barbuda,Latin America & Caribbean ,2021,16084.7214406048,92349,101.074960584779,,0.0,71.64530182,77.197,0.396401756074544,440.0
AUS,Australia,East Asia & Pacific,1995,39407.5647528439,18004882,37.646874037201,2.01963487798019,2.12157930837785,2.76,77.8292682926829,,7682300.0
AUS,Australia,East Asia & Pacific,1996,40437.0941864857,18224767,38.1740208800895,1.92972572930819,2.05152656701842,3.28,78.0780487804878,,7682300.0
AUS,Australia,East Asia & Pacific,1997,41569.1653679391,18423037,37.9217014956962,1.86485958622229,1.81825103668089,16.4,78.4804878048781,,7682300.0
AUS,Australia,East Asia & Pacific,1998,43081.7201718179,18607584,39.9240664596368,1.86888717465027,1.91521341585692,30.8,78.6317073170732,,7682300.0
AUS,Australia,East Asia & Pacific,1999,44755.6599721318,18812264,38.9602467102359,1.88736164284382,1.83701904196737,40.8,78.9317073170732,,7682300.0
AUS,Australia,East Asia & Pacific,2000,45979.0765654048,19028802,40.8631257691954,1.8244056794188,2.73432633187857,46.7561156116738,79.2341463414634,,7682300.0
AUS,Australia,East Asia & Pacific,2001,46314.6235297968,19274701,44.1337313971929,1.86297632956383,3.26407566374002,52.6892664310395,79.6341463414634,,7682300.0
AUS,Australia,East Asia & Pacific,2002,47599.4079289312,19495210,41.3813128146921,1.86803152019821,2.91246931710995,,79.9365853658537,,7682300.0
AUS,Australia,East Asia & Pacific,2003,48509.6632180363,19720737,40.1348011794482,1.84253577993579,2.4632460832839,,80.2390243902439,,7682300.0
AUS,Australia,East Asia & Pacific,2004,50018.5904483861,19932722,36.9505159618289,1.82208057125111,3.14042166653573,,80.490243902439,,7682300.0
AUS,Australia,East Asia & Pacific,2005,50972.640519744,20176844,39.0978822564811,1.79628773763805,4.34493817515352,63.0,80.8414634146341,,7682300.0
AUS,Australia,East Asia & Pacific,2006,51682.8925230537,20450966,41.4878923489153,1.8177309027711,5.29178471306579,66.0,81.0414634146342,,7682300.0
AUS,Australia,East Asia & Pacific,2007,52671.325846724,20827622,41.9297451276561,1.81127596229823,6.51438107527135,69.45,81.2926829268293,,7682300.0
AUS,Australia,East Asia & Pacific,2008,53497.275355342,21249199,42.7522207880308,1.79619704962465,8.52641938176426,71.67,81.3951219512195,,7682300.0
AUS,Australia,East Asia & Pacific,2009,53430.5274781651,21691653,45.5936120867789,1.92365517034008,4.96777338406714,74.25,81.5439024390244,,7682300.0
AUS,Australia,East Asia & Pacific,2010,53768.349733441,22031750,40.3905070860606,1.85259869583961,8.06660025617252,76.0,81.6951219512195,,7682300.0
AUS,Australia,East Asia & Pacific,2011,54296.2321324814,22340024,41.7219860149689,1.75526613878209,8.72352035944917,79.4876977139029,81.8951219512195,,7682300.0
AUS,Australia,East Asia & Pacific,2012,55465.4462872577,22733465,43.0198495527558,1.67028165223311,5.29813880381044,79.0,82.0463414634146,,7682300.0
AUS,Australia,East Asia & Pacific,2013,55966.1509270561,23128129,41.100511881056,1.63819651223089,5.32011574075874,83.453497167,82.1487804878049,,7682300.0
AUS,Australia,East Asia & Pacific,2014,56571.8062524437,23475686,42.2993095385282,1.77241725032578,4.76093943711509,84.0,82.3,,7682300.0
AUS,Australia,East Asia & Pacific,2015,56970.3613028094,23815995,41.4947506939901,1.95232628501993,3.23765474517452,84.5605149091408,82.4,,7682300.0
AUS,Australia,East Asia & Pacific,2016,57632.9995925594,24190907,40.813402217321,2.0896214779767,4.08098789525561,86.54000092,82.4487804878049,,7692020.0
AUS,Australia,East Asia & Pacific,2017,57991.771347333,24592588,42.0354135251854,2.00509517581937,5.06804774011339,86.5450488476768,82.5,,7692020.0
AUS,Australia,East Asia & Pacific,2018,58772.7063152213,24963258,43.5732253645218,1.89562007676709,5.22752063881788,90.0082016,82.7487804878049,,7692020.0
AUS,Australia,East Asia & Pacific,2019,59181.2997904131,25334826,46.0016827052171,1.88000240626833,5.74886126457436,93.60990143,82.9,,7692020.0
AUS,Australia,East Asia & Pacific,2020,58377.7670517802,25649248,44.499564103879,2.00738622102391,6.09315865556076,94.6934967,83.2,,7692020.0
AUS,Australia,East Asia & Pacific,2021,59465.535671364,25685412,40.2022359390595,1.97847691589702,13.3578752832739,96.97219849,83.3,,7692020.0
AUT,Austria,Europe & Central Asia,1995,33603.4278263558,7948278,68.5250057529972,1.07323205206951,0.122347060341747,1.89,76.6682926829268,,82520.0
AUT,Austria,Europe & Central Asia,1996,34301.6562151382,7959017,70.4693162982812,1.04968297742271,0.143216446581989,6.91,76.8707317073171,,82520.0
AUT,Austria,Europe & Central Asia,1997,34998.0321173934,7968041,75.2444760305554,1.04643398189713,0.133085932441782,9.53,77.319512195122,,82520.0
AUT,Austria,Europe & Central Asia,1998,36180.7490571265,7976789,77.3495216604118,1.01807286299799,0.0922215792820081,15.4,77.6707317073171,,82520.0
AUT,Austria,Europe & Central Asia,1999,37468.8698869794,7992324,78.5629329772961,0.980246123382213,0.0993842741345378,23.0,77.8756097560976,,82520.0
AUT,Austria,Europe & Central Asia,2000,38571.0858780001,8011566,85.8426077336549,0.983960897278692,0.154666489550113,33.7301329516915,78.1268292682927,,82520.0
AUT,Austria,Europe & Central Asia,2001,38929.753800545,8042293,87.9962567186047,0.911232125098393,0.159532033834928,39.1854501811114,78.5756097560976,,82520.0
AUT,Austria,Europe & Central Asia,2002,39313.7225107545,8081957,87.5844937054619,0.888297333812562,0.158690317496488,36.56,78.6780487804878,,82520.0
AUT,Austria,Europe & Central Asia,2003,39569.2885567329,8121423,86.8822263228608,0.915451921068386,0.151822926462491,42.7,78.6317073170732,,82520.0
AUT,Austria,Europe & Central Asia,2004,40333.3307183894,8171966,91.4742201880009,0.897058496971847,0.131901261003047,54.28,79.1804878048781,,82520.0
AUT,Austria,Europe & Central Asia,2005,40989.0131778975,8227829,94.6747547827805,0.855937301571622,0.146449379074254,58.0,79.3317073170732,,82520.0
AUT,Austria,Europe & Central Asia,2006,42120.1557002022,8268641,98.7857253161241,0.791400408855326,0.186311361086543,63.6,79.8804878048781,,82520.0
AUT,Austria,Europe & Central Asia,2007,43568.8302243941,8295487,101.36495843546,0.906103987717548,0.208437154382889,69.37,80.1804878048781,,82520.0
AUT,Austria,Europe & Central Asia,2008,44063.8642019916,8321496,102.7437043613,0.876420517647602,0.258181874700959,72.87,80.4317073170732,,82520.0
AUT,Austria,Europe & Central Asia,2009,42372.4758254763,8343323,87.6004931021953,0.838531947457704,0.167599741014842,73.45,80.3317073170732,,82520.0
AUT,Austria,Europe & Central Asia,2010,43035.4073531933,8363404,99.6448825546716,0.826388366920392,0.216291377827594,75.17,80.5804878048781,,82520.0
AUT,Austria,Europe & Central Asia,2011,44146.1956805294,8391643,105.775098372378,0.795931958980622,0.244690493569111,78.7399930986888,80.9829268292683,,82520.0
AUT,Austria,Europe & Central Asia,2012,44221.4599530893,8429991,105.840791389706,0.783538525853244,0.238508218256069,80.0299939169903,80.9365853658537,,82520.0
AUT,Austria,Europe & Central Asia,2013,43851.3675497404,8479823,104.985374015367,0.757180192579996,0.218675365631407,80.6188,81.1365853658537,,82520.0
AUT,Austria,Europe & Central Asia,2014,43838.8345892137,8546356,104.49673998926,0.75464957585912,0.191846540562628,80.9958249574764,81.490243902439,,82520.0
AUT,Austria,Europe & Central Asia,2015,43915.228020857,8642699,103.11758174626,0.702576919833039,0.134711076032329,83.9401419315026,81.190243902439,,82520.0
AUT,Austria,Europe & Central Asia,2016,44362.6702805116,8736668,101.573494597172,0.73372291194157,0.111042441021613,84.3237425711653,81.6414634146342,,82520.0
AUT,Austria,Europe & Central Asia,2017,45056.6385912412,8797566,105.556066755438,0.761540652203723,0.121957004315667,87.9355865856062,81.6439024390244,,82520.0
AUT,Austria,Europe & Central Asia,2018,45951.5819164034,8840521,108.377969971828,0.748993468286285,0.140755073164382,87.4791372262556,81.6926829268293,,82520.0
AUT,Austria,Europe & Central Asia,2019,46550.5622459492,8879920,108.207284904426,0.753133437614439,0.110022913288221,87.7522047870069,81.8951219512195,,82520.0
AUT,Austria,Europe & Central Asia,2020,43428.6983137234,8916864,99.9482141095975,0.885811629497475,0.07085049948111,87.52942813,81.1926829268293,,82520.0
AUT,Austria,Europe & Central Asia,2021,45368.6434337368,8955797,111.032932124165,0.873515488270759,0.117855774382781,92.52915104,81.190243902439,,82520.0
AZE,Azerbaijan,Europe & Central Asia,1995,1120.30867792344,7684850,85.8937107507733,2.73690130284,26.0039043047449,0.00206,61.931,4.95301514589485,83217.0
AZE,Azerbaijan,Europe & Central Asia,1996,1123.44793844504,7763000,80.8497401741931,2.25423034135488,26.0389631948694,0.00635,62.66,3.04231583679146,83217.0
AZE,Azerbaijan,Europe & Central Asia,1997,1177.19685990232,7838250,82.0789665326283,2.32404979925782,18.4331495362395,0.0252,62.953,4.65597024925472,83217.0
AZE,Azerbaijan,Europe & Central Asia,1998,1282.68413749503,7913000,77.2278091030634,2.41235591259715,5.26124571558297,0.0375,63.75,2.69771316519922,83092.0
AZE,Azerbaijan,Europe & Central Asia,1999,1365.56585147028,7982750,69.8259648751026,2.62510993144516,17.3919391279831,0.0992,64.733,3.58630686214658,82705.0
AZE,Azerbaijan,Europe & Central Asia,2000,1504.73106706035,8048600,78.5485682796041,2.26786206311863,35.0771900902615,0.147757575623251,65.377,2.71550000335703,82605.0
AZE,Azerbaijan,Europe & Central Asia,2001,1640.93664540398,8111200,78.8151854917601,2.31206260817217,27.9091787893391,0.305564637615618,66.043,4.15090168513833,82604.0
AZE,Azerbaijan,Europe & Central Asia,2002,1782.47319183639,8171950,92.8181443298969,2.24331377031766,25.8803395854058,4.99971367812957,66.769,5.80609724559508,82618.0
AZE,Azerbaijan,Europe & Central Asia,2003,1949.60608417331,8234100,107.551948506262,2.4263625550969,26.088568051437,,67.036,4.29964520429106,82652.0
AZE,Azerbaijan,Europe & Central Asia,2004,2111.4533834475,8306500,121.507115894117,2.62948113760521,28.7444372660525,,67.488,2.15293945086171,82672.0
AZE,Azerbaijan,Europe & Central Asia,2005,2674.3688564996,8391850,115.841884607706,2.29906967458575,38.5912506202751,8.030400276,67.71,1.7929866483772,82660.0
AZE,Azerbaijan,Europe & Central Asia,2006,3556.83212858133,8484550,105.262399846369,3.41775933255807,41.4702603073283,11.9921999,68.489,1.10370040263951,82637.0
AZE,Azerbaijan,Europe & Central Asia,2007,4412.20326117932,8581300,96.6418081486575,2.86419491898944,39.1423596411944,14.53999996,68.659,0.755886013586347,82629.0
AZE,Azerbaijan,Europe & Central Asia,2008,4778.12452736673,8763400,89.2428968637573,3.29121114577001,43.040682245059,17.08,69.355,0.513552917553348,82627.0
AZE,Azerbaijan,Europe & Central Asia,2009,5118.43395494687,8947243,74.7440416836369,3.32542168167072,29.639296394547,27.4,69.874,0.530378885936122,82622.0
AZE,Azerbaijan,Europe & Central Asia,2010,5300.11048729062,9054332,74.9859884610856,2.79100435652891,27.8844974121657,46.0,70.309,0.244023590372257,82656.0
AZE,Azerbaijan,Europe & Central Asia,2011,5149.20665913206,9173082,80.5080450059522,4.67013555547022,32.878647863762,50.0,70.565,0.468375982926778,82658.0
AZE,Azerbaijan,Europe & Central Asia,2012,5193.17501119552,9295784,78.263069540422,4.65861825196324,29.0119697503912,54.20000076,71.08,0.436274797981122,82658.0
AZE,Azerbaijan,Europe & Central Asia,2013,5425.99559780578,9416801,74.6758447629851,4.54092330961466,25.5323883349298,73.000001372,71.485,-0.100508351583035,82659.0
AZE,Azerbaijan,Europe & Central Asia,2014,5508.60265612676,9535079,69.4832251953347,4.55501312398224,22.5181229967843,75.0000156363396,71.93,0.296565189147127,82663.0
AZE,Azerbaijan,Europe & Central Asia,2015,5500.50364628486,9649341,72.6015079073189,5.46487679293858,14.4439997922585,77.0,72.349,0.13543104302583,82663.0
AZE,Azerbaijan,Europe & Central Asia,2016,5272.71817141861,9757812,90.0773187345677,3.68852730317814,14.7854023448198,78.2,72.568,0.223179507613401,82670.0
AZE,Azerbaijan,Europe & Central Asia,2017,5229.25259993413,9854033,90.4023156823216,3.75630173249661,19.6746501247433,79.0,72.694,0.314144795057024,82662.0
AZE,Azerbaijan,Europe & Central Asia,2018,5261.92938234432,9939771,91.6725765369825,3.54929331269041,27.6209320144449,79.7999954887896,73.016,0.194911109054397,82654.0
AZE,Azerbaijan,Europe & Central Asia,2019,5346.95318604114,10024283,85.8181454084561,3.8490186357853,23.4349054129318,81.0999990651547,73.29,0.259777881601023,82654.0
AZE,Azerbaijan,Europe & Central Asia,2020,5087.50022783627,10093121,72.0178676487811,5.24152602506817,13.0027347945894,84.59999573,70.312,0.292363118959344,82646.0
AZE,Azerbaijan,Europe & Central Asia,2021,5349.58226071425,10137750,76.286865687015,4.93051740712765,29.9383945565987,85.99998954,70.999,0.0201258472349902,82650.0
BDI,Burundi,Sub-Saharan Africa ,1995,302.701844524604,6066316,,4.20907289936566,24.0289135102954,0.0,44.589,29.0429864754494,25680.0
BDI,Burundi,Sub-Saharan Africa ,1996,278.293479866983,6070506,,5.85688491874941,28.9246630230297,0.000804,44.807,12.9244184199407,25680.0
BDI,Burundi,Sub-Saharan Africa ,1997,273.889548332896,6070042,,6.35965296132281,23.6215639518173,0.00798,45.721,5.87257608240161,25680.0
BDI,Burundi,Sub-Saharan Africa ,1998,281.470892716422,6187108,,6.57227250690963,27.019238377295,0.0158,46.678,7.76423170453557,25680.0
BDI,Burundi,Sub-Saharan Africa ,1999,272.030864788973,6337155,,6.25764365683521,15.4172437381217,0.0392,47.627,9.42591694003264,25680.0
BDI,Burundi,Sub-Saharan Africa ,2000,264.154407180223,6470194,,4.86240221311558,15.0609351884312,0.077248447383456,47.617,10.5456940335888,25680.0
BDI,Burundi,Sub-Saharan Africa ,2001,262.913885774384,6634365,,6.07173715802774,18.812078088637,0.106001245363203,48.509,16.1075962757482,25680.0
BDI,Burundi,Sub-Saharan Africa ,2002,266.968141648342,6824132,,5.44167885941746,24.3014254644156,0.118228412267794,49.924,21.1783205767605,25680.0
BDI,Burundi,Sub-Saharan Africa ,2003,255.500823385612,7043154,,5.53343538949835,40.4921952045604,0.201273196735924,50.997,29.6829462973532,25680.0
BDI,Burundi,Sub-Saharan Africa ,2004,258.050009115333,7310656,,4.90326684339249,30.4545201860965,0.349060461879596,52.217,40.4101604424957,25680.0
BDI,Burundi,Sub-Saharan Africa ,2005,250.878933475935,7587299,,4.43619004108442,26.6807675145409,0.542100012,53.053,33.2546399879048,25680.0
BDI,Burundi,Sub-Saharan Africa ,2006,255.105582251925,7865547,,3.51171845179021,23.9491794618101,0.657599986,53.962,34.1641934601487,25680.0
BDI,Burundi,Sub-Saharan Africa ,2007,254.311725516331,8161874,,3.41459524778307,32.3563567682481,0.7,54.832,37.3656127555239,25680.0
BDI,Burundi,Sub-Saharan Africa ,2008,256.012461554496,8505637,,2.72089052653941,33.0482440437363,0.81,55.581,32.3745646931892,25680.0
BDI,Burundi,Sub-Saharan Africa ,2009,252.582019875886,8947646,,,30.3366575642074,0.899999976,56.422,32.740441816635,25680.0
BDI,Burundi,Sub-Saharan Africa ,2010,253.308577749924,9376444,,,23.8533757417192,1.0,57.088,25.7239616329992,25680.0
BDI,Burundi,Sub-Saharan Africa ,2011,254.242110648215,9717978,,,24.9891589486881,1.110000014,57.804,25.7962559066514,25680.0
BDI,Burundi,Sub-Saharan Africa ,2012,256.180393931874,10071028,,2.5271777075949,17.5501999315408,1.220000029,58.501,22.5847831135912,25680.0
BDI,Burundi,Sub-Saharan Africa ,2013,259.311117203355,10439341,,2.4824131147541,17.7328553188701,1.2642181112,59.179,22.7777730063597,25680.0
BDI,Burundi,Sub-Saharan Africa ,2014,261.296721752002,10799785,,2.29794559090695,17.4547483367972,1.04239212643994,59.764,19.1481107478561,25680.0
BDI,Burundi,Sub-Saharan Africa ,2015,254.402585226788,11047580,,2.13131991459474,15.5344531520944,2.0,60.107,13.0534730074652,25680.0
BDI,Burundi,Sub-Saharan Africa ,2016,258.061970804063,11239451,,2.2431638636818,19.1016499815056,2.200000048,60.789,28.3795315874025,25680.0
BDI,Burundi,Sub-Saharan Africa ,2017,261.725839287239,11506762,,2.00270990259373,18.5076749744059,2.6607485347534,61.345,15.3929569343479,25680.0
BDI,Burundi,Sub-Saharan Africa ,2018,267.508692172687,11859446,,2.14941956621913,13.4317629933204,4.019499779,61.806,15.6667040094948,25680.0
BDI,Burundi,Sub-Saharan Africa ,2019,270.411005710809,12255336,,2.8078168112503,13.1274376353104,6.072199821,62.18,19.5502208771663,25680.0
BDI,Burundi,Sub-Saharan Africa ,2020,263.463876362597,12617036,,2.18591328366483,13.8475521568267,6.430099964,62.569,15.2344107396714,25680.0
BDI,Burundi,Sub-Saharan Africa ,2021,264.682651658422,12965481,,2.04300976329884,13.9570339894077,6.777999878,62.101,17.9498587124145,25680.0
BEL,Belgium,Europe & Central Asia,1995,31508.622663522,10136811,116.378567821327,1.5446405538339,0.0211369817546094,0.992,76.8407317073171,,
BEL,Belgium,Europe & Central Asia,1996,31862.6693868132,10156637,119.212775757383,1.51931684175109,0.0226157229287321,2.97,77.1873170731707,,
BEL,Belgium,Europe & Central Asia,1997,32991.5010116146,10181245,125.68894005618,1.4578661900969,0.0203827842039833,4.94,77.3707317073171,,
BEL,Belgium,Europe & Central Asia,1998,33566.9875919507,10203008,124.709122626318,1.41739581246631,0.0234067095603208,7.89,77.4731707317073,,
BEL,Belgium,Europe & Central Asia,1999,34676.6051555263,10226419,125.169990540949,1.39393068975137,0.0228235273408572,13.8,77.619512195122,,
BEL,Belgium,Europe & Central Asia,2000,35878.3153586195,10251250,142.230135067034,1.35086536826323,0.0246158713800549,29.4316916924341,77.7219512195122,,30333.0
BEL,Belgium,Europe & Central Asia,2001,36148.2880924306,10286570,139.576839834619,1.28352328807131,0.0209970416496101,31.2883955056566,77.9731707317073,,30333.0
BEL,Belgium,Europe & Central Asia,2002,36600.862592332,10332785,136.085149488081,1.22376131677303,0.0236396361540334,46.33,78.0756097560976,,30333.0
BEL,Belgium,Europe & Central Asia,2003,36826.2699296094,10376133,132.715552833888,1.22119401053058,0.0216927905709472,49.97,78.1292682926829,,30333.0
BEL,Belgium,Europe & Central Asia,2004,37976.6972967442,10421137,136.918405348432,1.15659439046667,0.0158636559921044,53.86,78.8780487804878,,30333.0
BEL,Belgium,Europe & Central Asia,2005,38645.2605193362,10478617,144.529050669983,1.09664118158572,0.0157284423744799,55.81999969,78.9804878048781,,30333.0
BEL,Belgium,Europe & Central Asia,2006,39371.0858277448,10547958,149.567509299511,1.05612306878486,0.0192820878224606,61.9818700222023,79.380487804878,,30333.0
BEL,Belgium,Europe & Central Asia,2007,40520.0843207009,10625700,152.468446875303,1.09801876439276,0.0190730940958636,66.7604202433135,79.7829268292683,,30333.0
BEL,Belgium,Europe & Central Asia,2008,40380.9075004042,10709973,161.088447790447,1.22191451658895,0.0183626272056819,68.8573221425131,79.6804878048781,,30333.0
BEL,Belgium,Europe & Central Asia,2009,39293.637546825,10796493,135.13840572229,1.16353003394252,0.0173168270083258,74.5441455527336,80.0341463414634,,30333.0
BEL,Belgium,Europe & Central Asia,2010,39991.5646206286,10895586,150.162563621427,1.09018110220613,0.046971721948549,77.6397855126946,80.1829268292683,,30333.0
BEL,Belgium,Europe & Central Asia,2011,40236.9596308558,11038264,160.765516888126,1.04450113453523,0.0658456068279226,81.6099959955952,80.5853658536585,,30333.0
BEL,Belgium,Europe & Central Asia,2012,40074.492800399,11106932,160.383301425059,1.0370296665755,0.0633726115847057,80.7199905482042,80.3853658536585,,30333.0
BEL,Belgium,Europe & Central Asia,2013,40007.8997891411,11159407,157.573622782434,1.0045200869807,0.0591221259863187,82.1702,80.5878048780488,,30333.0
BEL,Belgium,Europe & Central Asia,2014,40533.9135027898,11209057,158.571610953523,0.966272329768275,0.0681065559752469,85.0012379539925,81.2878048780488,,30333.0
BEL,Belgium,Europe & Central Asia,2015,40893.804537772,11274196,155.068682045926,0.911829965009217,0.0352518039794327,85.0529417508701,80.9926829268293,,30333.0
BEL,Belgium,Europe & Central Asia,2016,41172.8862831209,11331422,159.057696611945,0.898085290562566,0.0303780062977737,86.5164766644457,81.4390243902439,,30333.0
BEL,Belgium,Europe & Central Asia,2017,41619.328629169,11375158,166.904078237791,0.886837200658898,0.0371502006793434,87.6796808175598,81.4926829268293,,30333.0
BEL,Belgium,Europe & Central Asia,2018,42208.3625650272,11427054,168.277692877218,0.892442476666613,0.0484487814693338,88.6473429951691,81.5951219512195,,30493.0
BEL,Belgium,Europe & Central Asia,2019,43006.4042308863,11488980,165.46547893199,0.887004950933882,0.0422427798272169,90.275428012141,81.9951219512195,,30494.0
BEL,Belgium,Europe & Central Asia,2020,40769.0218072962,11538604,156.950121282783,1.00592796693225,0.0284876381171316,91.52641629,80.6951219512195,,30494.0
BEL,Belgium,Europe & Central Asia,2021,43140.9676652971,11586195,177.381912201075,1.04263994220028,0.0448914290094104,92.78867618,81.790243902439,,30494.0
BEN,Benin,Sub-Saharan Africa ,1995,781.0647884601,6226773,63.800140010475,,9.20305097948777,,55.366,13.2005157905376,112760.0
BEN,Benin,Sub-Saharan Africa ,1996,793.7950526962,6391858,56.5177914456367,,8.30238134307419,0.00169,55.648,12.4526199160322,112760.0
BEN,Benin,Sub-Saharan Africa ,1997,814.901395438676,6583365,58.7116296113966,,8.01233326007953,0.0246,55.986,9.87946450545124,112760.0
BEN,Benin,Sub-Saharan Africa ,1998,821.459971433599,6789489,59.5936252981433,,7.52824530561227,0.0479,56.154,8.40530571489006,112760.0
BEN,Benin,Sub-Saharan Africa ,1999,838.976786975768,7002818,54.3917891538957,0.485389230497635,3.14792574635172,0.155,56.336,5.79637455406861,112760.0
BEN,Benin,Sub-Saharan Africa ,2000,861.213292013209,7221619,47.3481515012844,0.412852302408383,3.26095148548745,0.225247851473369,56.594,6.97797735545427,112760.0
BEN,Benin,Sub-Saharan Africa ,2001,879.854463773645,7445596,48.2571706392197,0.357971127306215,3.08482932392509,0.363417890016082,56.654,7.67927896621625,112760.0
BEN,Benin,Sub-Saharan Africa ,2002,893.137100961634,7675426,43.7684225364311,0.622819458209776,3.30280929086919,0.7029455951039,56.851,5.31773720118866,112760.0
BEN,Benin,Sub-Saharan Africa ,2003,896.146763201736,7913070,41.6162305574334,0.647223226808757,4.14024746183491,0.951327114915695,57.092,5.68610740682772,112760.0
BEN,Benin,Sub-Saharan Africa ,2004,907.624431209378,8159094,39.9029743365096,0.676149850432113,3.12542829249992,1.18254096518994,57.346,6.36724756332919,112760.0
BEN,Benin,Sub-Saharan Africa ,2005,893.91536869992,8426144,39.0959311879142,0.680970684993479,3.07234403993019,1.271000028,57.738,5.32957587945041,112760.0
BEN,Benin,Sub-Saharan Africa ,2006,900.62053578735,8693242,39.7746987128551,0.665723323947751,3.0487620934124,1.537899971,57.966,5.71560055100441,112760.0
BEN,Benin,Sub-Saharan Africa ,2007,926.740113754071,8953969,49.1137841529705,,3.6269150463223,1.79,58.249,5.8530070440938,112760.0
BEN,Benin,Sub-Saharan Africa ,2008,943.203380303862,9228466,47.7753592695169,0.663958979626467,3.64875464694908,1.85,58.099,6.51285338821349,112760.0
BEN,Benin,Sub-Saharan Africa ,2009,936.565651071554,9509423,44.7026290629806,,3.7029183280864,2.24,58.258,6.98123644331915,112760.0
BEN,Benin,Sub-Saharan Africa ,2010,928.246655329144,9797484,51.4308599492924,,3.42232994008176,3.13,58.387,6.3396124641852,112760.0
BEN,Benin,Sub-Saharan Africa ,2011,927.716412836707,10093623,47.2170288118403,,3.47893234434337,4.14832306562512,58.462,6.29914271036186,112760.0
BEN,Benin,Sub-Saharan Africa ,2012,943.918771531001,10397657,50.7367367791134,0.702056157787745,3.92162835813785,4.5,58.559,4.58596831613439,112760.0
BEN,Benin,Sub-Saharan Africa ,2013,982.399206290516,10708834,59.2001918331875,0.687239683496254,3.56116585676154,4.900000095,58.863,5.303294190499,112760.0
BEN,Benin,Sub-Saharan Africa ,2014,1014.4330062135,11030004,65.2682749404551,0.700924948797968,3.70461552370497,6.0,59.008,4.53217639304836,112760.0
BEN,Benin,Sub-Saharan Africa ,2015,1002.41886879614,11360681,56.7563131849476,0.798485297889781,4.30030313599698,11.25500011,59.123,3.85632227778055,112760.0
BEN,Benin,Sub-Saharan Africa ,2016,1006.03926633023,11697842,58.9869283378276,0.673596727016815,4.4537224695981,14.5,59.283,4.24972462163382,112760.0
BEN,Benin,Sub-Saharan Africa ,2017,1032.90471194182,12039780,61.4765969588474,0.920613124425981,4.09835325309901,18.7,59.528,5.36703488982652,112760.0
BEN,Benin,Sub-Saharan Africa ,2018,1071.50452156932,12383347,61.7951944903448,0.6328575401476,2.60830727598415,19.0,59.71,4.04494507868339,112760.0
BEN,Benin,Sub-Saharan Africa ,2019,1114.17304526443,12726755,63.68133231423,0.473313905552082,2.46799590195586,20.50099945,59.888,4.14914501333335,112760.0
BEN,Benin,Sub-Saharan Africa ,2020,1126.65404122154,13070169,44.8332333768726,0.458762015150415,2.42798483756811,22.12059975,60.154,6.74972249628457,112760.0
BEN,Benin,Sub-Saharan Africa ,2021,1176.37727637273,13413417,48.0548608324409,0.550883648806243,2.30442028320417,28.20470047,59.61,4.86619485925915,112760.0
BFA,Burkina Faso,Sub-Saharan Africa ,1995,354.841188502861,10386722,40.7474714183407,1.38304269392664,13.843726322489,,49.554,20.6986359091625,273600.0
BFA,Burkina Faso,Sub-Saharan Africa ,1996,383.973583031147,10655942,38.1802977691941,1.28708847039697,12.8265050804085,0.000961,49.693,16.1653362179418,273600.0
BFA,Burkina Faso,Sub-Saharan Africa ,1997,397.838955257373,10934223,37.4164187803511,1.41705504471596,12.7584218450444,0.0187,49.56,15.0937854296688,273600.0
BFA,Burkina Faso,Sub-Saharan Africa ,1998,415.273513470241,11240664,40.9397835752562,1.2763626403725,11.6835551560442,0.0454,50.163,14.2792468199407,273600.0
BFA,Burkina Faso,Sub-Saharan Africa ,1999,433.104727597234,11574928,35.2548157814824,1.23191199892624,4.63222320225907,0.0618,50.463,11.7507482411503,273600.0
BFA,Burkina Faso,Sub-Saharan Africa ,2000,428.309796566198,11925546,35.1229419704263,1.23804638062972,5.33460866542021,0.0770801689426014,50.808,6.06434208361742,273600.0
BFA,Burkina Faso,Sub-Saharan Africa ,2001,442.914122870048,12295001,31.6581708148511,1.1555150239697,4.7678329673339,0.157732464653607,51.188,12.3002139422507,273600.0
BFA,Burkina Faso,Sub-Saharan Africa ,2002,448.128856317091,12680897,31.3125228527966,1.17793497700006,5.7281615453601,0.200992597925001,51.447,12.2704658239201,273600.0
BFA,Burkina Faso,Sub-Saharan Africa ,2003,468.263047790124,13082532,30.3682364077323,1.0730553376671,6.32363457743713,0.373440303233526,51.959,11.541286864822,273600.0
BFA,Burkina Faso,Sub-Saharan Africa ,2004,474.086412333459,13500533,35.4809436017462,1.20700576570117,5.43726005672726,0.400295285492178,52.6,11.9746661254518,273600.0
BFA,Burkina Faso,Sub-Saharan Africa ,2005,499.192797571217,13932123,34.1721697681049,1.2018948481342,6.37352650275332,0.469900012,53.271,11.4790949027968,273600.0
BFA,Burkina Faso,Sub-Saharan Africa ,2006,514.113131757062,14373707,35.1065423554549,1.11032179719724,6.43344765321295,0.632700026,53.784,13.7934073659854,273600.0
BFA,Burkina Faso,Sub-Saharan Africa ,2007,519.26101218434,14816307,33.7797172895073,1.41572652816375,7.8129241337381,0.75,54.377,12.3988443949445,273600.0
BFA,Burkina Faso,Sub-Saharan Africa ,2008,533.471299938288,15258093,35.3853169801502,1.24291260830384,8.59697070774107,0.920000017,55.199,10.6256765363178,273600.0
BFA,Burkina Faso,Sub-Saharan Africa ,2009,533.470084831931,15710066,40.2959836735924,1.35276497598007,9.57845327918773,1.129999995,55.791,11.6112633803962,273600.0
BFA,Burkina Faso,Sub-Saharan Africa ,2010,561.847221302489,16176498,49.0732385398039,1.22478599330692,11.0860921412972,2.400000095,56.343,8.62397449172603,273600.0
BFA,Burkina Faso,Sub-Saharan Africa ,2011,581.603658737407,16661908,57.4972531038508,1.15090587793045,13.6361933357251,3.0,57.001,8.4707083244602,273600.0
BFA,Burkina Faso,Sub-Saharan Africa ,2012,600.731343697818,17172287,61.2386079818398,1.17602847916222,12.4016028413011,3.724999905,57.457,9.41167023449076,273600.0
BFA,Burkina Faso,Sub-Saharan Africa ,2013,616.741331164082,17695409,64.0358513024234,1.23609025726906,10.7523406528446,5.0,57.903,7.98946169921833,273600.0
BFA,Burkina Faso,Sub-Saharan Africa ,2014,624.576885187665,18229461,58.8235624937426,1.27234195224905,10.3109055603822,6.0,58.331,8.4225883244397,273600.0
BFA,Burkina Faso,Sub-Saharan Africa ,2015,630.124750752312,18777487,59.0891813101662,1.25078088033268,11.6328502278275,6.545700073,58.778,8.840644303771,273600.0
BFA,Burkina Faso,Sub-Saharan Africa ,2016,648.420480176012,19334856,57.8931727994406,1.16533335437179,12.6155172354896,7.140999794,59.173,8.39588391828273,273600.0
BFA,Burkina Faso,Sub-Saharan Africa ,2017,669.276310328333,19894407,59.2687802020168,1.36362970468668,12.3099089646115,7.790400028,59.578,6.5708855776918,273600.0
BFA,Burkina Faso,Sub-Saharan Africa ,2018,694.492813126351,20438288,60.5956256236488,1.92538455062898,8.87619594401664,8.498900414,59.972,7.71744567393734,273600.0
BFA,Burkina Faso,Sub-Saharan Africa ,2019,717.021595096634,20961952,60.4086928753226,2.2125520849195,8.32797318460633,9.27180600953186,60.184,7.23371107432041,273600.0
BFA,Burkina Faso,Sub-Saharan Africa ,2020,713.8421779224,21478690,60.7397786403239,2.1142418147419,9.17782687692865,12.97319984,60.454,10.12720647571,273600.0
BFA,Burkina Faso,Sub-Saharan Africa ,2021,745.472563435144,21995243,62.4203586607795,2.33362863136249,20.1354014379911,18.1522007,60.046,8.69088024398117,273600.0
BGD,Bangladesh,South Asia,1995,537.931946643983,122600370,28.2094960764218,1.56669314074255,0.668909980730037,,58.244,2.64244374147346,130170.0
BGD,Bangladesh,South Asia,1996,552.077107138767,124862179,26.0760877233809,1.5390735944898,0.590055045886,,58.94,2.02494739001098,130170.0
BGD,Bangladesh,South Asia,1997,566.271140847632,127198069,26.3255133900833,1.57166792587459,0.511157807467368,0.000751,59.671,1.73975360008688,130170.0
BGD,Bangladesh,South Asia,1998,584.448175174047,129622332,27.8800634028394,1.56753519839217,0.537803801940501,0.00368,60.429,1.90515880314671,130170.0
BGD,Bangladesh,South Asia,1999,600.232323162952,132108065,28.3879405571158,1.58483439104611,0.663669373400762,0.0362,61.244,1.90272807231529,130170.0
BGD,Bangladesh,South Asia,2000,620.560472822105,134544304,29.3217143619038,1.3571191812402,0.923670143871526,0.0710394230507683,62.049,1.77188616689002,130170.0
BGD,Bangladesh,South Asia,2001,641.288922876274,136805810,32.0980170730117,1.28842277551655,0.95102951129156,0.129807973947512,62.836,1.65099572695628,130170.0
BGD,Bangladesh,South Asia,2002,655.672139362272,138933658,28.9673807211649,1.04836646260037,1.15631580460455,0.13992028850905,63.591,1.41878355433687,130170.0
BGD,Bangladesh,South Asia,2003,676.826252046427,140970351,27.657884900158,1.00263309760624,1.1726703179764,0.163877665498048,64.288,2.08005775490695,130170.0
BGD,Bangladesh,South Asia,2004,702.656357081873,142902856,26.8582341492431,0.99885977372525,1.25033088137691,0.199036333744363,64.912,2.09243477979753,130170.0
BGD,Bangladesh,South Asia,2005,739.203718353409,144715786,34.396934864465,0.972810090266113,1.42150860907864,0.241600007,65.509,1.72505585665961,130170.0
BGD,Bangladesh,South Asia,2006,779.419570444998,146405973,38.1119244325921,0.989838836982973,1.62191450084584,1.0,66.048,1.35514289633775,130170.0
BGD,Bangladesh,South Asia,2007,825.508229964537,147989278,39.9423826531735,0.997091964413713,1.28014684364958,1.799999952,66.458,1.54453587681731,130170.0
BGD,Bangladesh,South Asia,2008,866.45815762135,149474264,42.6209140325589,0.938215291633285,1.24590842426876,2.5,67.047,1.78925974548376,130170.0
BGD,Bangladesh,South Asia,2009,901.729626251937,150873714,40.092796223023,1.02893954845227,1.19267876534874,3.099999905,67.527,0.978984569171793,130170.0
BGD,Bangladesh,South Asia,2010,943.66422864236,152201981,37.8028426708321,1.18438401700177,1.41590969915937,3.700000048,68.009,0.979205458521154,130170.0
BGD,Bangladesh,South Asia,2011,995.579947155662,153591076,47.4208498356898,1.21766894947597,1.58942506825245,4.5,68.499,1.0357494856298,130170.0
BGD,Bangladesh,South Asia,2012,1050.39140404066,155070101,48.1109227490467,1.18089723364654,1.55456977469424,5.0,68.989,1.48973452826055,130170.0
BGD,Bangladesh,South Asia,2013,1103.15695907123,156532141,46.2964027228174,1.11372942922328,1.15168388504547,6.63,69.487,1.62503589504122,130170.0
BGD,Bangladesh,South Asia,2014,1159.40753475981,157964929,44.5140801968096,1.1364432719278,1.0471807482358,9.052900314,70.016,1.31373692992305,130170.0
BGD,Bangladesh,South Asia,2015,1224.38647668165,159383179,42.0859963070382,1.20851710681525,0.899813880185078,12.36880016,70.543,1.24770017322217,130170.0
BGD,Bangladesh,South Asia,2016,1299.83091360792,160811932,31.3341501346142,1.22590049912782,0.716140756665905,16.89909935,71.075,0.91223255541772,130170.0
BGD,Bangladesh,South Asia,2017,1373.75363740186,162186147,29.9997306724343,1.12758125325097,0.710420009979719,21.5,71.606,1.24451822350917,130170.0
BGD,Bangladesh,South Asia,2018,1462.25050255713,163523103,32.5146317240884,1.15395749092166,0.649238822939078,25.56509972,72.122,0.911021785754119,130170.0
BGD,Bangladesh,South Asia,2019,1564.20802445636,164913055,31.5780544912404,1.24410082330294,0.637717563815013,30.38310051,72.625,1.19872986153458,130170.0
BGD,Bangladesh,South Asia,2020,1604.6659234742,166298024,26.271447376215,1.24468950875224,0.560867699425496,36.10910034,71.421,1.38043344611613,130170.0
BGD,Bangladesh,South Asia,2021,1702.08028414189,167658854,27.7240047036631,1.16873060016575,0.610069177584654,38.91744466,71.103,1.16176375396577,130170.0
BGR,Bulgaria,Europe & Central Asia,1995,4022.19748673152,8406067,55.2630086118475,1.63834575680207,0.853350672167653,0.12,71.0534146341463,,110630.0
BGR,Bulgaria,Europe & Central Asia,1996,4253.45199440193,8362826,85.8207260168869,1.73742958266484,1.00162472163927,0.725,70.8973170731707,,110630.0
BGR,Bulgaria,Europe & Central Asia,1997,3675.36877811444,8312068,86.4637363337509,2.15948029978631,0.969971853679339,1.22,70.3512195121951,,110630.0
BGR,Bulgaria,Europe & Central Asia,1998,3840.17297697202,8256786,77.0452015666429,2.13151621324202,0.537067260909246,1.84,71.0609756097561,,110630.0
BGR,Bulgaria,Europe & Central Asia,1999,3537.52626953376,8210624,90.0749813655593,2.61950116392104,0.617206953468906,2.91,71.4121951219512,,110630.0
BGR,Bulgaria,Europe & Central Asia,2000,3718.11895993863,8170172,77.7456854212701,2.65245576158903,0.682250473694737,5.37092346908696,71.6634146341463,,110630.0
BGR,Bulgaria,Europe & Central Asia,2001,3937.90285118373,8009142,79.0813824014922,2.86251954387639,0.714335209608195,7.6122977487982,71.7682926829268,,110630.0
BGR,Bulgaria,Europe & Central Asia,2002,4260.62251956893,7837161,75.269621415721,2.77967655484011,0.459805802148112,9.08,71.8658536585366,,108800.0
BGR,Bulgaria,Europe & Central Asia,2003,4519.415326977,7775327,79.0138894271643,2.69120147161229,0.430571953471522,12.04,72.0658536585366,,108770.0
BGR,Bulgaria,Europe & Central Asia,2004,4850.11917184577,7716860,93.0639046910296,2.3737116819405,1.13721174341521,18.13,72.5634146341463,,108760.0
BGR,Bulgaria,Europe & Central Asia,2005,5231.60538607098,7658972,99.714224874021,2.23535026726367,0.981901509777394,19.97,72.5609756097561,,108640.0
BGR,Bulgaria,Europe & Central Asia,2006,5630.08907245392,7601022,111.047459756649,2.08176190777138,1.83143811540013,27.09,72.6121951219512,,108630.0
BGR,Bulgaria,Europe & Central Asia,2007,6049.05136726418,7545338,123.532578691039,2.22853990097534,1.6864723678113,33.64,72.6634146341463,,108610.0
BGR,Bulgaria,Europe & Central Asia,2008,6465.05231071194,7492561,124.68876138203,2.13186398257533,1.97470276622532,39.67,72.9634146341463,,108610.0
BGR,Bulgaria,Europe & Central Asia,2009,6289.04666609216,7444443,92.6926410550003,1.73951150062383,0.704216078965934,45.0,73.4121951219512,,108560.0
BGR,Bulgaria,Europe & Central Asia,2010,6429.04599233108,7395599,103.380518426721,1.64246152423714,1.67975403719023,46.23,73.5121951219512,,108560.0
BGR,Bulgaria,Europe & Central Asia,2011,6605.64616736859,7348328,117.418101416931,1.31400025609446,2.14267004784609,47.9799930506026,74.1634146341463,,108560.0
BGR,Bulgaria,Europe & Central Asia,2012,6693.76983060797,7305888,123.97132336227,1.32981896505284,1.60464880529568,51.8999876658503,74.3146341463415,,108560.0
BGR,Bulgaria,Europe & Central Asia,2013,6793.08253592745,7160005,129.688685003845,1.45404283053363,1.1076323174832,53.0615,74.8609756097561,,108560.0
BGR,Bulgaria,Europe & Central Asia,2014,6941.37319825776,7073572,130.248372124871,1.30960223173333,0.784766836474764,55.4903766299262,74.4658536585366,,108560.0
BGR,Bulgaria,Europe & Central Asia,2015,7269.02586513711,6984225,126.736652288689,1.24593360652028,0.6587242316101,56.6562516053086,74.6146341463415,,108560.0
BGR,Bulgaria,Europe & Central Asia,2016,7586.89174668116,6894139,122.805519071127,1.24384580804927,0.526340830586215,59.825547661014,74.8121951219512,,108560.0
BGR,Bulgaria,Europe & Central Asia,2017,7899.11056589871,6803468,129.634433774038,1.22220854798635,0.749247066231762,63.4101013837926,74.8146341463415,,108560.0
BGR,Bulgaria,Europe & Central Asia,2018,8194.79296320014,6710798,129.166502231244,1.45106212373153,0.678372706778028,64.78201069118,74.9634146341464,,108560.0
BGR,Bulgaria,Europe & Central Asia,2019,8626.5750265742,6616726,125.260415075086,3.14495072906354,0.580269555247755,67.9469809417603,75.1121951219512,,108560.0
BGR,Bulgaria,Europe & Central Asia,2020,8440.51416964556,6550696,110.423903082333,1.58561827051115,0.618935967577506,70.16248359,73.3560975609756,,108560.0
BGR,Bulgaria,Europe & Central Asia,2021,9161.94541759347,6507301,121.214091012604,1.5107237100085,0.917744335906696,75.27144583,71.2121951219512,,108560.0
BHR,Bahrain,"Middle East, North Africa, Afghanistan & Pakistan",1995,23465.7129170227,558879,134.086732319169,5.18323179048832,18.958919570053,0.346,73.361,1.5149524177017,710.0
BHR,Bahrain,"Middle East, North Africa, Afghanistan & Pakistan",1996,23795.2092538862,573792,144.333450490306,5.27393976376237,22.4740735880541,0.843,73.61,1.91408807132934,710.0
BHR,Bahrain,"Middle East, North Africa, Afghanistan & Pakistan",1997,23893.1335655763,589115,130.672449001883,5.06848741255812,20.9239457699085,1.65,73.872,2.15199403001289,710.0
BHR,Bahrain,"Middle East, North Africa, Afghanistan & Pakistan",1998,24386.5916523491,604842,113.001418957352,5.33310395251817,15.1566374540832,3.22,74.138,2.90741960444715,710.0
BHR,Bahrain,"Middle East, North Africa, Afghanistan & Pakistan",1999,24773.8464104044,620989,124.735737154328,5.50362154366541,18.9307099565332,4.72,74.405,0.852566891103864,710.0
BHR,Bahrain,"Middle East, North Africa, Afghanistan & Pakistan",2000,25407.9694054552,637582,135.809135327865,3.96167096884853,22.6166110930815,6.15373254647607,74.673,0.68365333680589,710.0
BHR,Bahrain,"Middle East, North Africa, Afghanistan & Pakistan",2001,25106.2869742612,661316,127.026266277537,4.14808163198998,19.6064806102315,15.0386342513918,74.942,0.818175149479043,710.0
BHR,Bahrain,"Middle East, North Africa, Afghanistan & Pakistan",2002,24149.0156013799,710553,131.133634216392,4.61110660635053,18.3096740288898,18.0507208881153,75.209,0.679048929169513,710.0
BHR,Bahrain,"Middle East, North Africa, Afghanistan & Pakistan",2003,23857.6403579769,764517,128.091582155216,4.65883280302628,18.2515226696453,21.5549449917804,75.486,1.24524703313361,720.0
BHR,Bahrain,"Middle East, North Africa, Afghanistan & Pakistan",2004,23688.1121059225,823741,140.737310039923,4.04492884796012,19.5474993928405,21.4586805077435,75.787,0.462967860449633,730.0
BHR,Bahrain,"Middle East, North Africa, Afghanistan & Pakistan",2005,23439.6704353038,888822,148.313525108923,3.21438109533007,23.5501782556664,21.30369949,76.125,,740.0
BHR,Bahrain,"Middle East, North Africa, Afghanistan & Pakistan",2006,23095.0181330228,960424,147.104181068989,3.10294772848129,23.9324887044813,28.24399948,76.51,,740.0
BHR,Bahrain,"Middle East, North Africa, Afghanistan & Pakistan",2007,23112.4888058398,1039295,137.785050572304,2.95699023434392,22.2759061285424,32.91,76.952,,750.0
BHR,Bahrain,"Middle East, North Africa, Afghanistan & Pakistan",2008,23127.2148040048,1103496,145.882511145821,2.80016136873791,24.8161182032708,51.95,77.457,,760.0
BHR,Bahrain,"Middle East, North Africa, Afghanistan & Pakistan",2009,22206.9371985225,1178415,117.963725409489,3.61053524967651,18.0762091411409,53.0,78.016,,760.0
BHR,Bahrain,"Middle East, North Africa, Afghanistan & Pakistan",2010,22224.0736166249,1228543,115.561486449616,3.27782374844849,20.4621165633706,55.0,78.593,,762.0
BHR,Bahrain,"Middle East, North Africa, Afghanistan & Pakistan",2011,23288.0449398313,1195020,167.529641035854,3.59149722735675,26.9949431372074,76.9999665032303,79.141,,767.0
BHR,Bahrain,"Middle East, North Africa, Afghanistan & Pakistan",2012,23894.8804447088,1208964,178.824020821684,3.8444905725653,23.5822213574272,88.0,79.622,,770.0
BHR,Bahrain,"Middle East, North Africa, Afghanistan & Pakistan",2013,24271.6278814506,1253191,184.58950884485,4.14139762975071,24.5336335455131,90.0000397,79.998,,770.0
BHR,Bahrain,"Middle East, North Africa, Afghanistan & Pakistan",2014,24135.4991304849,1314562,168.57585814186,4.41851202803887,22.4113282575127,90.5031334814656,80.214,,771.0
BHR,Bahrain,"Middle East, North Africa, Afghanistan & Pakistan",2015,23734.0551143019,1370322,147.916060172904,4.6441113490364,12.6346752292951,93.4783007986129,80.338,,778.0
BHR,Bahrain,"Middle East, North Africa, Afghanistan & Pakistan",2016,23715.2791328712,1423726,132.822997902774,4.67063531353135,9.6486154919148,97.9999807024146,80.407,,779.0
BHR,Bahrain,"Middle East, North Africa, Afghanistan & Pakistan",2017,23606.8867501313,1501116,136.429239810394,4.32073774179037,11.1603274625829,95.8781357543453,80.407,,780.0
BHR,Bahrain,"Middle East, North Africa, Afghanistan & Pakistan",2018,24059.7838641562,1503091,144.075372574535,4.04108625299001,14.7513564173951,98.6446725799886,80.412,,778.0
BHR,Bahrain,"Middle East, North Africa, Afghanistan & Pakistan",2019,24873.6640060134,1483756,135.417543398211,4.02986101554975,13.3637839937888,99.7015043807778,80.471,,780.0
BHR,Bahrain,"Middle East, North Africa, Afghanistan & Pakistan",2020,23586.9309581516,1472204,135.460985012931,4.05746865109248,10.7041414154858,99.67103159,78.683,,785.0
BHR,Bahrain,"Middle East, North Africa, Afghanistan & Pakistan",2021,24086.7847803428,1504365,153.799316485108,3.51979682208909,16.6400337175308,100.0,78.083,,790.0
BHS,"Bahamas, The",Latin America & Caribbean ,1995,28236.3753765914,301461,104.465441819773,,0.0939755068763486,0.96,71.422,0.113081417631083,10010.0
BHS,"Bahamas, The",Latin America & Caribbean ,1996,28967.0480464753,306268,105.856747021336,,0.0800968796029261,1.75,71.464,,10010.0
BHS,"Bahamas, The",Latin America & Caribbean ,1997,28902.571896854,310904,79.7348855718879,,0.0406913459063713,1.36,71.597,,10010.0
BHS,"Bahamas, The",Latin America & Caribbean ,1998,29837.4381789441,315368,77.7261671656993,,0.0098206000544336,2.34,71.84,,10010.0
BHS,"Bahamas, The",Latin America & Caribbean ,1999,31544.3540604454,319614,75.7027383336782,,0.0089471056662449,3.76,72.147,,10010.0
BHS,"Bahamas, The",Latin America & Caribbean ,2000,32424.7271786716,323835,79.6449438925669,,0.0065462344231874,8.0,72.481,,10010.0
BHS,"Bahamas, The",Latin America & Caribbean ,2001,32870.0918307285,327836,72.5008806383396,,0.0067255268148468,11.8,72.765,,10010.0
BHS,"Bahamas, The",Latin America & Caribbean ,2002,33374.602685914,331614,70.2779817050926,,0.0080276191015993,18.0,73.023,,10010.0
BHS,"Bahamas, The",Latin America & Caribbean ,2003,32559.311554898,335618,71.063540505226,,0.0071191326516459,20.0,73.213,,10010.0
BHS,"Bahamas, The",Latin America & Caribbean ,2004,32444.0739567569,339782,76.0019833710461,,0.0063208519532434,22.0,73.235,,10010.0
BHS,"Bahamas, The",Latin America & Caribbean ,2005,33144.7878790275,343894,81.3962709176308,,0.0062532224180019,25.0,73.413,,10010.0
BHS,"Bahamas, The",Latin America & Caribbean ,2006,33541.850748701,348375,87.5507143032777,,0.0074018592480078,26.0,73.456,,10010.0
BHS,"Bahamas, The",Latin America & Caribbean ,2007,33549.3360007274,353334,88.0128155625079,,0.0078641694249099,27.0,73.463,,10010.0
BHS,"Bahamas, The",Latin America & Caribbean ,2008,32331.8246135092,358120,87.4292228766863,,0.0088150817951502,31.54,73.445,,10010.0
BHS,"Bahamas, The",Latin America & Caribbean ,2009,30581.3342198488,362810,76.5210439633098,,0.008625399326768,33.88,73.455,,10010.0
BHS,"Bahamas, The",Latin America & Caribbean ,2010,30657.4319059659,367478,78.6756024311196,,0.015294777644818,43.0,73.449,,10010.0
BHS,"Bahamas, The",Latin America & Caribbean ,2011,30492.6738528071,371729,88.3336891598687,,0.0133672662693222,65.0,73.571,,10010.0
BHS,"Bahamas, The",Latin America & Caribbean ,2012,31553.4919490645,375469,84.2515204656543,,0.0123502671887337,71.74819946,73.707,,10010.0
BHS,"Bahamas, The",Latin America & Caribbean ,2013,30368.2631244189,378953,84.5484138879077,,0.0157205965291449,72.0,73.93,,10010.0
BHS,"Bahamas, The",Latin America & Caribbean ,2014,30658.5344563722,382298,80.5370272284116,,0.0177506910216208,76.91999817,74.029,,10010.0
BHS,"Bahamas, The",Latin America & Caribbean ,2015,30719.405417469,385346,69.6779752652565,,0.0142629231307782,78.0,73.805,,10010.0
BHS,"Bahamas, The",Latin America & Caribbean ,2016,30152.1619246021,388055,67.212921580015,,0.0174296477466322,80.0,74.042,,10010.0
BHS,"Bahamas, The",Latin America & Caribbean ,2017,30974.7477261317,390485,68.334284038596,,0.017196510578808,80.59999847,74.031,,10010.0
BHS,"Bahamas, The",Latin America & Caribbean ,2018,31537.2423841956,392717,72.1542685971043,,0.0131261113776456,83.0,74.062,,10010.0
BHS,"Bahamas, The",Latin America & Caribbean ,2019,31117.6299132391,394675,68.7866234842208,,0.0121899442192584,90.69329834,71.408,,10010.0
BHS,"Bahamas, The",Latin America & Caribbean ,2020,24791.6704945106,395863,53.4207580670063,,0.0192026251424872,92.4437027,72.994,,10010.0
BHS,"Bahamas, The",Latin America & Caribbean ,2021,29114.0597726386,396373,65.9325413308964,,0.0147540061086709,92.34980011,70.752,,10010.0
BIH,Bosnia and Herzegovina,Europe & Central Asia,1995,1013.22444430671,3715564,91.8796126648453,,1.36814058272155,,70.188,59.4494685862859,51200.0
BIH,Bosnia and Herzegovina,Europe & Central Asia,1996,1498.0059275225,3875246,107.500043530726,,0.0917408632221787,0.0151,73.454,33.2213315564414,51200.0
BIH,Bosnia and Herzegovina,Europe & Central Asia,1997,1974.057421178,4018227,100.630964756317,,1.91036737563414,0.0594,73.895,25.0311859995819,51200.0
BIH,Bosnia and Herzegovina,Europe & Central Asia,1998,2262.03263639383,4089356,125.666609057011,,1.54826333366866,0.144,74.472,18.5748548374659,51200.0
BIH,Bosnia and Herzegovina,Europe & Central Asia,1999,2452.85188377919,4130305,121.820541564193,,1.36092469205014,0.194,74.946,23.7562996755605,51200.0
BIH,Bosnia and Herzegovina,Europe & Central Asia,2000,2567.34137094619,4159771,85.3577431341788,,1.2556172695724,1.08296074971207,75.292,11.9830197398802,51200.0
BIH,Bosnia and Herzegovina,Europe & Central Asia,2001,2617.18230350812,4179438,86.0357340130948,,1.32134721307544,1.20052695129649,75.573,10.1070396097281,51200.0
BIH,Bosnia and Herzegovina,Europe & Central Asia,2002,2743.13878615838,4188002,78.7274783626,3.9043729051368,0.876972619924244,2.64826791361244,75.994,7.6804843976068,51200.0
BIH,Bosnia and Herzegovina,Europe & Central Asia,2003,2855.68314939849,4178523,80.5694572639365,2.41669769045157,0.823756269015972,3.96503683387051,76.449,5.99987385662798,51200.0
BIH,Bosnia and Herzegovina,Europe & Central Asia,2004,3063.83543448936,4140987,81.8126861817184,1.8896028081156,1.70617299249607,15.4689716227665,76.489,6.43546608035466,51200.0
BIH,Bosnia and Herzegovina,Europe & Central Asia,2005,3217.81341615345,4096493,84.3554628217984,1.54421965764078,1.83045077708021,21.3267010007738,76.424,4.61810828735162,51200.0
BIH,Bosnia and Herzegovina,Europe & Central Asia,2006,3419.75887457192,4063272,79.8299477752016,1.38653346855639,1.64395598738016,25.1223856852117,76.028,4.04958219300268,51200.0
BIH,Bosnia and Herzegovina,Europe & Central Asia,2007,3665.08966529499,4013424,83.551858889163,1.23615289583956,2.12464876712097,27.92,76.162,3.68734426829388,51200.0
BIH,Bosnia and Herzegovina,Europe & Central Asia,2008,3929.03297717336,3947544,86.1628798430504,1.2206120604463,3.63776732743269,34.66,76.3,2.34626988920262,51200.0
BIH,Bosnia and Herzegovina,Europe & Central Asia,2009,3877.53540078456,3879794,73.7474942255023,1.37658621151299,1.45852244978434,37.74,76.701,2.28150798082044,51200.0
BIH,Bosnia and Herzegovina,Europe & Central Asia,2010,3981.20985692032,3811472,80.9682159626823,1.28034144398166,2.72228942887324,42.75,76.827,2.3619977708962,51200.0
BIH,Bosnia and Herzegovina,Europe & Central Asia,2011,4094.25329541877,3741798,87.8363477136556,1.13643026444417,3.52625270170032,43.88769913,76.963,3.32963123169762,51200.0
BIH,Bosnia and Herzegovina,Europe & Central Asia,2012,4139.91732773657,3670113,88.1451088628529,1.14557192089501,2.2205854902667,45.0644989,77.037,3.27171882317825,51200.0
BIH,Bosnia and Herzegovina,Europe & Central Asia,2013,4306.73175072214,3610859,87.9312380280562,1.08705579799922,1.76161048085692,48.52130127,77.129,2.82940431425965,51200.0
BIH,Bosnia and Herzegovina,Europe & Central Asia,2014,4412.67617817734,3564829,90.5522780395662,1.02582688734534,1.23632273750299,49.91770172,77.089,3.36816733032182,51200.0
BIH,Bosnia and Herzegovina,Europe & Central Asia,2015,4662.25869219448,3518541,88.291992587588,0.988857622509173,1.0186279504412,52.59999847,77.073,2.15801298587653,51200.0
BIH,Bosnia and Herzegovina,Europe & Central Asia,2016,4876.53471495633,3473003,88.2440340022738,0.922772270069199,1.04695668588363,60.2565354318987,77.124,2.60279432517829,51200.0
BIH,Bosnia and Herzegovina,Europe & Central Asia,2017,5099.81602856447,3428682,96.6458803566861,0.852593562264982,1.28162139967933,64.8920205128383,77.385,2.42391677065165,51200.0
BIH,Bosnia and Herzegovina,Europe & Central Asia,2018,5360.25201017633,3387000,98.4320694182631,0.84004735664614,1.05259180342277,70.1201350394885,77.942,1.74829663060733,51200.0
BIH,Bosnia and Herzegovina,Europe & Central Asia,2019,5583.29721276458,3345533,94.516125154246,0.807324224885322,0.800756928062343,69.9463476317266,77.394,2.25666477470915,51200.0
BIH,Bosnia and Herzegovina,Europe & Central Asia,2020,5490.75366635139,3299349,82.5216467994007,0.827298283159884,0.7812488464624,73.21175294,76.04,2.1872629141794,51200.0
BIH,Bosnia and Herzegovina,Europe & Central Asia,2021,5995.54197590494,3244907,96.7391144408744,0.886133600491203,0.813398711441269,75.67620138,74.567,2.41974575106038,51200.0
BLR,Belarus,Europe & Central Asia,1995,1885.36062660186,10193831,103.718194772782,1.69946376942909,2.29540392663341,0.00292,68.4609756097561,,202868.0
BLR,Belarus,Europe & Central Asia,1996,1944.68700512976,10159569,96.7748997857579,1.26069255990701,3.37119722373573,0.0293,68.5121951219512,,202854.0
BLR,Belarus,Europe & Central Asia,1997,2175.40374180154,10117433,125.516179156558,1.76896655126353,3.18802305084874,0.049,68.4609756097561,,202855.0
BLR,Belarus,Europe & Central Asia,1998,2368.78330877851,10071963,122.957697735989,1.49509870243434,0.79713486531659,0.0739,68.4073170731707,,202829.0
BLR,Belarus,Europe & Central Asia,1999,2460.36944195798,10026738,120.835117829629,1.36676073838589,1.72073029417856,0.495,67.9073170731707,,202835.0
BLR,Belarus,Europe & Central Asia,2000,2615.36376799462,9979610,141.609165955024,1.34698415075765,2.54557671523974,1.86039812615388,68.9121951219512,,202848.0
BLR,Belarus,Europe & Central Asia,2001,2753.0336970697,9928549,137.044930473063,1.43829074692244,2.14528094220705,4.30061602151712,68.5073170731707,,202844.0
BLR,Belarus,Europe & Central Asia,2002,2910.39937484153,9865548,131.002058282291,1.40024580052512,1.81125653175824,8.95097131467325,68.0560975609756,,202829.0
BLR,Belarus,Europe & Central Asia,2003,3137.26261430575,9796749,134.141852273225,1.29906390002339,1.76539619642518,,68.5536585365854,,202826.0
BLR,Belarus,Europe & Central Asia,2004,3520.40452642524,9730146,142.136510387704,1.35822231382833,1.79153055739652,,68.9560975609756,,202815.0
BLR,Belarus,Europe & Central Asia,2005,3877.71738911289,9663915,118.88435169233,1.49845313530187,1.76999857555488,,68.8512195121951,0.191670701172284,202833.0
BLR,Belarus,Europe & Central Asia,2006,4291.68647163264,9604924,124.295103889386,1.70941249195756,1.67789507585865,16.2,69.4048780487805,0.202892947605582,202904.0
BLR,Belarus,Europe & Central Asia,2007,4682.20676719042,9560953,128.153877979073,1.64976591437478,1.55510160465908,19.7,70.2073170731707,0.190415416720208,202901.0
BLR,Belarus,Europe & Central Asia,2008,5177.64534775676,9527985,129.599478545475,1.45349285157346,1.60385129982227,23.0,70.4560975609756,0.185340977783802,202902.0
BLR,Belarus,Europe & Central Asia,2009,5200.77418555423,9504583,108.63564482836,1.37257698145111,1.14110578701464,27.43,70.4073170731707,0.197381417808783,202898.0
BLR,Belarus,Europe & Central Asia,2010,5616.0941173307,9483836,115.917972989303,1.3413834329232,1.2135788388197,31.8,70.4048780487805,0.241183817371684,202902.0
BLR,Belarus,Europe & Central Asia,2011,5941.68999156239,9461643,157.974255073313,1.22449510976582,1.6541017837394,39.6488956598961,70.5536585365854,0.196128963795992,202910.0
BLR,Belarus,Europe & Central Asia,2012,6052.6373706236,9446836,153.085269313372,1.22921872178113,1.72782026745452,46.91,71.9658536585366,0.160193874370293,202899.0
BLR,Belarus,Europe & Central Asia,2013,6115.43288098707,9443211,119.815965235724,1.27079665150066,1.43580105606,54.17,72.4707317073171,0.147012822117818,202908.0
BLR,Belarus,Europe & Central Asia,2014,6212.91667418659,9448515,110.651424367582,1.04232763587955,1.32461564136151,59.0163187101542,72.9707317073171,0.157768201702233,202973.0
BLR,Belarus,Europe & Central Asia,2015,5967.05595058777,9461076,115.914826201946,1.13806602416355,1.16867046065759,62.230360906803,73.6243902439025,0.193435999064551,202978.0
BLR,Belarus,Europe & Central Asia,2016,5811.20159182547,9469379,125.209322899662,1.52328091923032,1.24276957113325,71.1130457603832,73.8268292682927,-0.0490628145165317,202988.0
BLR,Belarus,Europe & Central Asia,2017,5964.89668834561,9458989,133.367754723012,1.37200444073753,1.56417583319201,74.4364454136036,74.1292682926829,-0.474971251810671,202988.0
BLR,Belarus,Europe & Central Asia,2018,6165.91320019277,9438785,139.393736250171,1.53799428873681,1.98128406238056,79.1298866919307,74.1756097560976,0.205960428555063,202980.0
BLR,Belarus,Europe & Central Asia,2019,6267.73508743505,9419758,130.850406102184,1.39642297566801,1.66960534709783,82.7891520910901,74.2268292682927,0.340887371925231,202965.0
BLR,Belarus,Europe & Central Asia,2020,6251.98898968645,9379952,118.934176146534,1.40325859867166,1.52063831654103,85.08791245,72.1385609756098,0.555459602350462,202980.0
BLR,Belarus,Europe & Central Asia,2021,6457.73053706343,9302585,136.014167877476,1.36528926554311,1.86330240223309,86.88841196,72.0714634146342,0.210149521166487,202950.0
BLZ,Belize,Latin America & Caribbean ,1995,4967.96153818049,204146,77.3367628065445,1.01132983352715,0.4873231540489,0.0454,69.484,2.36552156499617,22810.0
BLZ,Belize,Latin America & Caribbean ,1996,4875.65675023061,210310,79.5739076328491,0.962038381608788,0.409891121326979,0.883,69.363,2.55238480624062,22810.0
BLZ,Belize,Latin America & Caribbean ,1997,4915.3403407039,217446,85.4507314878676,1.11142453608722,0.396693346471525,1.29,69.183,1.62098768416442,22810.0
BLZ,Belize,Latin America & Caribbean ,1998,4931.45499103616,225173,85.2837692818555,,0.331381514331657,2.09,68.906,1.61927548316502,22810.0
BLZ,Belize,Latin America & Caribbean ,1999,5213.5662826521,233059,93.3222988336503,,0.282795926405084,4.08,68.976,4.93997480463899,22810.0
BLZ,Belize,Latin America & Caribbean ,2000,5663.64632374973,240799,96.6018447146265,0.657400606900072,0.205648153993696,5.96383530272428,68.911,1.48780132118858,22810.0
BLZ,Belize,Latin America & Caribbean ,2001,5764.99055491104,248379,93.1624050489864,0.660133826570744,0.204856054940229,,68.944,2.03515677039718,22810.0
BLZ,Belize,Latin America & Caribbean ,2002,5895.15235037898,256009,93.0794584713606,0.65317934436876,0.214525511494211,5.68425121358763,69.528,1.9787726178469,22810.0
BLZ,Belize,Latin America & Caribbean ,2003,6274.47428279313,263780,94.3631228859413,0.674810769936463,0.209561895130113,,69.819,1.04027470649011,22810.0
BLZ,Belize,Latin America & Caribbean ,2004,6383.07432412662,271688,86.3853536846826,0.699362422608098,0.185339714258494,9.8,70.152,0.521637712657364,22810.0
BLZ,Belize,Latin America & Caribbean ,2005,6337.12389222378,279731,92.9971266332515,0.75074714637425,0.216624955471021,17.0,70.335,0.862144778412735,22810.0
BLZ,Belize,Latin America & Caribbean ,2006,6435.58767337678,287878,98.8810743235728,0.770603665352675,2.3394592469035,24.0,70.535,0.527857605207481,22810.0
BLZ,Belize,Latin America & Caribbean ,2007,6465.82885846045,296100,95.9555511519831,0.804721615478068,3.04354958283073,24.60000038,70.652,1.37555259873925,22810.0
BLZ,Belize,Latin America & Caribbean ,2008,6187.95885023655,304361,105.461874277231,1.07408006688025,4.78778762102232,26.29999924,70.665,1.48527627108714,22810.0
BLZ,Belize,Latin America & Caribbean ,2009,5997.68447156383,312614,89.5808843860925,1.02025947294782,3.21021774100455,27.20000076,70.806,1.64254574139042,22810.0
BLZ,Belize,Latin America & Caribbean ,2010,5937.75398343789,320245,94.8581591507411,0.876347006335822,4.21853544863999,28.2,70.875,1.51879316197024,22810.0
BLZ,Belize,Latin America & Caribbean ,2011,5802.24344531492,327298,106.914960208874,0.842255994312455,5.75130266465738,30.70000076,70.975,1.21040687083259,22810.0
BLZ,Belize,Latin America & Caribbean ,2012,5902.74234696881,334414,111.166652365429,0.796165416080834,3.9491024337509,31.0,71.134,1.45845389633908,22810.0
BLZ,Belize,Latin America & Caribbean ,2013,6013.07879895362,341627,108.672614067831,0.874010589302631,2.7478714589422,33.59999847,71.276,2.67578760831491,22810.0
BLZ,Belize,Latin America & Caribbean ,2014,6116.49578852783,348923,107.112517468788,0.931313121713426,2.06063048735068,38.70000076,71.437,1.87779327675357,22810.0
BLZ,Belize,Latin America & Caribbean ,2015,6154.62264230369,356333,104.070958799941,0.892830505973699,0.832694636763692,41.59000015,71.647,1.34760930994632,22810.0
BLZ,Belize,Latin America & Caribbean ,2016,6012.21296983668,364705,96.4998358304218,0.96275814780823,0.707884094800211,44.57569885,71.843,1.64225611006125,22810.0
BLZ,Belize,Latin America & Caribbean ,2017,5767.61921963762,373202,97.7072571800462,1.01066786730984,0.740544655771488,48.8771019,72.062,1.59770126211093,22810.0
BLZ,Belize,Latin America & Caribbean ,2018,5707.61059954436,380226,100.989214362975,1.01132122816519,0.796890251194486,53.59360123,72.322,1.58862154792986,22810.0
BLZ,Belize,Latin America & Caribbean ,2019,5864.14611827109,385829,102.441856907677,1.01662701573035,0.584709328866043,58.76520157,72.577,1.61422134080681,22810.0
BLZ,Belize,Latin America & Caribbean ,2020,5006.48453276935,390812,81.6431433128545,1.26623781790202,0.478914006262091,64.43589783,71.58,3.51493278993874,22810.0
BLZ,Belize,Latin America & Caribbean ,2021,5839.40157956017,395346,98.9824369429997,1.0975102664713,0.523036536890701,70.65370178,70.917,3.31288391908814,22810.0
BMU,Bermuda,North America,1995,89849.1250139813,59526,,,0.0,6.84,75.92,,54.0
BMU,Bermuda,North America,1996,91743.2962338679,59813,,,0.0,16.2,76.52,,54.0
BMU,Bermuda,North America,1997,95383.0225110365,60177,,,0.0,24.2,76.972,,54.0
BMU,Bermuda,North America,1998,98347.9089816051,60639,,,0.0,32.1,77.389,,54.0
BMU,Bermuda,North America,1999,100867.914579743,61124,,,0.0,39.9,77.854,,54.0
BMU,Bermuda,North America,2000,109502.763102809,61550,,,0.0,42.9498600152711,78.251,,54.0
BMU,Bermuda,North America,2001,116809.925253071,61867,,,0.0,47.5096998970623,78.637,,54.0
BMU,Bermuda,North America,2002,114574.433608566,62142,,,0.0,52.0315973700393,78.841,,54.0
BMU,Bermuda,North America,2003,118018.831592635,62386,,,0.0,56.5220121836337,78.715,,54.0
BMU,Bermuda,North America,2004,120432.12052555,62555,,,0.0,60.9908670086326,78.898,,54.0
BMU,Bermuda,North America,2005,122143.799577518,62711,,,0.0,65.4470657898838,78.874,,54.0
BMU,Bermuda,North America,2006,128662.931924261,62834,,,0.0,69.8996551617012,78.87,,54.0
BMU,Bermuda,North America,2007,132595.482654866,63010,,,0.0,74.3505940302669,79.006,,54.0
BMU,Bermuda,North America,2008,129525.177139097,63300,,,0.0,82.3,79.101,,54.0
BMU,Bermuda,North America,2009,121727.584908744,63565,,,0.0,83.25,79.229,,54.0
BMU,Bermuda,North America,2010,118382.908990645,63725,74.595080341836,,0.0,84.21,79.414,,54.0
BMU,Bermuda,North America,2011,113937.835700983,63733,76.2704368073774,,0.0,88.336,79.651,,54.0
BMU,Bermuda,North America,2012,108040.575659203,63646,73.7823030616219,,0.0,91.2993045243401,79.847,,54.0
BMU,Bermuda,North America,2013,107860.394791964,63574,76.2701066974999,,0.0,95.3,80.016,,54.0
BMU,Bermuda,North America,2014,103941.982606956,63529,76.5167474588353,,0.0,96.8,80.199,,54.0
BMU,Bermuda,North America,2015,104855.366822135,63464,73.2954985174785,,0.0,98.3236096537251,80.338,,54.0
BMU,Bermuda,North America,2016,104190.876720334,63449,72.7499093828891,,0.0,98.0,80.476,,54.0
BMU,Bermuda,North America,2017,107734.608357327,63578,72.3924284503794,,0.0,98.37,80.686,,54.0
BMU,Bermuda,North America,2018,106843.163739391,63831,77.5552703807388,,0.0,,80.986,,54.0
BMU,Bermuda,North America,2019,106709.881238843,64107,77.5601016506443,,0.0,,81.251,,54.0
BMU,Bermuda,North America,2020,98846.4458079644,64382,70.5898221728952,,0.0,,81.456,,54.0
BMU,Bermuda,North America,2021,103130.365845318,64648,72.9270921395872,,0.0,,81.745,,54.0
BOL,Bolivia,Latin America & Caribbean ,1995,1858.78185214476,7874676,49.737987097898,2.09616225791141,5.11080000814782,0.0668,59.787,10.4296468534305,1083300.0
BOL,Bolivia,Latin America & Caribbean ,1996,1904.28702213594,8021736,49.8562913723023,1.98680754250518,4.73280305606934,0.196,60.287,10.5734663953166,1083300.0
BOL,Bolivia,Latin America & Caribbean ,1997,1962.86404301605,8167900,50.4696628058748,2.27361030066829,4.01382529219893,0.448,60.745,8.12874538174673,1083300.0
BOL,Bolivia,Latin America & Caribbean ,1998,2025.5033470495,8313394,52.2811629581228,2.69111085956905,2.23594806398861,0.626,61.227,6.5911471663026,1083300.0
BOL,Bolivia,Latin America & Caribbean ,1999,1998.94533975051,8459806,44.1682564870165,2.13328709491197,2.77497627522259,0.982,61.655,6.42622530437941,1083300.0
BOL,Bolivia,Latin America & Caribbean ,2000,2014.19024634132,8606326,45.5977750218555,2.0629715134384,4.61282788346862,1.4427635847914,62.057,5.21371795751202,1083300.0
BOL,Bolivia,Latin America & Caribbean ,2001,2013.84581094568,8752736,45.2278224315522,2.3204467435097,4.33368686543391,2.1204625341365,62.538,8.52370537476581,1083300.0
BOL,Bolivia,Latin America & Caribbean ,2002,2029.66993705968,8900355,49.3502603725957,1.99033371462944,4.94485124710044,3.11719294696997,63.068,7.79571064202592,1083300.0
BOL,Bolivia,Latin America & Caribbean ,2003,2050.07133419082,9050700,51.967836443987,2.14548339823865,5.31627802754268,3.50859640072336,63.455,9.80170641098433,1083300.0
BOL,Bolivia,Latin America & Caribbean ,2004,2099.9908107392,9204287,57.4642660901316,1.89650330503014,7.4299811875095,4.43992460120042,63.819,8.42390227521992,1083300.0
BOL,Bolivia,Latin America & Caribbean ,2005,2156.18670353603,9360754,67.6419413613743,1.717004422633,11.5452208680479,5.22758395663196,64.182,5.91842365971854,1083300.0
BOL,Bolivia,Latin America & Caribbean ,2006,2221.42722588941,9521689,74.537848431547,1.46622698404757,14.6334565247073,6.20067125473576,64.529,7.30552524618211,1083300.0
BOL,Bolivia,Latin America & Caribbean ,2007,2283.42733535297,9685960,76.0619114476148,1.4890475837354,13.9849345825977,10.49919987,64.939,3.47402369703366,1083300.0
BOL,Bolivia,Latin America & Caribbean ,2008,2383.25032547517,9850858,82.8670208961798,2.19395160882894,12.7766867611472,12.5,65.299,3.65077015279638,1083300.0
BOL,Bolivia,Latin America & Caribbean ,2009,2422.57579380245,10016275,68.6270739127592,1.76136075631536,7.44851742232197,16.79999924,65.656,3.67024372511796,1083300.0
BOL,Bolivia,Latin America & Caribbean ,2010,2481.4070083834,10182345,75.5116262512877,2.78500726887326,9.16161212209317,22.39999962,66.003,2.73847814625366,1083300.0
BOL,Bolivia,Latin America & Caribbean ,2011,2568.52051674406,10348929,82.4803954243518,1.68412265690433,14.001095606139,30.0,66.282,2.37609779843183,1083300.0
BOL,Bolivia,Latin America & Caribbean ,2012,2657.2388497837,10515807,84.9487611684942,1.84560643919497,12.3531411069095,35.34,66.586,2.59953933559642,1083300.0
BOL,Bolivia,Latin America & Caribbean ,2013,2793.51457124054,10682608,81.2309075267174,1.84124031434345,11.9598682861297,36.99,66.777,2.44264681704599,1083300.0
BOL,Bolivia,Latin America & Caribbean ,2014,2900.90241571477,10848888,85.2644695625131,1.89691504477836,10.5328802221264,34.6016202324676,66.97,2.15525678647729,1083300.0
BOL,Bolivia,Latin America & Caribbean ,2015,2996.01289811344,11014705,67.9328451905248,1.75943591545975,4.11807754841214,37.4868176324391,67.205,2.48270213871267,1083300.0
BOL,Bolivia,Latin America & Caribbean ,2016,3077.57057582774,11180020,56.4010345026573,1.53046784866919,2.97275312620724,39.69749832,67.392,2.09033707693636,1083300.0
BOL,Bolivia,Latin America & Caribbean ,2017,3160.16421247588,11344587,45.5761123650708,1.53642735273655,5.01456692473101,43.83229828,67.536,2.11752102886712,1083300.0
BOL,Bolivia,Latin America & Caribbean ,2018,3204.53670838005,11508368,46.9261953417368,1.49690260690782,5.37166725772886,44.2861422024283,67.699,1.53678460487703,1083300.0
BOL,Bolivia,Latin America & Caribbean ,2019,3207.38695231128,11671386,45.8209732749024,1.45127092717043,4.09529358747088,47.4748191121692,67.82,1.47100374059039,1083300.0
BOL,Bolivia,Latin America & Caribbean ,2020,2765.09271788602,11816299,37.5164342446486,1.39204744468967,2.7203797976672,59.94010155,62.906,0.812523200589327,1083300.0
BOL,Bolivia,Latin America & Caribbean ,2021,3011.55110825301,11937360,47.6670843158984,1.32579943750687,9.46769419569564,65.9773785,61.427,1.08382116309586,1083300.0
BRA,Brazil,Latin America & Caribbean ,1995,6596.33572674819,161735073,16.9844599991956,1.86213698033379,1.14877560865906,0.105,67.701,0.0348454934957505,8358140.0
BRA,Brazil,Latin America & Caribbean ,1996,6640.7270065575,164202549,15.6355914758682,1.65484349950291,1.14889170835858,0.451,68.108,0.0307255066474577,8358140.0
BRA,Brazil,Latin America & Caribbean ,1997,6764.85842091319,166661659,16.5762092613247,1.57768831551774,1.03895894476099,0.786,68.505,0.0264539604528619,8358140.0
BRA,Brazil,Latin America & Caribbean ,1998,6687.49523550242,169159655,16.4385849312059,1.66229191975824,0.962811621846264,1.48,68.848,0.0308101682491077,8358140.0
BRA,Brazil,Latin America & Caribbean ,1999,6621.63676249539,171641543,20.9821664782285,1.64547466656987,1.71450974118159,2.04,69.211,0.0248438874194222,8358140.0
BRA,Brazil,Latin America & Caribbean ,2000,6817.784240857,174018282,22.6397613567941,1.73072614713627,2.15912007223176,2.87068515854108,69.584,0.0401652100957183,8358140.0
BRA,Brazil,Latin America & Caribbean ,2001,6823.03396999891,176301203,26.936285022064,1.95188244532532,2.23774123802714,4.52849486902851,69.98,0.0465146619093137,8358140.0
BRA,Brazil,Latin America & Caribbean ,2002,6944.62337495755,178503484,27.6183574022309,1.89577119915617,2.8154673100718,9.14942508560748,70.396,0.0479827357729305,8358140.0
BRA,Brazil,Latin America & Caribbean ,2003,6941.4404574508,180622688,28.1403847231593,1.50347763554507,2.70034429443933,13.2075861035303,70.884,0.0424224817475854,8358140.0
BRA,Brazil,Latin America & Caribbean ,2004,7258.78185165912,182675143,29.6782524787535,1.46126840890621,2.53496036492128,19.073672274442,71.361,0.0274475959679718,8358140.0
BRA,Brazil,Latin America & Caribbean ,2005,7409.56913232718,184688101,27.0867952043315,1.52401346273319,3.65047497650545,21.022747248827,71.832,0.0250899960417409,8358140.0
BRA,Brazil,Latin America & Caribbean ,2006,7622.04007133264,186653106,26.04169989179,1.48108495636286,3.82714515901824,28.17840004,72.296,0.0102045590311668,8358140.0
BRA,Brazil,Latin America & Caribbean ,2007,8003.25413096047,188552320,25.2926113755394,1.46629209992902,4.10201494553661,30.87999916,72.73,0.0240296580447644,8358140.0
BRA,Brazil,Latin America & Caribbean ,2008,8330.76459841304,190367302,27.257569417356,1.44192408837717,4.7760488329414,33.83,73.111,0.0283287525961223,8358140.0
BRA,Brazil,Latin America & Caribbean ,2009,8246.09706995094,192079951,22.1059756060333,1.53862567601211,2.38487387569911,39.22,73.457,0.0229929677292984,8358140.0
BRA,Brazil,Latin America & Caribbean ,2010,8792.63436120342,193701929,22.772178113177,1.53940698128362,3.64871282999395,40.65,73.779,0.020420850528682,8358140.0
BRA,Brazil,Latin America & Caribbean ,2011,9067.99316348047,195284734,23.9344051758721,1.41185115924524,4.33686638966397,45.69,74.047,0.0329822801605826,8358140.0
BRA,Brazil,Latin America & Caribbean ,2012,9167.49923929815,196876111,25.1142736107398,1.37865646470437,3.85552495977285,48.56,74.335,0.0536062444040586,8358140.0
BRA,Brazil,Latin America & Caribbean ,2013,9366.73932434359,198478299,25.7859573274674,1.32944608382557,3.78686028400519,51.04,74.609,0.0473957102926864,8358140.0
BRA,Brazil,Latin America & Caribbean ,2014,9338.34278278114,200085127,24.6854058131291,1.330244423168,3.28623279487755,54.5510018796392,74.823,0.0379272383486773,8358140.0
BRA,Brazil,Latin America & Caribbean ,2015,8936.19661712113,201675532,26.95362593736,1.36551715396161,2.35832735012319,58.3279517340924,75.106,0.0567316650201827,8358140.0
BRA,Brazil,Latin America & Caribbean ,2016,8577.84376650911,203218114,24.5336820777006,1.34797541299482,2.43013532231265,60.8725400681261,75.081,0.0383834912534555,8358140.0
BRA,Brazil,Latin America & Caribbean ,2017,8628.25308908043,204703445,24.3197343743057,1.41402166797586,2.73375767842298,67.4712845236305,75.383,0.0135250398679085,8358140.0
BRA,Brazil,Latin America & Caribbean ,2018,8722.33630317935,206107261,28.8762033763866,1.46967772350671,3.61759120230309,70.4342825404361,75.633,0.02387651287444,8358140.0
BRA,Brazil,Latin America & Caribbean ,2019,8771.44051292177,207455459,28.8902578698964,1.38279724638797,3.21717303299592,73.9124399133589,75.809,0.015006259128077,8358140.0
BRA,Brazil,Latin America & Caribbean ,2020,8435.01143254978,208660842,32.3020785437939,1.32666026860555,3.22987656043381,81.34269353,74.506,0.0424601792942894,8358140.0
BRA,Brazil,Latin America & Caribbean ,2021,8799.22945810901,209550294,37.6563307598082,1.14903763026142,7.94111199933246,80.68989314,73.038,0.0689288714709019,8358140.0
BRB,Barbados,Latin America & Caribbean ,1995,18728.9470113809,262039,,,0.258669173463335,0.00775,73.88,0.0236274699594313,430.0
BRB,Barbados,Latin America & Caribbean ,1996,19455.5086622641,262284,,,0.230653856863165,0.389,74.065,0.249815729268907,430.0
BRB,Barbados,Latin America & Caribbean ,1997,20369.3325002152,262392,,,0.176665303195437,0.783,73.988,0.239582114077957,430.0
BRB,Barbados,Latin America & Caribbean ,1998,21125.2533175225,262436,,,0.144360374300053,1.97,74.465,0.624882626793498,430.0
BRB,Barbados,Latin America & Caribbean ,1999,21189.4102394967,262517,,,0.272777479325596,2.38,74.587,-0.0205857740871118,430.0
BRB,Barbados,Latin America & Caribbean ,2000,22170.0846712974,262063,,,0.380670352993213,3.97367835457927,74.58,0.060721573104265,430.0
BRB,Barbados,Latin America & Caribbean ,2001,21615.8003391727,262425,,,0.246298575712051,11.9364503383984,74.707,0.0108662430930573,430.0
BRB,Barbados,Latin America & Caribbean ,2002,21643.8964907973,264148,,,0.243476236193269,27.836322424146,74.82,0.158993154926277,430.0
BRB,Barbados,Latin America & Caribbean ,2003,21979.2923230027,265776,,,0.22450334353528,39.6896271159532,74.865,0.691583634074026,430.0
BRB,Barbados,Latin America & Caribbean ,2004,22162.6344048607,267298,,,0.23925567556558,49.8,75.15,0.910552469071582,430.0
BRB,Barbados,Latin America & Caribbean ,2005,22918.5438028595,268706,,,0.356611997189558,52.5,74.96,-0.0172863217240123,430.0
BRB,Barbados,Latin America & Caribbean ,2006,24193.1384344674,270002,,,0.397643724326972,55.29999924,75.049,-0.0224695104692617,430.0
BRB,Barbados,Latin America & Caribbean ,2007,24579.0897752594,271288,,,0.354933567682052,58.20000076,75.263,0.416671237526326,430.0
BRB,Barbados,Latin America & Caribbean ,2008,24605.4523230752,272714,,,0.400710135217005,61.40000153,75.3,0.204204748250607,430.0
BRB,Barbados,Latin America & Caribbean ,2009,23250.8017659349,274123,,,0.217755377729703,64.69999695,75.458,0.274740823244392,430.0
BRB,Barbados,Latin America & Caribbean ,2010,21285.0039393558,275243,,,0.297144735120965,65.09999847,75.488,0.293037061772403,430.0
BRB,Barbados,Latin America & Caribbean ,2011,21200.1949825923,276139,,,0.478258261538397,66.5,75.599,,430.0
BRB,Barbados,Latin America & Caribbean ,2012,20534.8825878653,276938,,,0.455018922008083,71.19999695,75.737,,430.0
BRB,Barbados,Latin America & Caribbean ,2013,20521.1209928514,277665,,,0.383795670096944,71.80000305,75.816,,430.0
BRB,Barbados,Latin America & Caribbean ,2014,20636.0327188055,278348,,,0.327779295536994,71.92459869,75.926,,430.0
BRB,Barbados,Latin America & Caribbean ,2015,20429.4747123553,278990,,,0.129202531392543,72.04940033,76.055,,430.0
BRB,Barbados,Latin America & Caribbean ,2016,20673.7682337375,279598,,,0.0966644797426343,71.57299805,76.168,,430.0
BRB,Barbados,Latin America & Caribbean ,2017,20766.5518491129,280171,,,0.13228226291345,71.14849854,76.237,,430.0
BRB,Barbados,Latin America & Caribbean ,2018,20674.3547847984,280711,,,0.214063429251287,70.72650146,76.378,,430.0
BRB,Barbados,Latin America & Caribbean ,2019,20687.6467427909,281207,,,0.230547661622418,70.30709839,76.495,,430.0
BRB,Barbados,Latin America & Caribbean ,2020,17056.9868669781,281698,,,0.138343276363777,69.89009857,76.647,,430.0
BRB,Barbados,Latin America & Caribbean ,2021,18395.6153622073,282147,,,0.328405869203115,69.4756012,76.58,,430.0
BRN,Brunei Darussalam,East Asia & Pacific,1995,39274.4980204335,291195,71.0372539498999,5.47726596521598,23.9593323667548,1.02,72.838,0.0557132428085999,5270.0
BRN,Brunei Darussalam,East Asia & Pacific,1996,38331.6576177026,298276,80.4854766978859,6.24949383149313,26.9444100718296,3.3,73.079,,5270.0
BRN,Brunei Darussalam,East Asia & Pacific,1997,39820.2107524086,305341,77.1488095360526,7.18396455211652,25.8932437123593,4.83,73.326,,5270.0
BRN,Brunei Darussalam,East Asia & Pacific,1998,36331.1813349886,312385,78.7306051610635,7.52984389348026,18.2806644004442,6.28,73.584,,5270.0
BRN,Brunei Darussalam,East Asia & Pacific,1999,37045.9342568638,319411,75.9893555053428,6.13041835206517,24.3701807888526,7.67,73.806,,5270.0
BRN,Brunei Darussalam,East Asia & Pacific,2000,37509.5983847742,326424,87.0553329877697,4.06920549004446,34.9806797269488,8.99628453448726,74.017,,5270.0
BRN,Brunei Darussalam,East Asia & Pacific,2001,37269.3099216587,333345,91.0997876196857,3.8863976083707,28.0689587422791,12.9177690823013,74.209,,5270.0
BRN,Brunei Darussalam,East Asia & Pacific,2002,37976.2627573601,340099,93.2161814722477,3.87078275829112,25.6090865095569,15.329879855735,74.365,,5270.0
BRN,Brunei Darussalam,East Asia & Pacific,2003,38595.1688513702,346637,89.085616098756,3.71141961800389,28.186665250467,19.5950032207342,74.509,,5270.0
BRN,Brunei Darussalam,East Asia & Pacific,2004,37948.6590825194,352911,84.8821666638192,2.53273008763096,30.6736955466632,29.7156041447864,74.603,,5270.0
BRN,Brunei Darussalam,East Asia & Pacific,2005,37312.2778797122,358916,81.6201140155232,2.3494276381516,34.870561902884,36.4663919475782,74.683,,5270.0
BRN,Brunei Darussalam,East Asia & Pacific,2006,38229.3565684183,364663,81.5709547429689,2.3039631946555,37.4065877795075,42.1863491609307,74.753,,5270.0
BRN,Brunei Darussalam,East Asia & Pacific,2007,36174.516515486,370873,81.0114146368958,2.38015224434092,33.5991567858711,44.68,74.793,,5270.0
BRN,Brunei Darussalam,East Asia & Pacific,2008,34126.6941563969,377793,89.7454253523344,2.26179236887845,31.9744920960436,46.0,74.814,,5270.0
BRN,Brunei Darussalam,East Asia & Pacific,2009,32855.6021602466,384952,90.2870882587894,2.94107203176036,23.5521044849525,49.0,74.814,,5270.0
BRN,Brunei Darussalam,East Asia & Pacific,2010,33121.3178241724,392332,95.3715460226132,2.85048790060089,26.7152441963854,53.0,74.82,,5270.0
BRN,Brunei Darussalam,East Asia & Pacific,2011,33754.3640783713,399389,99.5379309038179,2.24224141990167,29.6086211413466,56.0,74.835,,5270.0
BRN,Brunei Darussalam,East Asia & Pacific,2012,33544.5389457877,405557,105.640902140819,2.15903448896045,25.2092889599313,60.27310181,74.843,,5270.0
BRN,Brunei Darussalam,East Asia & Pacific,2013,32381.0739795231,411202,110.939599584216,2.27750759504916,21.4732323194006,64.5,74.854,,5270.0
BRN,Brunei Darussalam,East Asia & Pacific,2014,31148.7297405401,416750,102.421000963035,3.08686095781185,22.0986474634681,68.76999664,74.862,,5270.0
BRN,Brunei Darussalam,East Asia & Pacific,2015,30625.1287744656,422212,89.8961882533585,3.27929046083748,18.8982989274798,71.19999695,74.88,,5270.0
BRN,Brunei Darussalam,East Asia & Pacific,2016,29492.4145927789,427564,87.319801332806,3.53938463904119,15.6737709259074,90.0,74.905,,5270.0
BRN,Brunei Darussalam,East Asia & Pacific,2017,29524.65912789,432772,85.1768604269985,2.86512850957169,17.1505902720615,94.86669922,74.943,,5270.0
BRN,Brunei Darussalam,East Asia & Pacific,2018,29200.1952024222,437810,93.8980617666778,2.63661248533021,22.5076667399112,95.0,74.992,,5270.0
BRN,Brunei Darussalam,East Asia & Pacific,2019,29996.2407223175,442680,108.509658357959,3.07858724948281,20.8493177212138,95.0,75.049,,5270.0
BRN,Brunei Darussalam,East Asia & Pacific,2020,30015.9588506697,447404,110.291003658452,3.63429176862407,13.7524545777569,96.30549622,75.114,,5270.0
BRN,Brunei Darussalam,East Asia & Pacific,2021,29256.1833678343,451721,147.123112375318,3.23636748209722,24.2800139399884,97.62879944,74.869,,5270.0
BTN,Bhutan,South Asia,1995,1043.38748981674,547989,83.8829086495551,,6.1254404510305,,59.277,27.4277225932297,39800.0
BTN,Bhutan,South Asia,1996,1099.85817824831,548784,84.629491433895,,5.8349893078325,,59.982,21.2875457647328,39800.0
BTN,Bhutan,South Asia,1997,1138.39922318847,558697,85.2114372285036,,4.28026008090708,,60.639,18.4960260536442,39800.0
BTN,Bhutan,South Asia,1998,1182.98781073316,569435,85.5831350923996,,4.18976747526365,,61.322,17.0721319438999,39800.0
BTN,Bhutan,South Asia,1999,1248.61600842811,582579,85.866205982457,,4.28453588934316,0.138,62.032,20.023563846794,39800.0
BTN,Bhutan,South Asia,2000,1259.6237645235,596863,74.0264971104432,,3.99249791992571,0.40094444691941,61.842,10.2337423370261,39800.0
BTN,Bhutan,South Asia,2001,1321.09878230279,610794,71.0945747295588,,3.85986523622213,0.864628564215099,63.323,11.0128054181249,39800.0
BTN,Bhutan,South Asia,2002,1427.25693317315,624409,70.2833172005966,,3.57415905695312,1.67580258375242,63.984,10.886644048299,39800.0
BTN,Bhutan,South Asia,2003,1506.4152751782,637663,72.8499006593611,,3.33824659651879,2.43691239949767,64.662,11.4177640289824,39800.0
BTN,Bhutan,South Asia,2004,1552.73915195801,650544,89.0605518004294,,2.96502678462155,3.15698419613711,65.29,10.0267034685161,38117.0
BTN,Bhutan,South Asia,2005,1632.02169500573,661865,97.7434135429344,,2.6909483288888,3.847100019,65.875,9.27931507949927,38117.0
BTN,Bhutan,South Asia,2006,1701.11878173586,670799,108.157794891125,,3.39463477873421,4.518300056,66.499,9.8387946323301,38117.0
BTN,Bhutan,South Asia,2007,1952.25734603779,678641,106.929022415,,4.30343281187343,5.92,67.152,7.72114818852283,38117.0
BTN,Bhutan,South Asia,2008,2017.76018913403,686351,101.954235669521,,4.20220994620471,6.55,67.733,6.15655286314746,38117.0
BTN,Bhutan,South Asia,2009,2148.56480375034,693988,101.559411565244,,3.53573296043821,7.17,68.156,7.91503543806788,38117.0
BTN,Bhutan,South Asia,2010,2378.72810760985,701632,105.010666693593,,5.30448103550043,13.6,68.765,5.39080916369241,38117.0
BTN,Bhutan,South Asia,2011,2552.48871073094,709377,102.795600221106,,4.92099178553179,14.39999962,69.28,6.36573173178522,38117.0
BTN,Bhutan,South Asia,2012,2654.74798946027,717279,94.0450271469571,,4.25283283104005,15.60000038,69.759,8.82701000919087,38117.0
BTN,Bhutan,South Asia,2013,2671.07460201171,725273,95.0525382780424,,3.47642434931993,22.39999962,70.161,7.51519438555934,38117.0
BTN,Bhutan,South Asia,2014,2797.81883971908,733139,87.9342562013295,,3.4188576402575,30.29999924,70.504,6.68547786051762,38117.0
BTN,Bhutan,South Asia,2015,2954.04081911097,740618,89.6391604595496,,4.0282954127605,39.79999924,70.797,4.75669668140881,38117.0
BTN,Bhutan,South Asia,2016,3173.36773217431,747866,76.3847528498375,,4.43640193256866,46.50320053,71.119,2.37548462151728,38144.0
BTN,Bhutan,South Asia,2017,3211.80903275593,754335,76.7884016850221,,3.36403341231926,54.33549881,71.413,4.98383741257847,38144.0
BTN,Bhutan,South Asia,2018,3300.55006461736,759759,79.7397203296083,,1.98850743903733,63.48680115,71.711,4.56683231329935,38140.0
BTN,Bhutan,South Asia,2019,3467.38598979356,764824,76.1235167041505,,2.1900698281611,74.17939758,72.005,7.16990216872845,38140.0
BTN,Bhutan,South Asia,2020,3092.12428399363,770006,71.8303510394637,,2.79203234949683,76.85079956,72.253,8.80005363209277,38140.0
BTN,Bhutan,South Asia,2021,3206.20366997254,775442,77.5824482709826,,2.73325446048629,85.63688389,72.448,4.91299964955855,38140.0
BWA,Botswana,Sub-Saharan Africa ,1995,4399.1388580936,1498836,94.595171646002,3.50647971949777,2.32135451850578,0.0645,54.713,1.9083317408595,566730.0
BWA,Botswana,Sub-Saharan Africa ,1996,4543.2105349273,1535914,90.955575275056,2.89952149833484,1.2490411836837,0.157,54.284,1.62289357629267,566730.0
BWA,Botswana,Sub-Saharan Africa ,1997,4809.4439184672,1571691,108.604415150755,3.19720462718414,1.38262764865296,0.308,53.594,2.49447164222067,566730.0
BWA,Botswana,Sub-Saharan Africa ,1998,4724.93670942028,1606899,101.841039320292,3.77939884443731,0.852197294186411,0.602,52.968,2.1639274671158,566730.0
BWA,Botswana,Sub-Saharan Africa ,1999,5070.94772048729,1641997,98.9290812021418,3.09207375530236,1.35861662081351,1.12,52.499,1.16602782246242,566730.0
BWA,Botswana,Sub-Saharan Africa ,2000,5062.64289173588,1677382,91.924729689918,3.19124295081058,2.37714702277095,2.90266662177209,52.263,0.563265135331995,566730.0
BWA,Botswana,Sub-Saharan Africa ,2001,4971.96371794188,1712254,87.5250655680957,3.83122303260369,1.16385362507893,3.43088678702599,52.21,0.540490991724735,566730.0
BWA,Botswana,Sub-Saharan Africa ,2002,5175.47655317231,1744763,91.8357740585774,4.11020648951656,0.914120248089873,3.38592235064273,52.373,0.78701181416143,566730.0
BWA,Botswana,Sub-Saharan Africa ,2003,5320.440295139,1775736,85.8340425151264,4.00736658870518,1.93144907309188,3.3451901740614,52.851,0.412824561078415,566730.0
BWA,Botswana,Sub-Saharan Africa ,2004,5369.42516766112,1807146,90.9978228872631,3.50587404134874,3.22396760199793,3.30488925316113,53.573,0.58272112985742,566730.0
BWA,Botswana,Sub-Saharan Africa ,2005,5514.21742664705,1839877,88.5053520573505,2.85800418504025,2.34343304226201,3.262599945,54.386,0.531310999174034,566730.0
BWA,Botswana,Sub-Saharan Africa ,2006,5865.00026521361,1874516,86.612433913524,2.75454609516549,6.44214501334577,4.28993297515968,55.112,0.711293838995788,566730.0
BWA,Botswana,Sub-Saharan Africa ,2007,6085.6354476126,1911201,98.4965249407252,2.90001468952761,7.41241849763415,5.28,56.735,1.03004183280471,566730.0
BWA,Botswana,Sub-Saharan Africa ,2008,6158.61629368051,1949970,99.008222007989,3.0976203987662,3.96220451892022,6.25,57.661,7.09173412113318,566730.0
BWA,Botswana,Sub-Saharan Africa ,2009,5179.4138607146,1990673,88.4807886337378,3.26282073750534,2.2457224349065,6.150000095,58.297,2.81527824316302,566730.0
BWA,Botswana,Sub-Saharan Africa ,2010,5584.5034321846,2033111,94.6390020873926,2.75907988033428,2.10519505915873,6.0,59.137,1.26094267062805,566730.0
BWA,Botswana,Sub-Saharan Africa ,2011,5850.07858575461,2073535,98.9614677801469,2.40443003238577,1.89428505199175,9.0,59.715,0.789184700805229,566730.0
BWA,Botswana,Sub-Saharan Africa ,2012,5742.91924452636,2108617,111.875280620952,2.34377212582193,2.25863530970605,16.0,60.384,0.533688998850895,566730.0
BWA,Botswana,Sub-Saharan Africa ,2013,6284.97678002618,2140682,125.78303991122,2.1471710497407,1.42514080375562,30.0,61.217,0.788236690709007,566730.0
BWA,Botswana,Sub-Saharan Africa ,2014,6547.12254115892,2172044,119.497541791464,2.21199714449013,0.927757760163875,36.74474744423,62.167,0.662552892652598,566730.0
BWA,Botswana,Sub-Saharan Africa ,2015,6141.20394726616,2203273,112.900891016005,2.82519449903662,0.804774555171728,38.89379883,63.215,0.501184030053783,566730.0
BWA,Botswana,Sub-Saharan Africa ,2016,6490.83463593483,2234776,100.464689766026,3.41066258273304,0.762292638118151,41.16859818,64.32,0.656683894203992,566730.0
BWA,Botswana,Sub-Saharan Africa ,2017,6662.57644805467,2266747,81.9239513763494,3.24857919499091,0.880112468848718,43.57640076,65.42,0.692684903145749,566730.0
BWA,Botswana,Sub-Saharan Africa ,2018,6843.84612027739,2299141,87.4551039946493,2.92475944543875,0.869694754311434,46.12509918,66.371,0.555766082604182,566730.0
BWA,Botswana,Sub-Saharan Africa ,2019,6951.73189051146,2332083,83.0929813601175,3.08122244554008,0.656053805525875,48.82279968,67.167,0.428909286689768,566730.0
BWA,Botswana,Sub-Saharan Africa ,2020,6254.24806241091,2365894,80.3250344865506,3.33478768726661,0.675042393475679,51.67819977,67.643,0.535380089896238,566730.0
BWA,Botswana,Sub-Saharan Africa ,2021,6895.91184943107,2401441,91.0478497403998,3.04556932426419,1.03853443914101,54.70069885,63.303,0.525850551755489,566730.0
CAF,Central African Republic,Sub-Saharan Africa ,1995,468.150527620686,3348052,50.4758911171183,1.16678191990947,12.3967733718779,,48.109,15.3308773361741,622980.0
CAF,Central African Republic,Sub-Saharan Africa ,1996,437.925054761723,3435965,47.0844050293092,1.21019207119553,12.0071547470753,0.00585,47.7,17.1407535665158,622980.0
CAF,Central African Republic,Sub-Saharan Africa ,1997,448.634663639551,3531700,55.8185083614851,,13.1964001171988,0.0143,47.284,9.92999909836024,622980.0
CAF,Central African Republic,Sub-Saharan Africa ,1998,457.148858416438,3628827,51.0495318767161,,13.5362576835447,0.0279,47.089,12.7156403030383,622980.0
CAF,Central African Republic,Sub-Saharan Africa ,1999,460.827900216085,3729450,43.212343897896,,9.612906860768,0.0409,46.91,11.9799724108904,622980.0
CAF,Central African Republic,Sub-Saharan Africa ,2000,437.168928414826,3833416,45.6597819937269,,11.1834541155259,0.0533941742150456,46.609,8.39911849779658,622980.0
CAF,Central African Republic,Sub-Saharan Africa ,2001,446.658634192083,3919487,39.7304997372329,,10.8709245460195,0.0785434278394038,46.734,8.24106144592013,622980.0
CAF,Central African Republic,Sub-Saharan Africa ,2002,452.808702217035,4006077,36.1085647794782,1.08695556960344,11.3592017688794,0.128537116506299,46.84,6.08082765309025,622980.0
CAF,Central African Republic,Sub-Saharan Africa ,2003,418.240532289858,4103086,36.2312260023474,1.26385440119305,11.7035944958621,0.151563337940017,47.306,4.51944092590024,622980.0
CAF,Central African Republic,Sub-Saharan Africa ,2004,433.825227770233,4192826,33.2439549188203,1.15308800406955,8.16831180133758,0.223401395464406,47.696,8.74489474583014,622980.0
CAF,Central African Republic,Sub-Saharan Africa ,2005,427.968043155237,4288810,35.0709368656226,1.08975993344158,8.63532012713763,0.26820001,48.207,6.70096849172893,622980.0
CAF,Central African Republic,Sub-Saharan Africa ,2006,439.294330902768,4377579,36.3958702287378,,10.0149391864689,0.311199993,48.687,9.21059096717578,622980.0
CAF,Central African Republic,Sub-Saharan Africa ,2007,450.762785401893,4462770,37.5808990187896,1.0890772448248,9.94773670399437,0.375815961044797,49.327,10.6570280226423,622980.0
CAF,Central African Republic,Sub-Saharan Africa ,2008,450.313616886022,4558984,34.4375218095517,1.54988099383057,11.7427274520468,1.0,49.873,13.2138176369156,622980.0
CAF,Central African Republic,Sub-Saharan Africa ,2009,492.215398914836,4529047,31.4942464896799,1.74797074081845,8.76357439936913,1.799999952,14.665,11.6971378501892,622980.0
CAF,Central African Republic,Sub-Saharan Africa ,2010,519.141456408484,4492995,34.4304819543042,2.40996017514635,7.89856275992667,2.0,46.871,11.2929126295448,622980.0
CAF,Central African Republic,Sub-Saharan Africa ,2011,532.38295493852,4565021,34.4756183327299,2.04840124780659,8.45049853159435,2.200000048,50.107,10.9805609447775,622980.0
CAF,Central African Republic,Sub-Saharan Africa ,2012,553.729578314912,4610848,33.0594485943314,1.70284520206217,9.16768384336065,2.400000095,51.336,9.04369304422466,622980.0
CAF,Central African Republic,Sub-Saharan Africa ,2013,349.821171688973,4642419,38.3992875721315,2.83390827023391,13.29568815319,2.5,49.487,11.883533094985,622980.0
CAF,Central African Republic,Sub-Saharan Africa ,2014,351.561554911625,4623182,53.0950920179825,2.02965439546462,11.2660722533116,2.700000048,40.265,31.9140147785208,622980.0
CAF,Central African Republic,Sub-Saharan Africa ,2015,366.322853938121,4629320,53.1451477769621,1.57531677890907,12.6926233912315,2.900000095,51.934,28.360529537577,622980.0
CAF,Central African Republic,Sub-Saharan Africa ,2016,376.858254120398,4713663,50.53064402191,1.47163796004867,13.0582628938186,3.099999905,50.999,27.425348533984,622980.0
CAF,Central African Republic,Sub-Saharan Africa ,2017,387.35795131742,4793511,57.1435457117119,1.34269739488284,13.4175903775497,4.0,45.231,23.5074748789554,622980.0
CAF,Central African Republic,Sub-Saharan Africa ,2018,395.020015455909,4878657,49.6602000024318,1.33998903358031,11.1787424768372,5.099999905,52.297,26.8587345478905,622980.0
CAF,Central African Republic,Sub-Saharan Africa ,2019,401.82582161435,4944703,50.0658000014868,1.78989988276583,9.81112301862311,7.509200096,31.53,28.3914592108344,622980.0
CAF,Central African Republic,Sub-Saharan Africa ,2020,398.834274122139,5026628,49.5210200011921,1.8589727247233,9.88532886509892,,50.596,33.9426044260817,622980.0
CAF,Central African Republic,Sub-Saharan Africa ,2021,396.020622931961,5112100,44.159119995104,2.14924843936704,10.2601957578803,,40.279,24.5614011900616,622980.0
CAN,Canada,North America,1995,32595.4842690909,29302311,69.0617480799547,1.55409007114777,2.48630196327422,4.16,77.9773170731707,,8965590.0
CAN,Canada,North America,1996,32801.3348171586,29610218,70.2600734560392,1.40375258106455,3.20298844899117,6.76,78.220243902439,,8965590.0
CAN,Canada,North America,1997,33867.0419274091,29905948,74.3365281134772,1.24624320151167,2.71190740654354,15.1,78.4124390243903,,8965590.0
CAN,Canada,North America,1998,34894.6484928404,30155173,78.0812683804376,1.25629390156868,1.69513810815863,24.9,78.6236585365854,,8965590.0
CAN,Canada,North America,1999,36391.5718964607,30401286,80.1147908564172,1.24170306410258,2.36216086159937,36.2,78.8390243902439,,8965590.0
CAN,Canada,North America,2000,37906.89821012,30685730,82.7653578503214,1.11434980213748,4.60751758237025,51.3,79.1668292682927,,8965590.0
CAN,Canada,North America,2001,38200.4945025395,31020855,78.3442183943698,1.13335628281332,3.49736523473696,60.2,79.3980487804878,,8965590.0
CAN,Canada,North America,2002,38921.7064054514,31359199,75.7069052324349,1.11686914736943,2.86861445184707,61.5932992681952,79.5307317073171,,8965590.0
CAN,Canada,North America,2003,39270.0629084669,31642461,69.8399832953973,1.11193730688338,4.12923765244659,64.2,79.7151219512195,,8965590.0
CAN,Canada,North America,2004,40108.7990262916,31938807,70.1923674409029,1.10418939142687,4.43821726904446,65.9559634648989,79.9921951219512,,8965590.0
CAN,Canada,North America,2005,41006.264144024,32242732,69.7585441602155,1.10710542420811,5.56481908611814,71.66,80.1126829268293,,8965590.0
CAN,Canada,North America,2006,41663.5541588166,32571193,68.0508003453151,1.12252472932052,4.0838166222725,72.40000153,80.5436585365854,,8965590.0
CAN,Canada,North America,2007,42106.9147186165,32888886,66.2834197482347,1.18579022996702,3.90022693990303,73.2,80.5436585365854,,8965590.0
CAN,Canada,North America,2008,42067.610977795,33247298,67.023446571123,1.24551836677548,5.07361690424834,76.69999695,80.7246341463415,,8965590.0
CAN,Canada,North America,2009,40376.4559330928,33630069,58.4742801830543,1.37755563107525,1.92304119754021,80.3,81.0660975609756,,8965590.0
CAN,Canada,North America,2010,41164.3812486578,34005902,60.2079046752442,1.19433833839121,2.12754227247051,80.3,81.3221951219512,,8965590.0
CAN,Canada,North America,2011,42043.6842044008,34339221,62.4984217100546,1.19329189549638,2.59347020768665,83.0,81.4826829268293,,8965590.0
CAN,Canada,North America,2012,42320.6856530018,34713395,62.5957887432013,1.11840459807104,1.44307674491624,83.0,81.6636585365854,,8965590.0
CAN,Canada,North America,2013,42851.2135876232,35080992,62.2315329073432,1.00236720047397,1.71420267216183,85.80000305,81.7448780487805,,8965590.0
CAN,Canada,North America,2014,43643.2794910996,35434066,64.3785976132125,0.989925299438869,1.68853293506066,87.12000275,81.7843902439025,,8965590.0
CAN,Canada,North America,2015,43594.2379080706,35704498,66.1648355844224,1.15270937445521,0.332933838108915,90.0,81.8258536585366,,8965590.0
CAN,Canada,North America,2016,43551.3863558236,36110803,65.3636199818813,1.16416156719089,0.786494936523475,91.16000366,81.94,,8965590.0
CAN,Canada,North America,2017,44339.4332217878,36545075,65.1009087910845,1.35189646465708,1.19690470285221,92.70140076,81.8078048780488,,8965590.0
CAN,Canada,North America,2018,44907.3887994469,37072620,66.59982627163,1.3176781061648,1.79820431653194,94.64,81.8036585365854,,8965590.0
CAN,Canada,North America,2019,45100.336805859,37618495,66.1713422730605,1.28451224366918,1.93317583033348,91.91290283,82.1585365853659,,8965590.0
CAN,Canada,North America,2020,42366.1710935265,38028638,61.1566883386797,1.39399340787119,1.24181874632923,92.3,81.53,,8965590.0
CAN,Canada,North America,2021,44639.2381171993,38239864,62.2468612630348,1.25420081409628,4.94905581435186,93.93710327,81.4514634146342,,8788700.0
CHE,Switzerland,Europe & Central Asia,1995,68765.8004895745,7040687,75.1376882191202,1.35581088252354,0.019344501065301,3.55,78.4170731707317,,39529.67
CHE,Switzerland,Europe & Central Asia,1996,68846.2811295722,7071850,77.8113363495061,1.28375680158363,0.0184092683245298,4.55,78.8960975609756,,39528.454
CHE,Switzerland,Europe & Central Asia,1997,70121.2926450719,7088906,87.7278967644152,1.22086410342116,0.0195028572201222,15.1,79.079512195122,,39527.237
CHE,Switzerland,Europe & Central Asia,1998,71854.1176863899,7110001,87.5735021497451,1.18520390139366,0.0176056456990415,24.8,79.3243902439025,,39526.019
CHE,Switzerland,Europe & Central Asia,1999,72713.7068420544,7143991,89.0947747052773,1.08621220546806,0.0170124455735738,34.0,79.580487804878,,39524.8
CHE,Switzerland,Europe & Central Asia,2000,74933.2770077552,7184250,97.3533027751465,1.02928011745958,0.0339378282692173,47.1,79.6804878048781,,39523.581
CHE,Switzerland,Europe & Central Asia,2001,75646.1781144131,7229854,95.2126294750525,0.991880080138388,0.020027551740193,55.1,80.1804878048781,,39522.36
CHE,Switzerland,Europe & Central Asia,2002,75361.6941607385,7284753,90.8996540981166,0.956388349764947,0.0174874465729194,61.4,80.3853658536585,,39521.139
CHE,Switzerland,Europe & Central Asia,2003,74592.0284690955,7339001,89.7492121342442,0.926630419400856,0.0179605826583903,65.1,80.5365853658537,,39519.917
CHE,Switzerland,Europe & Central Asia,2004,75997.4453154761,7389625,95.0327601603667,0.888925074606932,0.0139653911937158,67.8,81.0878048780488,,39518.694
CHE,Switzerland,Europe & Central Asia,2005,77741.3436104704,7437115,101.668892487876,0.83306403652778,0.0146097923245434,70.1,81.2365853658537,,39517.47
CHE,Switzerland,Europe & Central Asia,2006,80448.9696781612,7483934,105.761916866753,0.753808477874928,0.0174346266304433,75.7,81.490243902439,,39516.245
CHE,Switzerland,Europe & Central Asia,2007,82909.1358291459,7551117,112.709971761703,0.718232323663411,0.0193040083982512,77.2,81.7414634146342,,39515.02
CHE,Switzerland,Europe & Central Asia,2008,83934.7657221246,7647675,116.342641744869,0.722484412265189,0.0170877778380369,79.2,81.9926829268293,,39514.422
CHE,Switzerland,Europe & Central Asia,2009,81288.642957612,7743831,109.062731270231,0.73179337674355,0.0149515003832237,81.3,82.0439024390244,,39513.824
CHE,Switzerland,Europe & Central Asia,2010,83069.4276373455,7824909,119.202460523177,0.687220165933277,0.0153502739851764,83.9,82.2463414634147,,39513.225
CHE,Switzerland,Europe & Central Asia,2011,83307.3180998465,7912398,125.047367558638,0.694782257657599,0.0129731788701895,85.1930281804854,82.6951219512195,,39512.626
CHE,Switzerland,Europe & Central Asia,2012,83354.0207485188,7996861,125.865940588688,0.669001710434324,0.0116054102262085,85.2,82.6975609756098,,39512.028
CHE,Switzerland,Europe & Central Asia,2013,83914.0245080812,8089346,132.800535321539,0.712636242390875,0.0122925706275075,86.34,82.7975609756098,,39511.428
CHE,Switzerland,Europe & Central Asia,2014,85004.8134534,8188649,119.230530793932,0.634898338463689,0.0133939110821008,83.6172512621702,83.1975609756098,,39510.829
CHE,Switzerland,Europe & Central Asia,2015,85265.06205193,8282396,116.370019931647,0.651341082840214,0.0106918477707141,87.4790555978675,82.8975609756098,,39510.23
CHE,Switzerland,Europe & Central Asia,2016,85951.2234148345,8373338,122.941735178779,0.664750475412517,0.0105099534065671,89.1346877351392,83.6024390243903,,39509.63
CHE,Switzerland,Europe & Central Asia,2017,86362.360972862,8451840,122.948395589146,0.66568455676088,0.0097955876053815,89.6861476710225,83.5512195121951,,39509.63
CHE,Switzerland,Europe & Central Asia,2018,88581.0826935584,8514329,123.499829706856,0.652876569793988,0.0130088671838284,91.80000305,83.7536585365854,,39509.63
CHE,Switzerland,Europe & Central Asia,2019,88932.4119306425,8575280,123.022509832864,0.696324324760463,0.0091832516564973,93.1460869535177,83.9048780487805,,39509.63
CHE,Switzerland,Europe & Central Asia,2020,86293.9183441155,8638167,121.451100609762,0.772558973227674,0.0080278531976577,94.34999847,83.0,,39509.63
CHE,Switzerland,Europe & Central Asia,2021,90924.9256769825,8704546,128.004119652561,0.67289247365512,0.0091074031194559,95.56937154,83.7512195121951,,39509.63
CHI,Channel Islands,Europe & Central Asia,1995,,145247,,,,,77.7,,198.0
CHI,Channel Islands,Europe & Central Asia,1996,,145565,,,,,77.8,,198.0
CHI,Channel Islands,Europe & Central Asia,1997,,146214,,,,,78.2,,198.0
CHI,Channel Islands,Europe & Central Asia,1998,,146906,,,0.0,,78.5,,198.0
CHI,Channel Islands,Europe & Central Asia,1999,,147554,,,0.0,,79.1,,198.0
CHI,Channel Islands,Europe & Central Asia,2000,,148110,,,0.0,,78.8,,198.0
CHI,Channel Islands,Europe & Central Asia,2001,,148850,,,0.0,,79.0,,198.0
CHI,Channel Islands,Europe & Central Asia,2002,,149881,,,0.0,,79.1,,198.0
CHI,Channel Islands,Europe & Central Asia,2003,,150960,,,0.0,,79.4,,198.0
CHI,Channel Islands,Europe & Central Asia,2004,,152039,,,0.0,,79.8,,198.0
CHI,Channel Islands,Europe & Central Asia,2005,,153126,,,0.0,,80.1,,198.0
CHI,Channel Islands,Europe & Central Asia,2006,,154214,,,0.0,,80.4,,198.0
CHI,Channel Islands,Europe & Central Asia,2007,,155309,,,0.0,,80.6,,198.0
CHI,Channel Islands,Europe & Central Asia,2008,,156408,,,,,80.8,,198.0
CHI,Channel Islands,Europe & Central Asia,2009,67617.8205403696,157511,,,,,81.0,,198.0
CHI,Channel Islands,Europe & Central Asia,2010,64722.9832990297,158621,,,,,81.2,,198.0
CHI,Channel Islands,Europe & Central Asia,2011,65006.4871287216,159706,,,,,81.4,,198.0
CHI,Channel Islands,Europe & Central Asia,2012,60861.9006460501,160767,,,,,81.3,,198.0
CHI,Channel Islands,Europe & Central Asia,2013,60780.669022098,161777,,,,,81.5,,198.0
CHI,Channel Islands,Europe & Central Asia,2014,61892.8083445708,162726,,,,,81.6,,198.0
CHI,Channel Islands,Europe & Central Asia,2015,61847.8212238857,163454,,,,,81.4,,198.0
CHI,Channel Islands,Europe & Central Asia,2016,62434.1859444218,163883,,,,,81.2,,198.0
CHI,Channel Islands,Europe & Central Asia,2017,63393.3938698644,164319,,,,,81.0,,198.0
CHI,Channel Islands,Europe & Central Asia,2018,63859.9826096615,164949,,,,,81.1,,198.0
CHI,Channel Islands,Europe & Central Asia,2019,64594.5213908684,165639,,,,,81.2,,198.0
CHI,Channel Islands,Europe & Central Asia,2020,58636.7036143365,166235,,,,,80.9,,198.0
CHI,Channel Islands,Europe & Central Asia,2021,64267.6930018122,166741,,,,,80.3,,198.0
CHL,Chile,Latin America & Caribbean ,1995,7201.13100361441,14527381,54.6874835998853,2.56206462916649,6.55630977481336,0.347,75.298,0.226292356642239,743532.0
CHL,Chile,Latin America & Caribbean ,1996,7605.28953010603,14734046,53.9207522864456,2.42329858662731,4.95869610912803,0.683,75.555,0.258418721222503,743532.0
CHL,Chile,Latin America & Caribbean ,1997,8058.94228801535,14932434,54.099302009374,2.47364271374518,4.60520277817387,1.06,75.826,0.15725692953248,743532.0
CHL,Chile,Latin America & Caribbean ,1998,8287.45061096547,15127799,53.8361806045338,2.57620115809555,2.51172777125851,1.66,76.324,0.134186626750017,743532.0
CHL,Chile,Latin America & Caribbean ,1999,8161.45168872186,15319313,54.6956096251975,2.70268274607335,3.6694603049762,4.1,76.738,0.0969282298757975,743532.0
CHL,Chile,Latin America & Caribbean ,2000,8465.35303258864,15503635,58.7119233335812,2.68861587922595,4.87094937341686,16.6,77.128,0.0668522126245172,743532.0
CHL,Chile,Latin America & Caribbean ,2001,8632.0148244056,15683849,62.144766332768,2.64704914030913,3.94016087143578,19.1,77.58,0.0806962981263362,743532.0
CHL,Chile,Latin America & Caribbean ,2002,8810.69052712257,15857925,62.4838547414591,2.53154295292261,3.69658229472728,22.1,77.84,-0.0104669790236611,743532.0
CHL,Chile,Latin America & Caribbean ,2003,9130.7842621819,16024752,65.6934161956491,2.70297145376308,5.01162090891452,25.4737788864723,77.884,0.11061989274406,743532.0
CHL,Chile,Latin America & Caribbean ,2004,9642.37478651228,16187322,69.8893603825954,2.71229041616156,9.56665341226193,28.1779101232438,78.276,0.0589552745023036,743532.0
CHL,Chile,Latin America & Caribbean ,2005,10104.4208391373,16348778,72.062533372953,2.53476302244179,9.79630843278012,31.1753006,78.459,0.151591691631209,743532.0
CHL,Chile,Latin America & Caribbean ,2006,10611.6144012877,16509195,73.7116341203328,2.50608218939499,17.3488493708667,34.4977511736017,78.533,0.0719658952813602,743532.0
CHL,Chile,Latin America & Caribbean ,2007,11051.3450717678,16671581,76.9770240591423,2.33098056175611,17.1517567156625,35.90000153,78.652,0.0683108468599233,743532.0
CHL,Chile,Latin America & Caribbean ,2008,11356.0922105983,16838988,80.676626653784,2.58365229486108,13.8254393455321,37.29999924,78.752,0.062106594295049,743532.0
CHL,Chile,Latin America & Caribbean ,2009,11116.4093443103,17009731,66.6860312494996,2.27650789887703,8.79204050030603,41.56,78.89,0.0474717362415684,743532.0
CHL,Chile,Latin America & Caribbean ,2010,11649.2897090856,17181464,69.7176802332624,2.25424093293149,11.9881628362203,45.0,79.095,0.0884649678093622,743532.0
CHL,Chile,Latin America & Caribbean ,2011,12252.8441074615,17351816,72.481642209343,2.26361278130337,12.1645185437385,52.2496072877744,79.236,0.0702403436467369,743532.0
CHL,Chile,Latin America & Caribbean ,2012,12882.834417927,17519119,68.1561435339271,2.04588028294284,9.05442637303188,55.04999924,79.221,0.0507452099514586,743532.0
CHL,Chile,Latin America & Caribbean ,2013,13182.7329619856,17687006,65.1432877063737,1.99462247217943,7.66232423505302,58.0,79.551,0.0303935112346335,743532.0
CHL,Chile,Latin America & Caribbean ,2014,13285.9540361192,17864195,65.6346274347707,1.9671068502734,6.87780503013052,61.11000061,79.714,0.0990059996517965,741682.76
CHL,Chile,Latin America & Caribbean ,2015,13433.9202987032,18047625,59.3491105681231,1.9096233898132,4.04461870413776,76.6295919508796,80.008,0.0229723773178231,741682.76
CHL,Chile,Latin America & Caribbean ,2016,13505.097711133,18267221,56.0578603070995,1.92415844717468,3.20569572328577,83.5585860244169,80.295,0.073611154466086,742286.76
CHL,Chile,Latin America & Caribbean ,2017,13473.3458532934,18558868,56.0261586393213,1.94059250989466,5.30261792520974,82.3274869338464,80.61,0.0264884442017967,742286.76
CHL,Chile,Latin America & Caribbean ,2018,13763.0068844795,18893191,58.1770513035882,1.87761395069212,5.83707726201581,84.90000153,80.559,,742286.76
CHL,Chile,Latin America & Caribbean ,2019,13631.9284885172,19197744,57.6069157856537,1.86471710953666,2.56889266052365,85.01760101,80.324,,742831.64
CHL,Chile,Latin America & Caribbean ,2020,12680.7761524378,19370624,58.1687693933374,2.06553058219768,5.48716936741024,87.45929718,79.349,,742831.64
CHL,Chile,Latin America & Caribbean ,2021,14056.251601955,19456334,64.8399924791736,1.6474241515743,16.9044168802743,90.23280334,78.876,,742831.64
CHN,China,East Asia & Pacific,1995,1545.07897848105,1204855000,34.1049521589323,1.68623388691537,3.26699888521005,0.00495,70.363,0.476819096220235,9388240.0
CHN,China,East Asia & Pacific,1996,1681.45741269443,1217550000,33.6287512313005,1.65272667000964,3.00480163840847,0.0131,70.823,0.310237459984248,9388230.0
CHN,China,East Asia & Pacific,1997,1819.07954081306,1230075000,34.3135763220021,1.63265067284541,2.39155664717565,0.0324,71.227,0.215399514602066,9388230.0
CHN,China,East Asia & Pacific,1998,1944.46718626424,1241935000,32.1717399357488,1.65508069090551,1.71539063096113,0.169,71.601,0.24075472077764,9388230.0
CHN,China,East Asia & Pacific,1999,2076.93180259914,1252735000,33.2255380760054,1.87146591412577,1.84532736658367,0.708,71.952,0.220952612406479,9388230.0
CHN,China,East Asia & Pacific,2000,2237.30047918692,1262645000,39.0109424774998,1.83575968454189,2.6977401923859,1.77591320677415,72.288,0.144655958902127,9388220.0
CHN,China,East Asia & Pacific,2001,2405.99411858042,1271850000,38.0826469518334,1.98308624365796,2.59237672666031,2.63965021485872,72.675,0.112111577023389,9388214.2
CHN,China,East Asia & Pacific,2002,2610.66275070444,1280400000,42.1944423387413,2.05936465293746,1.95629636692387,4.59570433077551,73.034,0.102484409832411,9388213.2
CHN,China,East Asia & Pacific,2003,2856.85053293219,1288400000,51.0774801301803,1.99628893565843,2.01790669504299,6.2,73.385,0.0813502331245053,9388212.7
CHN,China,East Asia & Pacific,2004,3127.91444892337,1296075000,58.6403340408439,1.93850823279804,4.72487591845752,7.3,73.727,0.086402169423247,9388212.5
CHN,China,East Asia & Pacific,2005,3465.72767067642,1303720000,61.3600749408237,1.87185802294835,5.10277288536313,8.52325700269541,74.085,0.0781395263923949,9388211.8
CHN,China,East Asia & Pacific,2006,3883.27464370816,1311020000,63.5695798621627,1.8695916362794,5.52119781017524,10.5231526193851,74.404,0.0455261572485185,9388211.4
CHN,China,East Asia & Pacific,2007,4409.69709445986,1317885000,61.2664640006176,1.75016458545192,6.32787936346715,16.0,74.789,0.0402321303813357,9388210.8
CHN,China,East Asia & Pacific,2008,4811.34486346262,1324655000,56.7111330003209,1.71604254580499,9.6484135442271,22.6,74.833,0.0278017221677568,9388210.8
CHN,China,East Asia & Pacific,2009,5237.78809982377,1331260000,44.4197644331119,1.89352379603523,3.91782120825988,28.9,75.317,0.022030053863291,9388211.0
CHN,China,East Asia & Pacific,2010,5764.65012366375,1337705000,49.8540722338977,1.73351986212832,6.2867264165298,34.3,75.668,0.0155302232507397,9388211.0
CHN,China,East Asia & Pacific,2011,6275.71634288814,1345035000,49.9458272253643,1.65908251595704,7.68520289897261,38.3,75.889,-0.0079407900178027,9388211.0
CHN,China,East Asia & Pacific,2012,6723.09003744607,1354190000,47.4802130784317,1.70094267160117,4.0884931932087,42.30009842,76.2,-0.0020861245260087,9388211.0
CHN,China,East Asia & Pacific,2013,7197.937319496,1363240000,45.9160413795571,1.7143409229625,2.98307168349706,45.79999924,76.452,-0.0067928236772407,9388211.0
CHN,China,East Asia & Pacific,2014,7686.37369520403,1371860000,44.0684564812532,1.73840928794394,2.31013480472694,47.90000153,76.714,-0.0088612377488929,9388211.0
CHN,China,East Asia & Pacific,2015,8175.33285077393,1379860000,38.6971848362625,1.77677106896806,1.17476659078236,50.29999924,76.975,-0.0027279088472865,9388211.0
CHN,China,East Asia & Pacific,2016,8679.22528805041,1387790000,36.177170692978,1.7688865902507,1.0524740832802,53.2,77.214,-0.0069421953294269,9388210.0
CHN,China,East Asia & Pacific,2017,9221.35045639842,1396215000,36.95085261586,1.71124264388853,1.31423766724865,54.3,77.235,-0.0079060013518245,9388210.0
CHN,China,East Asia & Pacific,2018,9798.57890566402,1402760000,36.8943843914718,1.67357820944542,1.42518421392494,65.35839844,77.709,-0.0050066316198271,9388210.0
CHN,China,East Asia & Pacific,2019,10356.2924890582,1407745000,35.4544350281407,1.68291101151296,1.26691367576973,64.080881297515,77.94,-0.0041804533620707,9388210.0
CHN,China,East Asia & Pacific,2020,10573.3794064211,1411100000,34.337778473884,1.75669947098837,0.863774740928771,70.05275998,78.019,-0.0038350992238281,9388210.0
CHN,China,East Asia & Pacific,2021,11469.3174514512,1412360000,36.6428789643754,1.60525971842503,1.70756488252672,73.05323517,78.117,-0.0031083729090734,9388210.0
CIV,Cote d'Ivoire,Sub-Saharan Africa ,1995,1647.08777075504,14855565,76.202343905242,,5.16486501492941,0.0002,51.713,12.1090637848033,318000.0
CIV,Cote d'Ivoire,Sub-Saharan Africa ,1996,1706.97650014485,15442312,52.8042944211567,0.611814463966836,3.10906315979616,0.00841,51.596,8.59614825837236,318000.0
CIV,Cote d'Ivoire,Sub-Saharan Africa ,1997,1801.13163122133,16047170,54.0062903380367,0.577204483263576,2.79707040165525,0.0188,51.498,4.06259526697744,318000.0
CIV,Cote d'Ivoire,Sub-Saharan Africa ,1998,1808.42289027986,16663948,53.6538337944761,,2.46774712006096,0.061,51.22,8.04665060966326,318000.0
CIV,Cote d'Ivoire,Sub-Saharan Africa ,1999,1770.86540389357,17215935,55.8935626908747,,2.23064062431383,0.119,51.273,3.81333746711075,318000.0
CIV,Cote d'Ivoire,Sub-Saharan Africa ,2000,1717.95385651231,17699004,54.9639916295152,,2.86211491053466,0.231461670612799,51.393,3.60309982373963,318000.0
CIV,Cote d'Ivoire,Sub-Saharan Africa ,2001,1636.57318705218,18178913,53.1141047180447,,2.32208785748223,0.395747702246439,51.428,1.87575701423669,318000.0
CIV,Cote d'Ivoire,Sub-Saharan Africa ,2002,1551.27925902838,18654771,55.9019482275388,,2.45890647990383,0.497929360753307,51.544,9.83173195678986,318000.0
CIV,Cote d'Ivoire,Sub-Saharan Africa ,2003,1441.58801755037,19125542,53.260060681877,1.0067518242091,2.64883554896755,0.758669629452205,51.443,1.94447319366676,318000.0
CIV,Cote d'Ivoire,Sub-Saharan Africa ,2004,1451.86547141894,19595000,58.1182963035946,1.09607344304215,2.49321707811937,0.849282414747704,51.939,1.08666902902343,318000.0
CIV,Cote d'Ivoire,Sub-Saharan Africa ,2005,1431.73320203111,20068458,62.8209360402806,1.05806530751568,3.71197677716882,1.039199948,52.432,0.555231431405279,318000.0
CIV,Cote d'Ivoire,Sub-Saharan Africa ,2006,1437.77453798586,20546802,63.690377061452,1.08657956101875,5.60158447625658,1.52489996,52.885,1.44471648158902,318000.0
CIV,Cote d'Ivoire,Sub-Saharan Africa ,2007,1420.1738958245,21030558,61.4309423484426,1.1508330294867,4.9838724678869,1.799999952,53.452,0.87456441788253,318000.0
CIV,Cote d'Ivoire,Sub-Saharan Africa ,2008,1454.62731800082,21514439,61.9406212969499,1.1017046812579,5.56200251854781,1.899999976,54.179,2.49612074767091,318000.0
CIV,Cote d'Ivoire,Sub-Saharan Africa ,2009,1473.9183699329,21997940,66.6729037469185,1.25173572577555,3.87323197312723,2.0,54.744,10.2531859246195,318000.0
CIV,Cote d'Ivoire,Sub-Saharan Africa ,2010,1540.52927270246,22488065,67.472940081257,1.12710510056221,4.33013803473931,2.700000048,55.282,2.73733627593843,318000.0
CIV,Cote d'Ivoire,Sub-Saharan Africa ,2011,1426.46463864534,22982000,64.7159030611345,1.00705786228658,5.53239950172039,2.900000095,55.972,5.88613823542923,318000.0
CIV,Cote d'Ivoire,Sub-Saharan Africa ,2012,1503.43433046682,23467078,70.3010893191249,1.10066387533087,5.36757176448081,4.400000095,56.57,11.217518613801,318000.0
CIV,Cote d'Ivoire,Sub-Saharan Africa ,2013,1632.32712787006,23939775,58.3526792527234,0.995019119922897,4.15503587681362,6.599999905,57.057,4.26445122080037,318000.0
CIV,Cote d'Ivoire,Sub-Saharan Africa ,2014,1742.53693001178,24527395,53.6804175610344,1.0677761217949,3.41935511091434,10.0,57.772,1.92983591577288,318000.0
CIV,Cote d'Ivoire,Sub-Saharan Africa ,2015,1814.71855088017,25246342,52.7153604615931,1.24391728133935,3.07259669730878,38.4400001654616,58.281,1.45458720310932,318000.0
CIV,Cote d'Ivoire,Sub-Saharan Africa ,2016,1889.27777949938,25989405,47.5655783613535,1.24585910179804,3.23053071841614,41.2078149304414,58.814,1.30099651416889,318000.0
CIV,Cote d'Ivoire,Sub-Saharan Africa ,2017,1972.81431788947,26733372,48.6625074729482,0.965894036488091,3.38876801583982,43.8399208514876,59.315,1.62664063671652,318000.0
CIV,Cote d'Ivoire,Sub-Saharan Africa ,2018,2013.32307598499,27464173,46.0375087102874,1.03921408235247,3.10996909544373,37.5465361301281,59.795,1.68748542255382,318000.0
CIV,Cote d'Ivoire,Sub-Saharan Africa ,2019,2093.09994335779,28193009,44.6604105830795,0.887657865631757,2.95827158248838,36.2889545655205,60.274,2.0014336200397,318000.0
CIV,Cote d'Ivoire,Sub-Saharan Africa ,2020,2055.08483996432,28915449,41.9426318190526,0.963119470642636,2.59163858078542,36.01660156,60.14,2.5575881724243,318000.0
CIV,Cote d'Ivoire,Sub-Saharan Africa ,2021,2146.46047529012,29639736,45.1140327762435,0.876213826792915,4.73502206212113,35.95069885,60.29,2.23614576581598,318000.0
CMR,Cameroon,Sub-Saharan Africa ,1995,1062.01607349987,13058516,36.682272663701,1.25164483851881,8.98379335404863,,53.347,4.30381688640391,472710.0
CMR,Cameroon,Sub-Saharan Africa ,1996,1077.38925202961,13414757,45.1156121020442,1.22483788338251,9.19379916300563,,53.2,3.91265983563661,472710.0
CMR,Cameroon,Sub-Saharan Africa ,1997,1096.69757735007,13775214,48.4696352704455,1.30124174610687,8.90970986050162,0.00677,53.105,4.89072932469553,472710.0
CMR,Cameroon,Sub-Saharan Africa ,1998,1118.50819963079,14144860,42.2946538344074,1.39650943786737,5.51531751570534,0.0132,53.043,4.6093508769197,472710.0
CMR,Cameroon,Sub-Saharan Africa ,1999,1138.36298546565,14525140,37.2383798464814,1.44385239060644,5.15124734114853,0.129,53.166,3.90768485542101,472710.0
CMR,Cameroon,Sub-Saharan Africa ,2000,1151.27689302947,14912631,47.9279442460149,1.32474886472414,8.33574817486337,0.252120077733662,53.338,3.78228202618393,472710.0
CMR,Cameroon,Sub-Saharan Africa ,2001,1169.92670464984,15309490,51.5722691890366,1.29036003475657,5.68439536844397,0.277051321848797,53.598,4.46613635648845,472710.0
CMR,Cameroon,Sub-Saharan Africa ,2002,1189.96707897027,15725528,48.4817227279603,1.33850675603337,5.27982808459118,0.360871584267755,53.922,5.15903782858044,472710.0
CMR,Cameroon,Sub-Saharan Africa ,2003,1221.09446141454,16160340,40.2431925894529,1.3838069976001,5.0826805069134,0.587622611130454,54.253,5.73459596139256,472710.0
CMR,Cameroon,Sub-Saharan Africa ,2004,1271.74326874167,16610487,41.8377424272557,1.4016038318718,4.73178788679167,0.976075415490902,54.578,4.23787291035076,472710.0
CMR,Cameroon,Sub-Saharan Africa ,2005,1264.74345218659,17074594,44.9976813478478,1.14390062434822,7.39166566634719,1.402699947,54.904,2.18991527075405,472710.0
CMR,Cameroon,Sub-Saharan Africa ,2006,1277.32990712342,17550407,47.1044341803567,1.22979394296967,8.54390800832229,2.028700113,55.301,8.30779288182197,472710.0
CMR,Cameroon,Sub-Saharan Africa ,2007,1295.73067471287,18049896,53.2156908605178,1.24159299291596,8.98192175035093,2.93,55.71,8.28053002265496,472710.0
CMR,Cameroon,Sub-Saharan Africa ,2008,1295.02211276052,18574056,56.9244171562734,1.2555907411193,10.0769277835546,3.400000095,56.116,2.02115112109095,472710.0
CMR,Cameroon,Sub-Saharan Africa ,2009,1290.89961351149,19113974,42.1761073594765,1.23383418917622,5.82385438485316,3.84,56.486,2.31422563064626,472710.0
CMR,Cameroon,Sub-Saharan Africa ,2010,1290.9013745759,19668066,47.2385853965951,1.28837517696819,6.92041886170631,4.300000191,56.965,1.67021187528803,472710.0
CMR,Cameroon,Sub-Saharan Africa ,2011,1297.3064962694,20232304,51.521987603918,1.13588889236589,8.16416608406496,5.0,57.482,2.01821731613152,472710.0
CMR,Cameroon,Sub-Saharan Africa ,2012,1319.66961634054,20809529,50.0360127271229,1.17534857560788,8.40581417479506,7.5,58.17,2.00993875481005,472710.0
CMR,Cameroon,Sub-Saharan Africa ,2013,1347.2130636706,21402376,49.6745363462134,1.16504114303499,7.33302882488587,10.0,58.73,2.27086838400236,472710.0
CMR,Cameroon,Sub-Saharan Africa ,2014,1381.81938454907,22059893,50.8323893087648,1.10497962306915,7.03590731300358,16.2148722257524,59.13,2.39790275648729,472710.0
CMR,Cameroon,Sub-Saharan Africa ,2015,1415.00009710569,22763414,45.5401468279393,1.09889864309409,5.63563339959601,18.29999924,59.687,2.09029489548215,472710.0
CMR,Cameroon,Sub-Saharan Africa ,2016,1435.61830727839,23454161,40.6386315268268,1.14642434992604,5.36737216526029,20.60000038,60.293,2.27502609422565,472710.0
CMR,Cameroon,Sub-Saharan Africa ,2017,1444.90682916573,24128601,39.1990216052629,1.13837382188187,6.08352640758934,23.2029719748646,60.817,3.43376207434439,472710.0
CMR,Cameroon,Sub-Saharan Africa ,2018,1461.01969999317,24806383,40.587602877028,1.07600981816736,6.10463986256462,29.70000076,61.189,2.97159552702231,472710.0
CMR,Cameroon,Sub-Saharan Africa ,2019,1470.31785276187,25506095,43.3785132480415,1.06457837839838,5.55584424286198,36.53919983,61.695,3.34554283308398,472710.0
CMR,Cameroon,Sub-Saharan Africa ,2020,1434.51913723409,26210558,33.7388313623871,0.96440732254506,4.34202268521826,37.69749832,61.674,3.51110219788564,472710.0
CMR,Cameroon,Sub-Saharan Africa ,2021,1443.57600237663,26915758,36.7308347188558,0.985208787517684,5.52598268395679,38.89260101,61.146,2.57967822765894,472710.0
COD,"Congo, Dem. Rep.",Sub-Saharan Africa ,1995,471.254216680815,44433704,52.2085314177979,,36.2921410617751,,50.381,3.99271005288334,2267050.0
COD,"Congo, Dem. Rep.",Sub-Saharan Africa ,1996,457.551785605778,45296124,60.3162567434145,1.5468010910472,36.2990334122152,0.000108,49.376,3.0779046040276,2267050.0
COD,"Congo, Dem. Rep.",Sub-Saharan Africa ,1997,424.966609732791,46029902,33.750000421875,1.41085112381148,32.2278074977846,0.000211,50.461,2.77729701466883,2267050.0
COD,"Congo, Dem. Rep.",Sub-Saharan Africa ,1998,406.859287635557,47297600,62.6793067265869,0.428454161411096,32.1829001126895,0.000413,49.664,2.17994815923002,2267050.0
COD,"Congo, Dem. Rep.",Sub-Saharan Africa ,1999,376.622893450888,48912971,41.1776608191529,1.15815066378512,28.4965787872588,0.00101,50.089,3.16504669125992,2267050.0
COD,"Congo, Dem. Rep.",Sub-Saharan Africa ,2000,339.52682222416,50507442,27.0144029227569,0.220260805193326,7.51126046065517,0.0059021136806903,51.887,0.954208971805308,2267050.0
COD,"Congo, Dem. Rep.",Sub-Saharan Africa ,2001,322.033920026494,52132646,25.0419375138391,,18.4200094895652,0.0114757819210493,52.205,3.49252476049431,2267050.0
COD,"Congo, Dem. Rep.",Sub-Saharan Africa ,2002,321.547848189305,53750524,29.3168456429821,,18.8676859222972,0.0927907024606925,52.371,13.951597316566,2267050.0
COD,"Congo, Dem. Rep.",Sub-Saharan Africa ,2003,329.709536541877,55343867,54.0313561776419,0.880645829020907,29.5533566420657,0.134914837437335,52.952,62.1865453524963,2267050.0
COD,"Congo, Dem. Rep.",Sub-Saharan Africa ,2004,341.714925752766,56997741,49.3364146254994,1.33660440783123,24.0864214623167,0.196208375178039,53.534,19.2119372573258,2267050.0
COD,"Congo, Dem. Rep.",Sub-Saharan Africa ,2005,351.708486411683,58775724,51.0276749145565,1.31013976084745,23.7428655133964,0.238000005,54.001,15.5491540334434,2267050.0
COD,"Congo, Dem. Rep.",Sub-Saharan Africa ,2006,358.454382275579,60615908,44.7667089929736,1.3246033223691,24.0258161811706,0.296099991,54.498,14.6342669954932,2267050.0
COD,"Congo, Dem. Rep.",Sub-Saharan Africa ,2007,377.62283005586,62477752,72.9983031777719,1.10611627665862,25.7637080243213,0.370000005,54.954,7.59990647693466,2267050.0
COD,"Congo, Dem. Rep.",Sub-Saharan Africa ,2008,393.640517898615,64390664,72.9527093196566,0.697347863400989,28.4584070916592,0.439999998,55.388,8.25902911082891,2267050.0
COD,"Congo, Dem. Rep.",Sub-Saharan Africa ,2009,383.726254541217,66412044,63.0860045505312,0.651615938486403,28.261800820164,0.560000002,55.798,13.2556227161058,2267050.0
COD,"Congo, Dem. Rep.",Sub-Saharan Africa ,2010,403.722373878525,68563038,80.9975153909582,0.821258594589643,25.9608846428413,0.72,56.411,13.6739022468511,2267050.0
COD,"Congo, Dem. Rep.",Sub-Saharan Africa ,2011,389.119308449762,70849311,83.4133637998303,0.904759163497381,28.8830474855316,1.200000048,56.911,22.0213526175898,2267050.0
COD,"Congo, Dem. Rep.",Sub-Saharan Africa ,2012,408.966232816288,73254618,66.7056747465748,1.10722925521469,27.1229704627568,1.679999948,57.35,10.0098649801982,2267050.0
COD,"Congo, Dem. Rep.",Sub-Saharan Africa ,2013,464.526715460494,75789395,72.5557545139014,1.07353188499408,25.746219512295,2.200000048,57.795,8.05485796012626,2267050.0
COD,"Congo, Dem. Rep.",Sub-Saharan Africa ,2014,481.830241883776,78403242,74.1131729382021,0.88969520971371,24.5568779878184,3.0,58.236,6.79641467403402,2267050.0
COD,"Congo, Dem. Rep.",Sub-Saharan Africa ,2015,495.826633014883,81035531,57.7539236163245,1.22338305167721,20.1093927301662,3.799999952,58.658,6.95171956383518,2267050.0
COD,"Congo, Dem. Rep.",Sub-Saharan Africa ,2016,480.461377880475,83956415,68.0083342860132,1.02563437176754,20.5721227000572,10.1,59.081,5.55995772647306,2267050.0
COD,"Congo, Dem. Rep.",Sub-Saharan Africa ,2017,482.854682128541,87083398,65.9184525277578,0.74157072807359,24.7656558437341,,59.495,6.28677166828181,2267050.0
COD,"Congo, Dem. Rep.",Sub-Saharan Africa ,2018,495.312105711027,90047644,72.5591739081336,0.61234655603641,18.4167757889728,11.69999981,59.926,5.59190086514283,2267050.0
COD,"Congo, Dem. Rep.",Sub-Saharan Africa ,2019,482.524295129472,92947442,60.9143523742792,0.694017431863738,12.7500585788424,13.02970028,60.242,6.38263970312112,2267050.0
COD,"Congo, Dem. Rep.",Sub-Saharan Africa ,2020,470.852950000929,95989998,61.0284707727916,0.729735329108429,15.9281973313702,14.51049995,60.428,7.44911508134989,2267050.0
COD,"Congo, Dem. Rep.",Sub-Saharan Africa ,2021,485.160805929784,99148932,75.3870523860732,0.533178814847647,38.8272665239082,16.1595993,60.044,6.32747165009459,2267050.0
COG,"Congo, Rep.",Sub-Saharan Africa ,1995,2092.54337905245,2749461,128.312504260557,,39.1289096653397,,55.474,10.3281633709046,341500.0
COG,"Congo, Rep.",Sub-Saharan Africa ,1996,2122.62819294837,2826785,128.407663306917,,39.2687753315493,0.00353,55.24,29.6401642642504,341500.0
COG,"Congo, Rep.",Sub-Saharan Africa ,1997,2064.7536042465,2887862,135.758179538246,,45.5915923371128,0.00347,48.575,16.1739650487674,341500.0
COG,"Congo, Rep.",Sub-Saharan Africa ,1998,2095.34403570595,2952061,148.901662464134,,30.5229307392362,0.00342,52.551,4.39552462344998,341500.0
COG,"Congo, Rep.",Sub-Saharan Africa ,1999,1986.8478922289,3032874,131.394190298765,,39.2437225352843,0.0168,54.427,8.54081344210583,341500.0
COG,"Congo, Rep.",Sub-Saharan Africa ,2000,2057.01922023551,3151345,123.909884405671,,59.6838725227388,0.0263547320580279,55.371,1.40958294991515,341500.0
COG,"Congo, Rep.",Sub-Saharan Africa ,2001,2056.16505922617,3272537,130.732481081873,1.79222454052521,48.0984534986102,0.0322236164306931,55.885,3.75189888617826,341500.0
COG,"Congo, Rep.",Sub-Saharan Africa ,2002,2100.16876714574,3350771,135.45607107226,2.12335238350685,46.645011436159,0.157249517243982,56.414,2.61652266247337,341500.0
COG,"Congo, Rep.",Sub-Saharan Africa ,2003,2058.88683675038,3445753,156.861777335368,2.43229339855318,39.3172945315231,0.460014186837522,57.131,2.68107530277522,341500.0
COG,"Congo, Rep.",Sub-Saharan Africa ,2004,2058.88402946896,3565554,131.368198717322,2.44017990277083,40.0820482272883,1.07750492958505,57.957,3.65632268125272,341500.0
COG,"Congo, Rep.",Sub-Saharan Africa ,2005,2140.03686200251,3696393,119.552892262402,1.51813794092809,48.0989114251068,1.463400006,58.73,28.2633860019025,341500.0
COG,"Congo, Rep.",Sub-Saharan Africa ,2006,2226.0233547376,3837409,125.600762974491,1.56934291857187,53.3147620920685,2.007999897,59.474,3.77731694493277,341500.0
COG,"Congo, Rep.",Sub-Saharan Africa ,2007,2004.10103961966,3980430,148.586625395069,1.9162889436872,47.4870837640152,2.75970437370903,60.05,1.57827142501754,341500.0
COG,"Congo, Rep.",Sub-Saharan Africa ,2008,2061.55829880574,4113517,133.108486659608,1.79027941022784,52.6445029945798,4.28750990276481,60.79,4.76396392866812,341500.0
COG,"Congo, Rep.",Sub-Saharan Africa ,2009,2211.31572382028,4281219,135.552365681975,,35.5779092675085,4.5,61.215,3.16881744121493,341500.0
COG,"Congo, Rep.",Sub-Saharan Africa ,2010,2332.28508055953,4462290,124.064754399607,1.6625904477394,43.9398414162223,5.0,61.731,10.5823025995069,341500.0
COG,"Congo, Rep.",Sub-Saharan Africa ,2011,2307.49384399715,4609724,124.591742710141,,51.8437302128778,5.6,62.286,1.85414743292005,341500.0
COG,"Congo, Rep.",Sub-Saharan Africa ,2012,2467.06102906839,4740450,97.444435145443,,41.3573491386651,6.106699944,62.662,0.837297315892287,341500.0
COG,"Congo, Rep.",Sub-Saharan Africa ,2013,2390.65754938662,4857099,93.0028633915235,2.04447551898046,33.1448495573332,6.599999905,62.969,0.860365247446503,341500.0
COG,"Congo, Rep.",Sub-Saharan Africa ,2014,2488.68118548992,4975880,104.197620103417,3.94035726748698,27.6582312920434,7.110000134,63.349,0.584002262706359,341500.0
COG,"Congo, Rep.",Sub-Saharan Africa ,2015,2439.35189403696,5097581,117.320721558581,,15.885704604199,7.616000175,63.662,0.717890299835203,341500.0
COG,"Congo, Rep.",Sub-Saharan Africa ,2016,2174.19310251224,5222536,122.259818284021,4.59480614297478,17.0000392659621,8.121899605,63.911,0.824999560322657,341500.0
COG,"Congo, Rep.",Sub-Saharan Africa ,2017,2003.27121075187,5351011,94.6170952583422,3.17813469269901,29.8063807729514,8.649999619,64.203,1.04071804372953,341500.0
COG,"Congo, Rep.",Sub-Saharan Africa ,2018,1909.9560382117,5483118,100.583216779714,1.97928115025179,42.6682046537325,11.8071003,64.472,1.05051511783037,341500.0
COG,"Congo, Rep.",Sub-Saharan Africa ,2019,1885.51080877731,5616661,91.5757547930374,2.14627657925685,39.2430391553175,16.11639977,63.152,1.41262639046593,341500.0
COG,"Congo, Rep.",Sub-Saharan Africa ,2020,1725.51040049963,5752791,69.3066247188397,2.60118726630221,26.2181324216101,21.99850082,64.391,1.90274527934402,341500.0
COG,"Congo, Rep.",Sub-Saharan Africa ,2021,1701.79060456872,5892183,85.5462031552188,2.34034890602655,37.7125480946685,30.02739906,64.192,1.5602114164385,341500.0
COL,Colombia,Latin America & Caribbean ,1995,4189.72770913999,35804662,35.4972303177666,2.83162658057701,3.12840978420135,0.188,69.81,0.199920794853305,1109500.0
COL,Colombia,Latin America & Caribbean ,1996,4198.69126252708,36462745,36.0441071863282,4.44539325396431,3.72384039434735,0.33,70.209,0.205115987685899,1109500.0
COL,Colombia,Latin America & Caribbean ,1997,4265.6935185646,37121149,35.5970680886793,2.80178788575936,3.06670230612638,0.551,70.632,0.182859212544781,1109500.0
COL,Colombia,Latin America & Caribbean ,1998,4213.82800470051,37792165,35.9089230535138,3.44098574204708,2.05430024171781,1.13,70.924,0.185341205743579,1109500.0
COL,Colombia,Latin America & Caribbean ,1999,3967.11339937681,38454863,36.1492793141794,3.76274205786296,4.32181182919172,1.7,70.913,0.375298489434971,1109500.0
COL,Colombia,Latin America & Caribbean ,2000,4016.80951748167,39089934,32.6670854693067,3.03168353865852,5.79241275178545,2.207532992624,70.905,0.20709114652091,1109500.0
COL,Colombia,Latin America & Caribbean ,2001,4020.50789754842,39709262,33.9011117949445,3.32387281880532,3.898278216233,2.85419997133433,71.185,0.41755094593542,1109500.0
COL,Colombia,Latin America & Caribbean ,2002,4058.28493578738,40324680,32.9826392144234,3.41712762358197,3.95007189063968,4.6,71.537,0.480783498464169,1109500.0
COL,Colombia,Latin America & Caribbean ,2003,4154.17528523618,40937429,36.51618351723,3.46398869081496,4.56302920257189,7.38892371052557,72.309,0.892652949159731,1109500.0
COL,Colombia,Latin America & Caribbean ,2004,4311.91591255233,41543171,35.8634269337995,3.46501517406307,5.92813672580534,9.1186903029666,72.76,0.474249916136345,1109500.0
COL,Colombia,Latin America & Caribbean ,2005,4457.27537460443,42128977,37.422697494955,3.37467969392646,6.26115845587611,11.0072638904585,73.156,0.453246268232568,1109500.0
COL,Colombia,Latin America & Caribbean ,2006,4694.03442939175,42691084,39.6413559606293,3.29582499135229,7.29062678619221,15.3416745365682,73.497,0.63795874689593,1109500.0
COL,Colombia,Latin America & Caribbean ,2007,4947.25260813108,43235374,37.0988970982903,3.28630170949445,6.6997731158152,21.79999924,73.751,0.371120068877604,1109500.0
COL,Colombia,Latin America & Caribbean ,2008,5048.57187245249,43758808,39.1676494164355,3.73724698565115,8.78822691726813,25.6,74.206,0.418270677368239,1109500.0
COL,Colombia,Latin America & Caribbean ,2009,5046.97121757727,44271541,35.1561285074585,3.88696383706353,4.85703346033699,30.0,74.531,0.469618680427928,1109500.0
COL,Colombia,Latin America & Caribbean ,2010,5214.24547620131,44777319,34.2646031687681,3.63691504613462,6.70109253013503,36.5,74.876,0.239951628108658,1109500.0
COL,Colombia,Latin America & Caribbean ,2011,5517.1011086899,45259614,39.4704235545367,3.07710698956258,9.86049155221695,40.3509157546318,75.18,0.315993919861474,1109500.0
COL,Colombia,Latin America & Caribbean ,2012,5675.75617978305,45715810,38.835151018669,3.15600586340429,8.29683079092449,48.98,75.611,0.214359658491853,1109500.0
COL,Colombia,Latin America & Caribbean ,2013,5910.80592301166,46151584,37.9866487978457,3.27226285651869,7.3843393604104,51.7,75.834,0.232453967604276,1109500.0
COL,Colombia,Latin America & Caribbean ,2014,6121.83982019825,46565429,37.4874656411103,3.10825884811044,6.53057789835517,52.568136539247,75.95,0.330493094137937,1109500.0
COL,Colombia,Latin America & Caribbean ,2015,6248.51490534512,46969940,38.3607641184453,3.10996008410671,3.70587614553491,55.9049725142924,76.067,0.468096872627634,1109500.0
COL,Colombia,Latin America & Caribbean ,2016,6316.07067782542,47437512,36.202652984202,3.07113102611539,3.09947714544169,58.1364935728703,76.228,0.395751096807464,1109500.0
COL,Colombia,Latin America & Caribbean ,2017,6309.67745292518,48131078,35.2829149424588,3.20809672439436,3.72823321108347,62.2598803162841,76.418,0.277420468655709,1109500.0
COL,Colombia,Latin America & Caribbean ,2018,6353.5464285392,49024465,36.5347527968973,3.0332327385044,4.940258188938,64.1263768204459,76.579,0.5464304780895,1109500.0
COL,Colombia,Latin America & Caribbean ,2019,6439.96359812647,49907985,37.558533980839,3.14565669372153,4.30433092902696,65.0069007159493,76.793,0.27680217234925,1109500.0
COL,Colombia,Latin America & Caribbean ,2020,5891.95523215403,50629997,34.0555709680101,3.53440413219336,2.55119417609951,69.79533474,74.757,0.698331914308264,1109500.0
COL,Colombia,Latin America & Caribbean ,2021,6457.16921807086,51188173,40.0591463936128,3.1957582534691,5.32396445388134,73.02837449,72.698,0.607662444010856,1109500.0
COM,Comoros,Sub-Saharan Africa ,1995,1190.50070057888,490586,35.7572385369768,,1.68993932810546,,57.83,10.5643295472448,1861.0
COM,Comoros,Sub-Saharan Africa ,1996,1164.2036745499,499107,35.7578150774993,,1.72539613160936,,58.151,9.97789670853899,1861.0
COM,Comoros,Sub-Saharan Africa ,1997,1194.79519496651,507777,35.7570438604224,,1.76066086457314,0.0,58.228,8.31907537123647,1861.0
COM,Comoros,Sub-Saharan Africa ,1998,1174.69021233013,516597,35.7572500543394,,1.83249756382208,0.0379,58.301,11.1731731328483,1861.0
COM,Comoros,Sub-Saharan Africa ,1999,1185.07075486739,525886,35.7571570476989,,1.27104755225648,0.148,58.853,5.93637649135314,1861.0
COM,Comoros,Sub-Saharan Africa ,2000,1150.82871091807,536080,35.7574785306267,,1.39951988105558,0.271740607285909,58.941,5.68111052120736,1861.0
COM,Comoros,Sub-Saharan Africa ,2001,1188.50139049127,547220,35.7572288509346,,1.27343022376926,0.443068372538977,59.587,7.40877323567935,1861.0
COM,Comoros,Sub-Saharan Africa ,2002,1217.11534330128,558923,35.7571190335913,,1.37514673190594,0.554869674985088,59.723,6.46506172590656,1861.0
COM,Comoros,Sub-Saharan Africa ,2003,1216.98069479509,569798,35.7569591176854,,1.65536751885293,0.848189370151537,60.24,4.51103209839268,1861.0
COM,Comoros,Sub-Saharan Africa ,2004,1231.14779946851,580704,35.7570631253248,,1.23259320703783,1.32732717785355,60.557,4.1706956191624,1861.0
COM,Comoros,Sub-Saharan Africa ,2005,1274.61470948066,592677,35.7574093238258,,1.29730854580131,2.0,60.883,3.54006011878554,1861.0
COM,Comoros,Sub-Saharan Africa ,2006,1227.24669435092,604753,35.7572745739842,,1.26530963882956,2.200000048,61.229,4.6580801394529,1861.0
COM,Comoros,Sub-Saharan Africa ,2007,1212.6966173611,616927,33.1561792127495,,1.58338531970231,2.5,61.475,5.65052373614599,1861.0
COM,Comoros,Sub-Saharan Africa ,2008,1235.97280465287,629307,36.2185263542809,,1.71669245535594,3.0,61.955,4.60049221376763,1861.0
COM,Comoros,Sub-Saharan Africa ,2009,1250.90237145763,641947,37.8969223253542,,1.74911916314292,3.5,62.302,5.61707119519605,1861.0
COM,Comoros,Sub-Saharan Africa ,2010,1272.60716208007,654836,39.5501057977388,,1.59344239758779,5.099999905,62.747,5.23520356329908,1861.0
COM,Comoros,Sub-Saharan Africa ,2011,1299.11093449408,668056,40.0009485841888,,1.63354218561465,5.5,63.105,5.41410611256007,1861.0
COM,Comoros,Sub-Saharan Africa ,2012,1313.58187559666,681630,40.8104424055408,,1.91653686564634,5.975299835,63.463,10.0182960971772,1861.0
COM,Comoros,Sub-Saharan Africa ,2013,1343.54683280656,696192,39.2433304243612,,1.84106336379863,6.5,63.839,7.27539793900668,1861.0
COM,Comoros,Sub-Saharan Africa ,2014,1342.3295858321,711503,39.2358265722767,,1.97695678379704,6.980000019,64.143,6.49419205980213,1861.0
COM,Comoros,Sub-Saharan Africa ,2015,1329.37048235986,726682,37.8049520714563,,2.46576426845081,7.459199905,64.473,6.77917327514846,1861.0
COM,Comoros,Sub-Saharan Africa ,2016,1345.6261652831,741741,37.1328797158337,,2.50675650816682,7.938300133,64.792,5.27749077390694,1861.0
COM,Comoros,Sub-Saharan Africa ,2017,1369.41180275963,756669,40.164358921352,,2.36385311111587,8.478199959,65.127,6.20976301613207,1861.0
COM,Comoros,Sub-Saharan Africa ,2018,1391.84570443267,771590,42.996153341343,,1.55194278873705,,65.401,7.60862947607759,1861.0
COM,Comoros,Sub-Saharan Africa ,2019,1389.36488014859,786578,42.2680785350184,,1.48652356146246,16.38380051,65.662,6.20166470448126,1861.0
COM,Comoros,Sub-Saharan Africa ,2020,1359.7070891825,802163,33.7299346157491,,1.59920965443734,22.42040062,65.756,10.8458599396935,1861.0
COM,Comoros,Sub-Saharan Africa ,2021,1360.32663361462,818174,42.0677236496077,,1.62843413378353,30.68120003,65.201,11.9716282824871,1861.0
CPV,Cabo Verde,Sub-Saharan Africa ,1995,1248.28104350759,418104,77.5155513809747,1.26508085113154,29.9993587098815,,63.691,23.8827090784096,4030.0
CPV,Cabo Verde,Sub-Saharan Africa ,1996,1365.49820603623,425581,75.4899678573908,0.8441753102704,29.5237149865058,,65.521,23.4053599454643,4030.0
CPV,Cabo Verde,Sub-Saharan Africa ,1997,1492.01847422507,432798,85.979346154719,0.831007455137562,28.6220609982413,0.241,66.082,22.7927654610511,4030.0
CPV,Cabo Verde,Sub-Saharan Africa ,1998,1652.11117220593,439784,81.8814137506275,0.858540442487481,22.5622500835649,0.473,66.714,25.1308765774208,4030.0
CPV,Cabo Verde,Sub-Saharan Africa ,1999,1809.80582624137,446519,80.9690199640443,0.838543201162953,14.2843908832858,1.16,67.409,23.4722353849259,4030.0
CPV,Cabo Verde,Sub-Saharan Africa ,2000,2037.31720912714,453317,87.5206083614917,1.15402591313906,17.4649201812329,1.82244385164396,68.117,18.0234762508794,4030.0
CPV,Cabo Verde,Sub-Saharan Africa ,2001,2051.21733888102,460293,92.1637224974152,0.753615197231365,24.2633064289875,2.68533271272311,68.707,14.0136247365882,4030.0
CPV,Cabo Verde,Sub-Saharan Africa ,2002,2127.70872296502,467046,101.089702293616,0.665480290001653,19.1975373411355,3.5187571749658,69.447,15.269322387782,4030.0
CPV,Cabo Verde,Sub-Saharan Africa ,2003,2186.89500422765,473383,98.7683808076547,0.648753558764804,14.3561834653377,4.32488539053715,70.006,18.1951584654335,4030.0
CPV,Cabo Verde,Sub-Saharan Africa ,2004,2379.79636224135,479370,101.567169989502,0.63097843761799,25.6539720118683,5.31883206957883,70.499,15.8573168628723,4030.0
CPV,Cabo Verde,Sub-Saharan Africa ,2005,2514.16779255327,485115,104.343839857053,0.649497233340122,32.1530220394275,6.07408710659813,70.936,17.3524088955387,4030.0
CPV,Cabo Verde,Sub-Saharan Africa ,2006,2683.83943856892,490728,117.816697232822,0.564741208222978,30.8532933725145,6.80891100753313,71.341,13.0913298092855,4030.0
CPV,Cabo Verde,Sub-Saharan Africa ,2007,3056.97102851154,496190,94.2062075432498,0.481259814269355,22.0523330657685,8.28321981953034,71.487,10.2611400070266,4030.0
CPV,Cabo Verde,Sub-Saharan Africa ,2008,3238.44159287498,501355,90.9663882722365,0.54860127368837,49.2057876087633,14.0,71.888,11.6012950295824,4030.0
CPV,Cabo Verde,Sub-Saharan Africa ,2009,3159.58698693977,506141,80.4609561322904,0.449908484432209,21.7497375837386,21.0,72.142,10.8751568885327,4030.0
CPV,Cabo Verde,Sub-Saharan Africa ,2010,3194.61667734233,509784,85.5484498816191,0.451425943343675,33.2873704914624,30.0,72.507,17.3994672269979,4030.0
CPV,Cabo Verde,Sub-Saharan Africa ,2011,3309.20121643898,511447,90.5564501122747,0.476996486976338,40.1340983255841,32.0,72.913,12.7359925396452,4030.0
CPV,Cabo Verde,Sub-Saharan Africa ,2012,3341.7421054836,511955,90.649916554117,0.506009716198007,25.055847063546,34.74,73.315,13.3608251275018,4030.0
CPV,Cabo Verde,Sub-Saharan Africa ,2013,3361.09387702205,512225,86.1698600308418,0.48366416567439,16.5579387748728,37.5,73.481,12.4807091476698,4030.0
CPV,Cabo Verde,Sub-Saharan Africa ,2014,3383.8422809791,512326,91.3038524117221,0.492596173932618,12.0093542433174,40.25999832,73.788,11.8704810467601,4030.0
CPV,Cabo Verde,Sub-Saharan Africa ,2015,3415.06266730931,512394,94.0084870167993,0.510089039086437,9.49812397150104,42.6830141582781,74.096,9.06346693324837,4030.0
CPV,Cabo Verde,Sub-Saharan Africa ,2016,3560.1400729534,512554,95.3781398609533,0.550048040403016,10.1923207968108,50.3228178676892,74.35,6.4369059581311,4030.0
CPV,Cabo Verde,Sub-Saharan Africa ,2017,3719.71306047915,512893,100.052133904219,0.470518534467026,12.3203094483764,57.1621463484891,74.71,6.35461410183928,4030.0
CPV,Cabo Verde,Sub-Saharan Africa ,2018,3853.67940035241,513415,105.867524052105,0.485896540748011,14.343668170972,59.5,74.84,3.9046765369386,4030.0
CPV,Cabo Verde,Sub-Saharan Africa ,2019,4115.90283469406,514104,103.602656463726,0.431864983823163,13.1611296712207,61.9433977593088,75.449,6.92038295746737,4030.0
CPV,Cabo Verde,Sub-Saharan Africa ,2020,3255.93628984058,514679,78.3934545931901,0.618818770532046,11.5827986817016,69.37339783,73.818,8.93238314889847,4030.0
CPV,Cabo Verde,Sub-Saharan Africa ,2021,3471.6553421786,516649,77.4550586265341,0.546659834120196,17.6577234520724,70.28250122,74.424,7.23782098240142,4030.0
CRI,Costa Rica,Latin America & Caribbean ,1995,6954.09537663888,3535176,79.7743735897208,,2.90594941109728,0.417,76.44,0.40323536402332,51060.0
CRI,Costa Rica,Latin America & Caribbean ,1996,6884.73552958124,3619013,84.05715799017,,2.57877076272718,0.841,76.428,-0.0018425454814702,51060.0
CRI,Costa Rica,Latin America & Caribbean ,1997,7099.52398121837,3701711,87.6131965012773,,2.28730285708989,1.64,76.603,0.0300201598279897,51060.0
CRI,Costa Rica,Latin America & Caribbean ,1998,7439.72672879908,3782838,92.0380202177963,,1.51817198447363,2.67,76.869,0.22190894802096,51060.0
CRI,Costa Rica,Latin America & Caribbean ,1999,7589.29093683694,3862101,87.5386136418898,,1.15423351439575,3.9,77.058,0.0250823658719109,51060.0
CRI,Costa Rica,Latin America & Caribbean ,2000,7726.51985617467,3937739,86.5249233826171,,1.01441557771135,5.80025302331829,77.317,0.177725936938985,51060.0
CRI,Costa Rica,Latin America & Caribbean ,2001,7854.23397563819,4008947,80.8527575070405,,1.05121844888149,9.55948213497093,77.609,0.0935948988069872,51060.0
CRI,Costa Rica,Latin America & Caribbean ,2002,7989.55926106105,4075705,80.4139436754132,,0.981118861036768,19.8948511346293,77.939,0.0837146763930349,51060.0
CRI,Costa Rica,Latin America & Caribbean ,2003,8207.45747826141,4138784,83.3277075502937,,1.02044880139504,20.3336148143541,78.214,0.242842126794311,51060.0
CRI,Costa Rica,Latin America & Caribbean ,2004,8445.52917577429,4200078,85.2564775039755,,1.00110593588162,20.7923067055542,78.512,0.144553602490357,51060.0
CRI,Costa Rica,Latin America & Caribbean ,2005,8655.33967667373,4261240,89.2226646399546,,1.12142978712725,22.07,78.877,0.169099796853668,51060.0
CRI,Costa Rica,Latin America & Caribbean ,2006,9160.29437313379,4321340,89.814554322106,,1.49198409303492,25.10000038,79.049,0.144486171434356,51060.0
CRI,Costa Rica,Latin America & Caribbean ,2007,9779.51150221827,4380248,86.4565956113537,,1.63840228211153,28.39999962,79.098,0.245952171928234,51060.0
CRI,Costa Rica,Latin America & Caribbean ,2008,10104.9092352005,4440056,86.4015124904847,,1.48654911478283,32.29,79.18,0.255334274917141,51060.0
CRI,Costa Rica,Latin America & Caribbean ,2009,9883.67568633785,4499791,69.7593172897331,,1.2301475943504,34.33,79.372,0.378765186123899,51060.0
CRI,Costa Rica,Latin America & Caribbean ,2010,10285.0856777667,4555962,67.5120894036891,,1.62716715850808,36.5,79.354,0.265843664165464,51060.0
CRI,Costa Rica,Latin America & Caribbean ,2011,10612.4694960426,4609833,68.6391459050112,,1.26384990129987,39.2121959961842,79.624,0.0860397260490899,51060.0
CRI,Costa Rica,Latin America & Caribbean ,2012,11001.5193084396,4663934,67.0485391393947,,1.2425772572914,47.5,79.925,0.0622142561154131,51060.0
CRI,Costa Rica,Latin America & Caribbean ,2013,11151.1437937744,4716147,64.0664108162845,,1.34122901696494,45.96,80.189,0.0668562742825019,51060.0
CRI,Costa Rica,Latin America & Caribbean ,2014,11422.6735972442,4767119,65.1912422181011,,1.387670718648,53.0,80.231,0.109387138913348,51060.0
CRI,Costa Rica,Latin America & Caribbean ,2015,11714.7106121672,4818038,60.7535621474841,,1.13397448273593,59.7629501371681,80.407,0.206002216795777,51060.0
CRI,Costa Rica,Latin America & Caribbean ,2016,12084.4351419988,4866998,62.178478293067,,1.23322083330008,65.8804491942718,79.988,0.178696408519449,51060.0
CRI,Costa Rica,Latin America & Caribbean ,2017,12468.5654849336,4913177,65.0719536997344,,1.13383955527767,71.5816646195022,79.994,0.173080123667091,51060.0
CRI,Costa Rica,Latin America & Caribbean ,2018,12708.8042828359,4957818,66.7874137887726,,0.945537295658598,73.4797284369906,80.09,0.167978108335413,51060.0
CRI,Costa Rica,Latin America & Caribbean ,2019,12944.013449341,4999553,65.4194732486775,,0.759689840900586,81.2025964435269,80.296,0.0939506294290975,51060.0
CRI,Costa Rica,Latin America & Caribbean ,2020,12322.2359458534,5034320,59.7463550719484,,0.904748239780319,80.53018608,79.725,0.354734007266892,51060.0
CRI,Costa Rica,Latin America & Caribbean ,2021,13267.2549508035,5059988,70.103693305909,,0.763407374189705,82.74901607,78.05,0.131312694801835,51060.0
CUB,Cuba,Latin America & Caribbean ,1995,3348.88763214863,10925362,29.3084176228486,,1.1031987834832,9.17e-05,74.346,0.213811797241462,107400.0
CUB,Cuba,Latin America & Caribbean ,1996,3599.32498555978,10962010,32.6253336147218,,1.42702180446909,0.0319,74.69,0.233317054096462,107400.0
CUB,Cuba,Latin America & Caribbean ,1997,3687.42530352589,10997934,32.7541989320698,,1.13012663531633,0.0682,75.064,0.262831305039846,107400.0
CUB,Cuba,Latin America & Caribbean ,1998,3680.98418008951,11034712,32.5046329835855,,0.568750635856304,0.227,75.412,0.316947207721705,107400.0
CUB,Cuba,Latin America & Caribbean ,1999,3895.54643322661,11072230,31.8689322462587,,0.788553451429859,0.315,75.719,0.213243566060159,107400.0
CUB,Cuba,Latin America & Caribbean ,2000,4112.26168350671,11109109,31.0759878817225,,1.9061358593501,0.541182548811058,75.922,0.150513353188055,107400.0
CUB,Cuba,Latin America & Caribbean ,2001,4229.90309433356,11144132,29.3610963815873,,1.17627917876909,1.07975172188907,76.429,0.175288574264949,107400.0
CUB,Cuba,Latin America & Caribbean ,2002,4277.39565642359,11177418,24.7293133475239,,1.36767488938968,3.77058503769014,76.766,0.188330306271989,106390.0
CUB,Cuba,Latin America & Caribbean ,2003,4426.96599591833,11209383,26.5871335777077,,1.92021874871511,5.2412690536929,77.405,0.216573632567732,106400.0
CUB,Cuba,Latin America & Caribbean ,2004,4670.18802138025,11238756,31.3114153338743,,2.70599089783315,8.40798475900703,77.326,0.264874376248689,106410.0
CUB,Cuba,Latin America & Caribbean ,2005,5182.35283601732,11262554,39.3613744331974,,2.637736541097,9.73806220781346,77.54,0.214571065915697,106440.0
CUB,Cuba,Latin America & Caribbean ,2006,5799.41163668615,11278550,37.1880142882062,,3.74613117909438,11.1596013147617,77.406,0.170341742632248,106430.0
CUB,Cuba,Latin America & Caribbean ,2007,6215.76603727772,11287272,37.9676096642032,,6.72039794760689,11.69,77.55,0.180885441762246,106440.0
CUB,Cuba,Latin America & Caribbean ,2008,6469.08507847668,11291762,44.917220748508,,3.18662044497083,12.94,77.589,0.226865475798052,106440.0
CUB,Cuba,Latin America & Caribbean ,2009,6561.25305093006,11294719,32.9139819587629,3.38096005154639,1.7631346184052,14.33,77.584,0.201143890244018,106440.0
CUB,Cuba,Latin America & Caribbean ,2010,6716.49048497058,11297409,40.2919413008332,3.32685611242383,2.69060313010367,15.9,77.876,0.220100470761008,106440.0
CUB,Cuba,Latin America & Caribbean ,2011,6902.16397571139,11301571,46.9604290476881,3.08450500072474,2.92694825350704,16.0172907996413,78.051,0.128494746566461,106863.0
CUB,Cuba,Latin America & Caribbean ,2012,7109.24834185635,11303175,45.8662036340766,3.93759997812444,2.18752036209115,21.20000076,78.162,0.118863240577944,106649.0
CUB,Cuba,Latin America & Caribbean ,2013,7307.82004410741,11298167,44.3238969253902,3.51272878104423,1.71188160483376,27.93,78.028,0.130470613579653,104220.0
CUB,Cuba,Latin America & Caribbean ,2014,7392.48324633027,11285775,39.2741528539069,3.53600476096013,1.66734771791981,29.0701843656523,77.825,0.328564395833209,104020.0
CUB,Cuba,Latin America & Caribbean ,2015,7727.91997207998,11275065,31.6138124793419,3.08379144526184,0.693800859230045,37.3050974155373,77.745,0.648681877346644,104100.0
CUB,Cuba,Latin America & Caribbean ,2016,7774.0698462623,11265612,27.2691132420785,3.07218792501319,0.469100172114536,42.9786751910106,77.571,2.99502869792109,104040.0
CUB,Cuba,Latin America & Caribbean ,2017,7927.27769431767,11247829,26.2224363787618,2.87240323946139,0.66367803344131,57.1484043170788,77.3,0.769370278081566,103800.0
CUB,Cuba,Latin America & Caribbean ,2018,8120.43123558256,11227118,27.0835484486147,2.87620737245072,1.10185419907902,62.6789236230601,77.426,0.760617950151897,103800.0
CUB,Cuba,Latin America & Caribbean ,2019,8124.75282059108,11202846,22.8208911354416,,0.920750895009186,67.9708086565152,77.413,0.48883523216247,103800.0
CUB,Cuba,Latin America & Caribbean ,2020,7252.28811179844,11176354,15.6829868097474,,0.565351678337536,71.11907507,77.407,,103800.0
CUB,Cuba,Latin America & Caribbean ,2021,7379.04275283674,11122168,80.0237703083904,,,67.64354869,73.201,,103800.0
CUW,Curacao,Latin America & Caribbean ,1995,,145139,,,,,72.831,,
CUW,Curacao,Latin America & Caribbean ,1996,,146306,,,,,72.945,,
CUW,Curacao,Latin America & Caribbean ,1997,,146956,,,,,73.035,,
CUW,Curacao,Latin America & Caribbean ,1998,,144472,,,,,73.084,,
CUW,Curacao,Latin America & Caribbean ,1999,,139428,,,,,73.174,,
CUW,Curacao,Latin America & Caribbean ,2000,21523.6458973702,133860,,,,,73.283,,
CUW,Curacao,Latin America & Caribbean ,2001,22171.0655460422,129047,,,,,73.36,,
CUW,Curacao,Latin America & Caribbean ,2002,22231.8793091625,129205,,,,,73.472,,
CUW,Curacao,Latin America & Caribbean ,2003,21840.8913168396,131897,,,,,73.603,,
CUW,Curacao,Latin America & Caribbean ,2004,21512.1116035171,134192,,,,,73.735,,
CUW,Curacao,Latin America & Caribbean ,2005,21112.3219220136,137658,134.911459782692,,,,73.873,,
CUW,Curacao,Latin America & Caribbean ,2006,20913.6630394407,141239,144.555511068893,,,,73.978,,
CUW,Curacao,Latin America & Caribbean ,2007,21011.1570622011,144056,146.049122473292,,,,74.137,,
CUW,Curacao,Latin America & Caribbean ,2008,21202.4305115575,145880,166.739541731544,,,,74.314,,
CUW,Curacao,Latin America & Caribbean ,2009,20952.8998451864,146833,144.702341659916,,,,74.485,,
CUW,Curacao,Latin America & Caribbean ,2010,20706.4374577658,148703,143.932211823816,,,,75.117,,
CUW,Curacao,Latin America & Caribbean ,2011,20518.0986087103,150831,172.9234179922,,0.0,,75.576,,444.0
CUW,Curacao,Latin America & Caribbean ,2012,20277.5111916571,152088,183.23646073841,,0.0,,75.96,,444.0
CUW,Curacao,Latin America & Caribbean ,2013,19921.4770634064,153822,166.406149086576,,0.0,,76.239,,444.0
CUW,Curacao,Latin America & Caribbean ,2014,19529.5286704975,155909,164.35981815222,,0.0,,76.384,,444.0
CUW,Curacao,Latin America & Caribbean ,2015,19361.8130008678,157980,148.313815925541,,0.0,,76.482,,444.0
CUW,Curacao,Latin America & Caribbean ,2016,18953.0537415003,159664,139.052979137029,,0.0,61.855510740634,76.322,,444.0
CUW,Curacao,Latin America & Caribbean ,2017,18651.4798142441,160175,139.812449543914,,0.0,68.1272162511339,76.423,,444.0
CUW,Curacao,Latin America & Caribbean ,2018,18355.1767135889,159336,155.268858771687,,0.0,,76.493,,444.0
CUW,Curacao,Latin America & Caribbean ,2019,17980.5298177114,157441,,,0.0,,76.492,,444.0
CUW,Curacao,Latin America & Caribbean ,2020,14849.9698474917,155482,,,0.0,,76.501,,444.0
CUW,Curacao,Latin America & Caribbean ,2021,15625.4113227953,153948,,,0.0,,75.686,,444.0
CYM,Cayman Islands,Latin America & Caribbean ,1995,,32743,,,,3.95,73.597,,240.0
CYM,Cayman Islands,Latin America & Caribbean ,1996,,34143,,,,,73.74,,240.0
CYM,Cayman Islands,Latin America & Caribbean ,1997,,35543,,,,,73.904,,240.0
CYM,Cayman Islands,Latin America & Caribbean ,1998,,36922,,,,,74.08,,240.0
CYM,Cayman Islands,Latin America & Caribbean ,1999,,38284,,,,,74.232,,240.0
CYM,Cayman Islands,Latin America & Caribbean ,2000,,39674,,,,,74.378,,240.0
CYM,Cayman Islands,Latin America & Caribbean ,2001,,41089,,,,,74.529,,240.0
CYM,Cayman Islands,Latin America & Caribbean ,2002,,42514,,,,,74.609,,240.0
CYM,Cayman Islands,Latin America & Caribbean ,2003,,43934,,,,,74.639,,240.0
CYM,Cayman Islands,Latin America & Caribbean ,2004,,45352,,,,,74.596,,240.0
CYM,Cayman Islands,Latin America & Caribbean ,2005,,46788,,,,38.0343830823064,74.863,,240.0
CYM,Cayman Islands,Latin America & Caribbean ,2006,96066.6290832355,48232,,,0.0,44.5,75.0,,240.0
CYM,Cayman Islands,Latin America & Caribbean ,2007,96202.7379415493,49687,,,0.0,52.0,75.152,,240.0
CYM,Cayman Islands,Latin America & Caribbean ,2008,93115.3168416314,51151,,,0.0,61.0,75.386,,240.0
CYM,Cayman Islands,Latin America & Caribbean ,2009,84001.4215657607,52618,,,0.0,64.5,75.671,,240.0
CYM,Cayman Islands,Latin America & Caribbean ,2010,79483.0972813604,54099,,,0.0,66.0,76.069,,240.0
CYM,Cayman Islands,Latin America & Caribbean ,2011,78233.0187551876,55606,,,0.0,69.46594499,76.562,,240.0
CYM,Cayman Islands,Latin America & Caribbean ,2012,77074.3890872511,57136,,,0.0,69.7,77.121,,240.0
CYM,Cayman Islands,Latin America & Caribbean ,2013,76038.879554035,58655,,,0.0,71.4,77.652,,240.0
CYM,Cayman Islands,Latin America & Caribbean ,2014,76104.6215727416,60160,,,0.0,74.1,77.865,,240.0
CYM,Cayman Islands,Latin America & Caribbean ,2015,76379.2095108681,61642,,,0.0,77.0,78.119,,240.0
CYM,Cayman Islands,Latin America & Caribbean ,2016,77031.8643873625,63100,,,0.0,79.0,78.367,,240.0
CYM,Cayman Islands,Latin America & Caribbean ,2017,77717.1752058822,64535,117.436583687346,,0.0,81.0676932508161,78.615,,240.0
CYM,Cayman Islands,Latin America & Caribbean ,2018,79305.769672996,65941,117.117123372744,,0.0,,78.835,,240.0
CYM,Cayman Islands,Latin America & Caribbean ,2019,80714.5718222987,67327,114.838539695171,,0.0,,79.052,,240.0
CYM,Cayman Islands,Latin America & Caribbean ,2020,75199.6446006284,68684,105.472790158919,,0.0,,79.23,,240.0
CYM,Cayman Islands,Latin America & Caribbean ,2021,77259.6331096058,70108,,,0.0,,79.3,,240.0
CYP,Cyprus,Europe & Central Asia,1995,19453.837890625,862695,134.390514064609,3.04103421492608,0.0077400089977501,0.41,76.583,0.227223462404845,9240.0
CYP,Cyprus,Europe & Central Asia,1996,19385.27734375,880290,140.848983444568,4.52471482889734,0.0147205658958886,0.673,76.88,0.236990001015236,9240.0
CYP,Cyprus,Europe & Central Asia,1997,19617.17578125,897568,139.762976603986,5.573910769889,0.0246337691800294,4.38,77.119,,9240.0
CYP,Cyprus,Europe & Central Asia,1998,20562.287109375,914548,134.909736760687,4.67631794591642,0.0110822711497632,8.89,77.164,,9240.0
CYP,Cyprus,Europe & Central Asia,1999,21349.740234375,931234,131.209333344294,2.73385096955161,0.0141093077274847,11.3,77.572,,9240.0
CYP,Cyprus,Europe & Central Asia,2000,22383.955078125,947667,137.494903248556,2.82209015133954,0.0191984782389763,15.2553943710137,77.9,,9240.0
CYP,Cyprus,Europe & Central Asia,2001,23019.240234375,964127,131.849067868114,3.15322215947894,0.0098782770233422,18.8187590408455,78.185,,9240.0
CYP,Cyprus,Europe & Central Asia,2002,23604.177734375,981440,123.64133212338,2.1301607353618,0.0109470392404487,28.32,78.758,,9240.0
CYP,Cyprus,Europe & Central Asia,2003,23930.7734375,999590,114.004632981485,1.98516312435716,0.0078940696730019,30.09,78.908,,9240.0
CYP,Cyprus,Europe & Central Asia,2004,24799.63671875,1017875,113.903613489207,1.9557691617927,0.0087704649286385,33.83,79.007,,9240.0
CYP,Cyprus,Europe & Central Asia,2005,25631.35546875,1036151,111.917065271958,2.03746974323698,0.0019320096579052,32.81,79.198,,9240.0
CYP,Cyprus,Europe & Central Asia,2006,26395.490234375,1054418,109.806498040343,1.8999978625024,0.001863201018387,35.83,79.456,,9240.0
CYP,Cyprus,Europe & Central Asia,2007,27156.806640625,1072714,111.275122844623,1.68459965831751,0.0076483904208083,40.77,79.798,,9240.0
CYP,Cyprus,Europe & Central Asia,2008,27449.212890625,1091026,112.925930874708,1.62970494449745,0.0195934764177584,42.31,79.906,,9240.0
CYP,Cyprus,Europe & Central Asia,2009,26183.673828125,1109371,102.7910918992,1.81681950779024,0.0272664916801355,49.81,80.375,,9240.0
CYP,Cyprus,Europe & Central Asia,2010,26090.037109375,1127816,108.901699269523,1.85292455056688,0.0445722498723438,52.99,80.632,,9240.0
CYP,Cyprus,Europe & Central Asia,2011,25538.76953125,1146493,110.617131287039,1.73783209097559,0.0717517642796192,56.8598923503507,80.855,,9240.0
CYP,Cyprus,Europe & Central Asia,2012,24285.484375,1165397,112.344273297273,1.65475170209627,0.072728856527206,60.6898684001903,81.128,,9240.0
CYP,Cyprus,Europe & Central Asia,2013,22711.708984375,1183895,120.926200639389,1.60700908951525,0.0449091633428491,65.4548,81.317,,9240.0
CYP,Cyprus,Europe & Central Asia,2014,22373.56640625,1201801,130.84436307939,1.54260195978916,0.0348718589179378,69.3286967086473,81.337,,9240.0
CYP,Cyprus,Europe & Central Asia,2015,23088.4296875,1219502,137.276426477193,1.64766762744388,0.0198578971713362,71.7157409175171,81.464,,9240.0
CYP,Cyprus,Europe & Central Asia,2016,24477.974609375,1237112,139.022098457248,1.40455761221209,0.001471313805814,75.9002054030125,81.534,,9240.0
CYP,Cyprus,Europe & Central Asia,2017,25665.990234375,1254275,148.013355558135,1.56810293907547,0.0053914863858221,80.743188971932,81.543,,9240.0
CYP,Cyprus,Europe & Central Asia,2018,26962.392578125,1270737,147.623567410054,1.74983319036456,0.0046923120191054,84.4335825186889,81.556,,9240.0
CYP,Cyprus,Europe & Central Asia,2019,28167.146484375,1286671,150.50616312951,1.76959353705638,0.003613251767119,86.0636299618935,81.454,,9240.0
CYP,Cyprus,Europe & Central Asia,2020,26895.671875,1302247,160.66871645997,1.89553437845021,0.0079310862289615,90.80194644,81.23,,9240.0
CYP,Cyprus,Europe & Central Asia,2021,29517.05859375,1317309,176.82773681987,1.78406744246115,0.0127645649104764,90.75951564,80.573,,9240.0
CZE,Czechia,Europe & Central Asia,1995,11453.3800188807,10327253,82.9009990725253,1.75885533074022,0.746615356396145,1.45,73.0748780487805,,77270.0
CZE,Czechia,Europe & Central Asia,1996,11944.7171474526,10315241,80.59955795966,1.65758607725057,0.701959148878735,1.94,73.7146341463415,,77270.0
CZE,Czechia,Europe & Central Asia,1997,11886.3480904927,10304131,84.1532306677233,1.5803034972859,0.661458599163763,2.92,73.8248780487805,,77270.0
CZE,Czechia,Europe & Central Asia,1998,11850.8396211995,10294373,83.9386523207327,1.73559766220785,0.515210661088895,3.9,74.5146341463415,,77270.0
CZE,Czechia,Europe & Central Asia,1999,12026.4688076608,10283860,85.4571236396114,1.83868741109923,0.436825556358793,6.83,74.6682926829268,,77270.0
CZE,Czechia,Europe & Central Asia,2000,12543.9364342367,10255063,97.4983956327874,1.86147018377297,0.557045437582327,9.78052788834393,74.9682926829268,,77270.0
CZE,Czechia,Europe & Central Asia,2001,12958.4667607533,10216605,98.5368737300189,1.73552829284443,0.778678694450316,14.6971721171129,75.1731707317073,,77270.0
CZE,Czechia,Europe & Central Asia,2002,13179.9878092741,10196916,90.8792715456582,1.80901146474017,0.47003867905998,23.93,75.2219512195122,,77270.0
CZE,Czechia,Europe & Central Asia,2003,13618.9349633164,10193998,94.6468600665608,1.87752210665196,0.416967463955133,34.3,75.1707317073171,,77270.0
CZE,Czechia,Europe & Central Asia,2004,14259.63342798,10197101,113.173975970415,1.69964346518547,0.888200041529852,35.5,75.7219512195122,,77260.0
CZE,Czechia,Europe & Central Asia,2005,15147.7214417611,10211216,121.191287316105,1.7772578503284,0.76785403178025,35.27,75.9243902439025,,77260.0
CZE,Czechia,Europe & Central Asia,2006,16107.3042502688,10238905,127.051015055016,1.56811468416419,0.764905941611277,47.93,76.5243902439024,,77250.0
CZE,Czechia,Europe & Central Asia,2007,16892.542854974,10298828,129.876739504889,1.4247883319863,0.695946015888964,51.93,76.7243902439025,,77250.0
CZE,Czechia,Europe & Central Asia,2008,17190.6470333289,10384603,123.904809929948,1.23408817792114,1.53373245830398,62.97,76.9756097560976,,77240.0
CZE,Czechia,Europe & Central Asia,2009,16272.8084766719,10443936,113.049254784875,1.31349218921279,0.70108342596168,64.43,77.0780487804878,,77240.0
CZE,Czechia,Europe & Central Asia,2010,16665.9317825137,10474410,126.756480116798,1.18289778802227,0.965734444102689,68.82,77.4243902439025,,77230.0
CZE,Czechia,Europe & Central Asia,2011,16926.2846674435,10496088,136.750855542438,1.06914296806992,1.07008711032612,70.49,77.8731707317073,,77230.0
CZE,Czechia,Europe & Central Asia,2012,16772.3539223328,10510785,145.480195396935,1.05560770651415,0.640579925432997,73.4300078241036,78.0756097560976,,77230.0
CZE,Czechia,Europe & Central Asia,2013,16759.7808635642,10514272,145.502230624961,1.00870446252121,0.382852117100547,74.1104,78.1756097560976,,77220.0
CZE,Czechia,Europe & Central Asia,2014,17118.0425571578,10525347,156.415122826886,0.959115722257081,0.345428962074698,74.2317116367383,78.8243902439024,,77220.0
CZE,Czechia,Europe & Central Asia,2015,17931.5987670768,10546059,154.018400997633,0.941202924537164,0.314061907144002,75.668838699279,78.5780487804878,,77210.0
CZE,Czechia,Europe & Central Asia,2016,18359.0978103904,10566332,148.547004664435,0.986634400365061,0.310276297011828,76.4811986951838,79.0268292682927,,77210.0
CZE,Czechia,Europe & Central Asia,2017,19257.6930680911,10594438,147.750834854762,0.943984411925526,0.372292874562504,78.7191728513432,78.9780487804878,,77210.0
CZE,Czechia,Europe & Central Asia,2018,19736.6295261285,10629928,145.141717890789,1.07552668819544,0.389418621280193,80.6881675434288,79.0292682926829,,77210.0
CZE,Czechia,Europe & Central Asia,2019,20360.0599221814,10671870,138.154609993871,1.13323967641325,0.399790319341053,80.8669444139622,79.2292682926829,,77205.5
CZE,Czechia,Europe & Central Asia,2020,19233.1469549829,10697858,128.780430305965,1.295406324775,0.416571327081177,81.33889705,78.2268292682927,,77198.53
CZE,Czechia,Europe & Central Asia,2021,20373.8783043424,10505772,137.378116302868,1.35325325729994,0.394999591152656,82.67062427,77.2219512195122,,77186.83
DEU,Germany,Europe & Central Asia,1995,32007.145402934,81678051,42.6061486475818,1.48727246874621,0.0748695306426973,1.84,76.4219512195122,,349100.0
DEU,Germany,Europe & Central Asia,1996,32245.8608379557,81914831,43.903586095325,1.45737175283167,0.082276615808835,3.05,76.6731707317073,,349090.0
DEU,Germany,Europe & Central Asia,1997,32795.7833455165,82034771,48.380321068738,1.40270759051929,0.0806339060335601,6.71,77.0731707317073,,349050.0
DEU,Germany,Europe & Central Asia,1998,33477.9856458764,82047195,50.1554657792327,1.38165698909139,0.0528973819389487,9.88,77.4756097560976,,349020.0
DEU,Germany,Europe & Central Asia,1999,34168.8308210083,82100243,51.519227436406,1.38034779906259,0.0466617970193825,20.8,77.7268292682927,,348980.0
DEU,Germany,Europe & Central Asia,2000,35104.1308467844,82211508,59.1955992975405,1.34421581953972,0.0941468902454084,30.2163466048889,77.9268292682927,,348950.0
DEU,Germany,Europe & Central Asia,2001,35618.5143698493,82349925,59.5592863682118,1.30789826898647,0.131528983850298,31.650939416316,78.3292682926829,,348900.0
DEU,Germany,Europe & Central Asia,2002,35477.5151544301,82488495,58.3325687248129,1.31344033426945,0.104825753269086,48.82,78.2292682926829,,348860.0
DEU,Germany,Europe & Central Asia,2003,35270.0227284267,82534176,58.9145442942507,1.2986963477858,0.0963792384818933,55.9,78.3804878048781,,348810.0
DEU,Germany,Europe & Central Asia,2004,35687.6378708542,82516260,62.9064909465164,1.25072808117217,0.138403613195226,64.73,78.6804878048781,,348770.0
DEU,Germany,Europe & Central Asia,2005,36024.0947047021,82469422,66.9531024934321,1.23275583821682,0.138854594958633,68.71,78.9317073170732,,348760.0
DEU,Germany,Europe & Central Asia,2006,37459.261328042,82376451,72.7591934646234,1.17898651377886,0.163910635584427,72.16,79.1317073170732,,348720.0
DEU,Germany,Europe & Central Asia,2007,38593.0749910508,82266372,74.8838416816798,1.15279236258074,0.170900169099195,75.16,79.5341463414634,,348670.0
DEU,Germany,Europe & Central Asia,2008,39009.8477636357,82110097,76.1131665945746,1.1888700534429,0.305968628578443,78.0,79.7365853658537,,348630.0
DEU,Germany,Europe & Central Asia,2009,36940.4078672661,81902307,66.1391275757126,1.2847898688108,0.158934708555447,79.0,79.8365853658537,,348610.0
DEU,Germany,Europe & Central Asia,2010,38526.7371042695,81776930,73.8852351200263,1.24181027958074,0.195522369883906,82.0,79.9878048780488,,348570.0
DEU,Germany,Europe & Central Asia,2011,40722.4849268242,80274983,78.433002901442,1.18233731589884,0.228554942117436,81.26999953602,80.4365853658537,,348560.0
DEU,Germany,Europe & Central Asia,2012,40834.5088218456,80425823,79.3316495670315,1.21725965761789,0.1648561931117,82.3499984738392,80.5390243902439,,348540.0
DEU,Germany,Europe & Central Asia,2013,40884.8926759028,80645605,77.5860288576931,1.16213791467872,0.12505562713457,84.17,80.490243902439,,348880.0
DEU,Germany,Europe & Central Asia,2014,41602.4661281668,80982500,76.8483516336234,1.12769949450115,0.0973612592499159,86.1937006578756,81.090243902439,,348900.0
DEU,Germany,Europe & Central Asia,2015,41929.7549110722,81686611,77.7565815686922,1.11541840455009,0.0760120087289006,87.5897993525767,80.6414634146341,,348860.0
DEU,Germany,Europe & Central Asia,2016,42516.9337063103,82348669,76.0059902166055,1.12912506140277,0.0642202510440344,84.1652066441212,80.990243902439,,349360.0
DEU,Germany,Europe & Central Asia,2017,43543.4807050551,82657002,77.4548394742448,1.13126090102098,0.0682636663146081,84.3941537010844,80.9926829268293,,349370.0
DEU,Germany,Europe & Central Asia,2018,43905.8550061973,82905782,79.1252260463654,1.14814145777047,0.0847654608298758,87.037112092841,80.8926829268293,,349380.0
DEU,Germany,Europe & Central Asia,2019,44235.2658954682,83092962,79.0732427175683,1.24014846331417,0.0926260316690242,88.1345169091916,81.2926829268293,,349390.0
DEU,Germany,Europe & Central Asia,2020,42372.8726784255,83160871,72.9335327120137,1.35598993512329,0.0767453976974352,89.81294133,81.0414634146342,,349390.0
DEU,Germany,Europe & Central Asia,2021,44011.0194631674,83196078,79.9195348609851,1.29982374349238,0.0770848993139744,91.43060973,80.790243902439,,349390.0
DJI,Djibouti,"Middle East, North Africa, Afghanistan & Pakistan",1995,,633074,,5.79164602938749,0.632478856364887,0.016,56.234,20.4950539128949,23180.0
DJI,Djibouti,"Middle East, North Africa, Afghanistan & Pakistan",1996,,648348,,5.08047879345913,0.664007194070733,0.0312,56.33,19.0441312995154,23180.0
DJI,Djibouti,"Middle East, North Africa, Afghanistan & Pakistan",1997,,671817,,5.47498607759421,0.676909112820101,0.0829,56.207,16.6347274842308,23180.0
DJI,Djibouti,"Middle East, North Africa, Afghanistan & Pakistan",1998,,699352,,5.6508745401074,0.947348471648493,0.0947,56.426,15.4289503620327,23180.0
DJI,Djibouti,"Middle East, North Africa, Afghanistan & Pakistan",1999,,724218,,5.47808971304258,0.391087417725675,0.106,56.564,13.7024920066285,23180.0
DJI,Djibouti,"Middle East, North Africa, Afghanistan & Pakistan",2000,,747318,,5.06910119132427,0.382079268168498,0.194500528399956,56.734,12.7408867308761,23180.0
DJI,Djibouti,"Middle East, North Africa, Afghanistan & Pakistan",2001,,771313,,,0.415974590900068,0.343526262964202,57.506,10.1572669785653,23180.0
DJI,Djibouti,"Middle East, North Africa, Afghanistan & Pakistan",2002,,795574,,,0.454277724249501,0.48697170451894,57.824,12.2193408993914,23180.0
DJI,Djibouti,"Middle East, North Africa, Afghanistan & Pakistan",2003,,813519,,,0.623059168138342,0.625940229399888,58.041,12.3266713485333,23180.0
DJI,Djibouti,"Middle East, North Africa, Afghanistan & Pakistan",2004,,826124,,5.60717905405405,0.573154706409986,0.781317175068661,58.103,9.34243402221502,23180.0
DJI,Djibouti,"Middle East, North Africa, Afghanistan & Pakistan",2005,,839167,,4.50775678258952,0.539507984654084,0.953599989,58.548,10.16882011209,23180.0
DJI,Djibouti,"Middle East, North Africa, Afghanistan & Pakistan",2006,,855764,,4.58763424043374,0.616385691846383,1.269999981,58.962,14.5701584636628,23180.0
DJI,Djibouti,"Middle East, North Africa, Afghanistan & Pakistan",2007,,874528,,2.90107489253439,0.523310116566421,1.62,59.362,12.9241599228172,23180.0
DJI,Djibouti,"Middle East, North Africa, Afghanistan & Pakistan",2008,,892734,,2.62758252462798,0.790439021922725,2.26,59.815,13.6473216737755,23180.0
DJI,Djibouti,"Middle East, North Africa, Afghanistan & Pakistan",2009,,911527,,,0.743212074330782,4.0,60.351,15.4870639217341,23180.0
DJI,Djibouti,"Middle East, North Africa, Afghanistan & Pakistan",2010,,930251,,,0.838156180608274,6.5,60.743,10.8170335295521,23180.0
DJI,Djibouti,"Middle East, North Africa, Afghanistan & Pakistan",2011,,948558,,,0.888463490648047,7.0,61.337,11.3311188832668,23180.0
DJI,Djibouti,"Middle East, North Africa, Afghanistan & Pakistan",2012,,966747,,,0.945907199473507,9.399999619,61.719,10.7479842378884,23180.0
DJI,Djibouti,"Middle East, North Africa, Afghanistan & Pakistan",2013,2140.13769442336,984824,347.720317058403,,0.526727088783967,12.69999981,62.116,7.400856169648,23180.0
DJI,Djibouti,"Middle East, North Africa, Afghanistan & Pakistan",2014,2253.14082249768,1002717,298.564535821251,,0.788998443214345,17.0,62.427,7.56066465651097,23180.0
DJI,Djibouti,"Middle East, North Africa, Afghanistan & Pakistan",2015,2376.12554719873,1020313,268.363456254629,,0.662618364843773,22.89999962,62.833,7.23256448940297,23180.0
DJI,Djibouti,"Middle East, North Africa, Afghanistan & Pakistan",2016,2502.85181449431,1037653,213.071998607921,,0.484424417766637,30.79999924,63.335,7.34079725312288,23180.0
DJI,Djibouti,"Middle East, North Africa, Afghanistan & Pakistan",2017,2596.45134698268,1054841,305.967966403468,,0.571398008790601,55.6814092453962,63.71,5.41020686012741,23180.0
DJI,Djibouti,"Middle East, North Africa, Afghanistan & Pakistan",2018,2677.1650334451,1071882,300.398900523844,,0.278959298930402,57.06169891,64.105,6.46692058370355,23180.0
DJI,Djibouti,"Middle East, North Africa, Afghanistan & Pakistan",2019,2781.94350113484,1088709,320.93923036418,,0.358531614173272,58.4762001,64.381,8.80481139704985,23180.0
DJI,Djibouti,"Middle East, North Africa, Afghanistan & Pakistan",2020,2773.40661780097,1105188,225.744871323723,,0.322148755925581,59.92570114,64.2,8.56094953319485,23180.0
DJI,Djibouti,"Middle East, North Africa, Afghanistan & Pakistan",2021,2854.15987035097,1121248,263.477728733891,,0.277110490356489,61.41120148,63.83,5.34889403623268,23180.0
DMA,Dominica,Latin America & Caribbean ,1995,6042.20196512625,69469,,,0.040285356560087,0.549,70.832,9.57039557635049,750.0
DMA,Dominica,Latin America & Caribbean ,1996,6235.05917401475,69410,,,0.0276148169977592,1.17,71.039,15.7709344498044,750.0
DMA,Dominica,Latin America & Caribbean ,1997,6381.53965204338,69299,,,0.0378963294235721,,71.195,5.08952513988233,750.0
DMA,Dominica,Latin America & Caribbean ,1998,6639.15946016126,69124,,,0.030749193943209,2.93,71.352,6.29861108187972,750.0
DMA,Dominica,Latin America & Caribbean ,1999,6687.23987711733,68870,,,0.0254617300675232,2.93,71.527,3.24307734026365,750.0
DMA,Dominica,Latin America & Caribbean ,2000,6879.59737273918,68511,,,0.0249171756986981,8.81484419762881,71.715,5.19486197465148,750.0
DMA,Dominica,Latin America & Caribbean ,2001,6897.65674086518,68288,,,0.0242728754618539,13.2452280386761,71.862,5.58877582681548,750.0
DMA,Dominica,Latin America & Caribbean ,2002,6676.97271467957,68367,,,0.0221389612774031,18.4248927671241,71.927,8.52363634938037,750.0
DMA,Dominica,Latin America & Caribbean ,2003,7047.66189595946,68531,,,0.0228107663152698,23.6204198529629,71.942,3.16761464593191,750.0
DMA,Dominica,Latin America & Caribbean ,2004,7323.8530008275,68649,,,0.0220286901534381,30.3196130921568,71.987,8.09107425619844,750.0
DMA,Dominica,Latin America & Caribbean ,2005,7381.74728529453,68734,,,0.0216343439628061,38.54359818,72.016,5.82452906344451,750.0
DMA,Dominica,Latin America & Caribbean ,2006,7698.53701483824,68806,,,0.0286807337863141,39.39820099,72.007,4.89531525838862,750.0
DMA,Dominica,Latin America & Caribbean ,2007,8106.18951878325,68847,,,0.0270653732412566,40.2745018,71.901,4.57545193195946,750.0
DMA,Dominica,Latin America & Caribbean ,2008,8682.57378179773,68854,,,0.026123998947793,41.15999985,71.945,4.6320459858283,750.0
DMA,Dominica,Latin America & Caribbean ,2009,8582.71481435718,68864,,,0.0219865512592661,42.02000046,71.835,7.1613640800346,750.0
DMA,Dominica,Latin America & Caribbean ,2010,8574.27308682238,68859,,,0.0491548799650004,47.45,71.68,6.0616923978112,750.0
DMA,Dominica,Latin America & Caribbean ,2011,8553.8384670104,69053,,,0.0412282999821639,48.59999847,71.517,4.68585455522778,750.0
DMA,Dominica,Latin America & Caribbean ,2012,8532.34388117289,69118,,,0.0414520814234463,49.79999924,71.391,5.02664359392049,750.0
DMA,Dominica,Latin America & Caribbean ,2013,8459.6586988024,69715,,,0.0539374373872897,51.0,71.228,3.81959918560131,750.0
DMA,Dominica,Latin America & Caribbean ,2014,8576.26367623609,70373,,,0.0651451844425706,57.5,71.189,2.92960338085222,750.0
DMA,Dominica,Latin America & Caribbean ,2015,8282.59874702141,70410,,,0.0474677077229137,65.0,69.968,2.08649121597524,750.0
DMA,Dominica,Latin America & Caribbean ,2016,8499.52291903149,69606,,,0.0602343950060558,67.02999878,71.189,1.44630700292777,750.0
DMA,Dominica,Latin America & Caribbean ,2017,7985.6341102129,68496,,,0.0559454272358846,69.61969757,68.62,3.39263811676226,750.0
DMA,Dominica,Latin America & Caribbean ,2018,8261.16492553236,68174,,,0.0348243046150246,,71.378,4.27905689969789,750.0
DMA,Dominica,Latin America & Caribbean ,2019,8624.51695993537,67880,,,0.0284260300710226,73.38200378,71.305,8.09584585084785,750.0
DMA,Dominica,Latin America & Caribbean ,2020,7302.94454951254,67573,,,0.0462893309270096,75.65670013,71.269,11.9630703262883,750.0
DMA,Dominica,Latin America & Caribbean ,2021,7738.31730070386,67202,,,0.0330678676450178,78.07949829,69.832,14.0346578205649,750.0
DNK,Denmark,Europe & Central Asia,1995,43328.5293418439,5233373,68.5733146504851,1.68675957369556,0.370903244860634,3.83,75.2126829268293,,40000.0
DNK,Denmark,Europe & Central Asia,1996,44331.6199637443,5263074,68.5264824216641,1.6461435449497,0.537019819498268,5.71,75.5914634146342,,40000.0
DNK,Denmark,Europe & Central Asia,1997,45546.5896151864,5284991,71.2901759751981,1.61872430785355,0.544009603413417,11.4,75.9451219512195,,40000.0
DNK,Denmark,Europe & Central Asia,1998,46437.1921069175,5304219,71.345417498121,1.60907118109632,0.155032601795186,22.7,76.1390243902439,,40000.0
DNK,Denmark,Europe & Central Asia,1999,47657.1731901716,5321799,72.7288566436859,1.56553651572988,0.548736539146912,30.6,76.3414634146341,,40000.0
DNK,Denmark,Europe & Central Asia,2000,49266.9882757886,5339616,83.0420859548864,1.45846561683975,1.51892677429467,39.1724308555053,76.5926829268293,,40000.0
DNK,Denmark,Europe & Central Asia,2001,49557.1509962227,5358783,83.922664599029,1.53154262127753,1.23299491333174,42.9575247201878,76.7926829268293,,40000.0
DNK,Denmark,Europe & Central Asia,2002,49624.5965359582,5375931,84.4845925538271,1.50685882049485,1.17562784999384,64.25,76.8951219512195,,40000.0
DNK,Denmark,Europe & Central Asia,2003,49708.0909084109,5390574,80.7613001763544,1.46466732860503,1.10244846958108,76.26,77.1439024390244,,40000.0
DNK,Denmark,Europe & Central Asia,2004,50956.3045398814,5404523,82.0077308240144,1.42024015449579,1.30912670625197,80.93,77.4926829268293,,40000.0
DNK,Denmark,Europe & Central Asia,2005,52015.1841169021,5419432,89.3987952460671,1.30811146758176,1.72068305179766,82.74,77.8439024390244,,40000.0
DNK,Denmark,Europe & Central Asia,2006,53823.1590295482,5437272,97.4298607727841,1.37505574678224,1.82155048329142,86.65,78.0951219512195,,40000.0
DNK,Denmark,Europe & Central Asia,2007,54113.9771471341,5461438,100.047674594039,1.30402280174653,1.60947260771918,85.03,78.1951219512195,,40000.0
DNK,Denmark,Europe & Central Asia,2008,53572.5346568185,5493621,104.470310168489,1.34882681237568,2.10773304572988,85.02,78.4463414634146,,40000.0
DNK,Denmark,Europe & Central Asia,2009,50635.9118061988,5523095,89.3948566562728,1.34441225473678,1.18379214338833,86.84,78.5975609756098,,40000.0
DNK,Denmark,Europe & Central Asia,2010,51209.4492757775,5547683,94.3877282319057,1.39710181036952,1.21806959470816,88.72,79.1,,40000.0
DNK,Denmark,Europe & Central Asia,2011,51667.5313210425,5570572,102.012930474308,1.3123392890178,1.63537891856148,89.8100133895232,79.8,,40000.0
DNK,Denmark,Europe & Central Asia,2012,51470.689845427,5591572,104.362280505171,1.35329314051826,1.52209845823621,92.2600117153012,80.0512195121951,,40000.0
DNK,Denmark,Europe & Central Asia,2013,51970.3909324806,5614932,103.612813249189,1.22352490397164,1.17608346343677,94.6297,80.3,,40000.0
DNK,Denmark,Europe & Central Asia,2014,52368.3625969272,5643475,103.210859225139,1.1497978040996,0.983209243067839,95.9935053764454,80.7,,40000.0
DNK,Denmark,Europe & Central Asia,2015,53094.0133607574,5683483,105.130362453899,1.11481302624419,0.521484568638432,96.3305016195436,80.7024390243902,,40000.0
DNK,Denmark,Europe & Central Asia,2016,54300.2039621991,5728010,101.452783808643,1.15107146564238,0.342477974632511,96.9677852516645,80.8536585365854,,40000.0
DNK,Denmark,Europe & Central Asia,2017,55601.0145717787,5764980,104.215676920442,1.1399854112558,0.470200711781742,97.0993621555621,81.1024390243903,,40000.0
DNK,Denmark,Europe & Central Asia,2018,56355.0733084714,5793636,108.813985501909,1.28310489294024,0.587862611976543,97.3192043651002,80.9536585365854,,40000.0
DNK,Denmark,Europe & Central Asia,2019,57114.6227336347,5814422,111.891475065653,1.29920660644454,0.446224762644461,98.0464347521549,81.4512195121951,,40000.0
DNK,Denmark,Europe & Central Asia,2020,55934.5555945523,5831404,104.433432671151,1.37376885314973,0.162332732247836,96.54914573,81.6024390243903,,40000.0
DNK,Denmark,Europe & Central Asia,2021,59312.8158043771,5856733,112.321472697291,1.29155763565745,0.33866438619955,98.8658506,81.4048780487805,,40000.0
DOM,Dominican Republic,Latin America & Caribbean ,1995,3286.36149249382,7888115,73.8979593803276,0.549477867602509,1.14002177756892,0.0172,69.394,0.679401802814783,48310.0
DOM,Dominican Republic,Latin America & Caribbean ,1996,3419.50600399521,8032894,72.6424908698332,0.633651609977827,0.70339446524712,0.075,69.595,0.472174989827949,48310.0
DOM,Dominican Republic,Latin America & Caribbean ,1997,3659.50819044162,8174078,74.2332371692166,0.796926406823975,0.503240742590817,0.143,69.809,0.335657013182784,48310.0
DOM,Dominican Republic,Latin America & Caribbean ,1998,3840.8718026365,8310362,75.9113027135939,0.780062374149808,0.0481131529630172,0.234,69.875,0.516805616381764,48310.0
DOM,Dominican Republic,Latin America & Caribbean ,1999,4004.19876842647,8446208,76.3027532814337,0.81624388755279,0.190528242624742,1.1,70.178,0.87657198790398,48310.0
DOM,Dominican Republic,Latin America & Caribbean ,2000,4123.10573163115,8584190,79.3003930961432,1.03009647155323,0.341026792433444,3.70469235587688,70.365,0.263507246922844,48310.0
DOM,Dominican Republic,Latin America & Caribbean ,2001,4158.98430282429,8720283,70.5105678080061,1.21349605211345,0.0227890061773118,4.42939069666645,70.553,0.478520610743614,48310.0
DOM,Dominican Republic,Latin America & Caribbean ,2002,4280.80182397408,8852235,68.7232829028777,1.05891921128922,0.0276477786257098,6.8237257325842,70.719,0.619656495315224,48310.0
DOM,Dominican Republic,Latin America & Caribbean ,2003,4162.66686117661,8980620,84.4495031861592,0.764145027120822,0.541632394719868,7.89839293716387,70.856,0.428526016228876,48310.0
DOM,Dominican Republic,Latin America & Caribbean ,2004,4212.01044121773,9104892,81.3514229381911,0.687618052138186,1.21413014952002,8.8655534607044,70.73,0.50766953549557,48310.0
DOM,Dominican Republic,Latin America & Caribbean ,2005,4549.24957008857,9225034,61.6535587358027,0.766536371799736,0.721035390362793,11.4831977789344,71.043,0.280463470866418,48310.0
DOM,Dominican Republic,Latin America & Caribbean ,2006,4904.71715839398,9341183,63.7664826351505,0.683423360678412,1.6062343112117,14.8449283654589,71.054,0.208176727565859,48310.0
DOM,Dominican Republic,Latin America & Caribbean ,2007,5204.78500652254,9455658,61.229259153164,0.62761905715381,2.52804800376544,17.66,71.097,0.346152626250186,48310.0
DOM,Dominican Republic,Latin America & Caribbean ,2008,5308.92664966814,9573130,61.4285058325394,0.699861657175699,0.234147045628384,20.82,71.331,0.382669073179191,48310.0
DOM,Dominican Republic,Latin America & Caribbean ,2009,5294.64953374426,9695265,50.6509376792025,0.667461170274579,0.123503913034202,27.72,71.587,0.300270512121536,48310.0
DOM,Dominican Republic,Latin America & Caribbean ,2010,5666.45633430206,9820175,56.0573964175321,0.6675317048534,0.172400177111422,31.39999962,72.039,0.371921459854685,48310.0
DOM,Dominican Republic,Latin America & Caribbean ,2011,5773.57403459156,9945621,59.0692578401698,0.602928060143009,0.340210817624619,38.0,72.496,0.435628100425773,48310.0
DOM,Dominican Republic,Latin America & Caribbean ,2012,5860.29893321013,10070411,58.5062536731089,0.653151461976632,0.446840708804603,42.32,72.817,0.447227797804591,48310.0
DOM,Dominican Republic,Latin America & Caribbean ,2013,6075.03399972737,10193833,56.8137658014945,0.611824773045351,1.02972097005091,45.9,73.038,0.246568540961571,48310.0
DOM,Dominican Republic,Latin America & Caribbean ,2014,6430.27811051339,10315528,55.6601041506633,0.651437855543241,1.03750954514513,49.58000183,73.145,0.260654706792746,48310.0
DOM,Dominican Republic,Latin America & Caribbean ,2015,6800.95309395474,10434829,52.3471238667007,0.643674978238558,0.535347858231712,54.2157663369785,72.982,0.41152545484191,48310.0
DOM,Dominican Republic,Latin America & Caribbean ,2016,7177.75376475488,10551430,51.7306571245477,0.63403055291349,1.2819479321571,63.8708647408206,72.889,0.244405123605484,48310.0
DOM,Dominican Republic,Latin America & Caribbean ,2017,7379.39978067137,10666843,50.7595355508472,0.6660634439633,1.03534454096242,67.5712453277737,73.37,0.156369848043145,48310.0
DOM,Dominican Republic,Latin America & Caribbean ,2018,7818.70593240469,10782053,52.3351709577013,0.693991110098086,0.868889463505184,74.8220483597284,73.555,0.109832083398286,48310.0
DOM,Dominican Republic,Latin America & Caribbean ,2019,8117.04639185786,10894043,50.912982200697,0.689583054746984,1.05544444208182,79.71549988,73.112,0.154765745197846,48198.02
DOM,Dominican Republic,Latin America & Caribbean ,2020,7395.8734262396,11008300,44.7331613466756,0.746231922011371,1.23931109405337,81.61730194,72.636,0.502478443716313,48198.02
DOM,Dominican Republic,Latin America & Caribbean ,2021,8344.90510312395,11123476,51.9500227303115,0.647239948925026,2.07711318519727,85.24298638,71.757,0.49856504199572,48198.02
DZA,Algeria,"Middle East, North Africa, Afghanistan & Pakistan",1995,3255.18726869561,28470191,55.1910052081435,2.93502710736712,18.8771195086714,0.00177,67.691,0.747303541232099,2381740.0
DZA,Algeria,"Middle East, North Africa, Afghanistan & Pakistan",1996,3322.95538141474,29033044,53.7051478767794,3.0940883958553,21.1719242100152,0.00174,68.219,0.691458493024091,2381740.0
DZA,Algeria,"Middle East, North Africa, Afghanistan & Pakistan",1997,3297.46603361265,29579301,52.2439115059386,3.63740346813324,20.3327344060761,0.0103,68.859,0.539381296404093,2381740.0
DZA,Algeria,"Middle East, North Africa, Afghanistan & Pakistan",1998,3410.88254401644,30054133,45.0944505585079,3.96567378793071,14.6270810412232,0.0202,69.327,0.90905371369308,2381740.0
DZA,Algeria,"Middle East, North Africa, Afghanistan & Pakistan",1999,3471.49196276497,30474354,50.9291093379713,3.75507998270644,18.6233051712637,0.2,70.088,0.297679412806963,2381740.0
DZA,Algeria,"Middle East, North Africa, Afghanistan & Pakistan",2000,3553.32420521991,30903893,62.8583436360347,3.43339396144052,26.6868973861091,0.491705679141589,70.576,0.38393773433834,2381740.0
DZA,Algeria,"Middle East, North Africa, Afghanistan & Pakistan",2001,3610.00605631983,31331221,54.5296491177208,3.52046284697011,23.6309412932778,0.646114016703792,71.025,0.343941607533061,2381740.0
DZA,Algeria,"Middle East, North Africa, Afghanistan & Pakistan",2002,3754.66081538446,31750835,56.5896052814114,3.41471973103319,23.4709385218627,1.59164126035832,71.644,0.313741730757246,2381740.0
DZA,Algeria,"Middle East, North Africa, Afghanistan & Pakistan",2003,3945.89816094007,32175818,57.7691353044878,3.00262450946501,24.452322612612,2.19535973086144,71.906,0.336827352057441,2381740.0
DZA,Algeria,"Middle East, North Africa, Afghanistan & Pakistan",2004,4066.28204806495,32628286,61.3579975707176,3.04875701211848,26.1573130077943,4.63447508776537,72.536,0.358571510104919,2381740.0
DZA,Algeria,"Middle East, North Africa, Afghanistan & Pakistan",2005,4223.60252133943,33109249,66.8404602203906,2.73228606749557,32.6800315430258,5.843900204,72.836,0.339044080745563,2381740.0
DZA,Algeria,"Middle East, North Africa, Afghanistan & Pakistan",2006,4279.61547120827,33623506,65.9152919677621,2.51370691443586,34.1913224229422,7.37598495634886,73.116,0.202832570709895,2381740.0
DZA,Algeria,"Middle East, North Africa, Afghanistan & Pakistan",2007,4339.25055772831,34189416,67.5454733939763,2.76932850304128,32.0600728476928,9.45119062555304,73.346,0.280620290277856,2381740.0
DZA,Algeria,"Middle East, North Africa, Afghanistan & Pakistan",2008,4367.56538017541,34816961,71.0284922505261,2.86740578765417,32.865091355443,10.18,73.618,0.181319120614237,2381740.0
DZA,Algeria,"Middle East, North Africa, Afghanistan & Pakistan",2009,4336.10054052949,35490445,64.2847547238993,3.5129603834668,24.2022509333631,11.23,73.871,0.202722498591533,2381740.0
DZA,Algeria,"Middle East, North Africa, Afghanistan & Pakistan",2010,4456.6102741643,36188236,63.4912159928425,3.18998154667367,25.5383244245491,12.5,74.144,0.113239472583807,2381740.0
DZA,Algeria,"Middle East, North Africa, Afghanistan & Pakistan",2011,4501.3543013352,36903376,62.2200899610479,3.9628827473348,28.5812899587159,14.89999962,74.383,0.0892693756173,2381740.0
DZA,Algeria,"Middle East, North Africa, Afghanistan & Pakistan",2012,4518.43978956464,37646166,60.7576393340605,4.10589825804389,26.2525144621236,18.20000076,74.609,0.0654862344536185,2381740.0
DZA,Algeria,"Middle East, North Africa, Afghanistan & Pakistan",2013,4543.23444006767,38414171,59.151008157244,4.42382453876042,24.2231338959379,22.5,74.809,0.0900306658257255,2381740.0
DZA,Algeria,"Middle East, North Africa, Afghanistan & Pakistan",2014,4634.10149179952,39205031,56.9235419669867,4.96487829782902,22.6123097835033,29.5,74.992,0.0685055033231793,2381740.0
DZA,Algeria,"Middle East, North Africa, Afghanistan & Pakistan",2015,4685.05902729002,40019529,53.2046225904145,5.55074215961894,14.9252527493911,38.20000076,75.159,0.0387323217912093,2381741.0
DZA,Algeria,"Middle East, North Africa, Afghanistan & Pakistan",2016,4768.73140081027,40850721,49.7609327925216,5.65271835420787,12.8191814025545,42.94549942,75.31,0.0804790301517097,2381741.0
DZA,Algeria,"Middle East, North Africa, Afghanistan & Pakistan",2017,4742.90075532529,41689299,49.8208161712587,5.30711492252911,15.372392970843,47.69110107,75.431,0.0930571577500736,2381741.0
DZA,Algeria,"Middle East, North Africa, Afghanistan & Pakistan",2018,4717.0035885361,42505035,52.4361676779223,4.92992700311609,20.7172028374976,49.0384680793271,75.555,0.0759518740097888,2381741.0
DZA,Algeria,"Middle East, North Africa, Afghanistan & Pakistan",2019,4672.66408678635,43294546,46.5068426081672,5.32695853750995,18.5236789388593,55.79069901,75.682,0.0912661070176374,2381740.0
DZA,Algeria,"Middle East, North Africa, Afghanistan & Pakistan",2020,4363.68533767783,44042091,40.3897565625388,5.88614822110901,14.0343770936226,63.47269821,73.257,0.130189039989712,2381740.0
DZA,Algeria,"Middle East, North Africa, Afghanistan & Pakistan",2021,4456.74687637774,44761099,46.8370592599607,4.89003270596997,22.5902703479201,72.21240234,75.208,0.118767078693403,2381740.0
ECU,Ecuador,Latin America & Caribbean ,1995,4100.68735341031,11590514,45.9112707318244,1.98760353101763,7.81653810988059,0.0438,71.349,0.798096926422203,276840.0
ECU,Ecuador,Latin America & Caribbean ,1996,4093.84154476335,11810950,44.2157026832153,1.6897249235818,9.06384330500035,0.0862,71.82,0.985126533964218,276840.0
ECU,Ecuador,Latin America & Caribbean ,1997,4192.85523208483,12031127,45.0171863180765,1.8110665611487,7.15232502703141,0.11,72.007,0.582650110956028,276840.0
ECU,Ecuador,Latin America & Caribbean ,1998,4252.04348649475,12251184,43.395107949805,2.01895367462851,4.06421827365714,0.125,71.949,0.675311255083615,248360.0
ECU,Ecuador,Latin America & Caribbean ,1999,3979.19293611513,12470795,49.2012507989376,1.55598240646013,8.23306097190049,0.823,71.92,0.835034805856669,248360.0
ECU,Ecuador,Latin America & Caribbean ,2000,3953.39879728357,12689206,65.4042953826391,1.51733948117752,16.7324376195742,1.46218853556457,72.09,0.961075696760343,248360.0
ECU,Ecuador,Latin America & Caribbean ,2001,4049.0001889951,12910740,56.128486744205,1.66039298461832,9.40733648144871,2.67044367376705,72.571,0.786449852266121,248360.0
ECU,Ecuador,Latin America & Caribbean ,2002,4174.89793579965,13138472,54.7966439366136,1.86662346180863,8.38814722027282,4.26079691519764,73.164,0.904587619633988,248360.0
ECU,Ecuador,Latin America & Caribbean ,2003,4220.21298466638,13372306,52.3575426975979,2.38654946619875,8.74010782962713,4.46022834472698,73.632,0.687843193421166,248360.0
ECU,Ecuador,Latin America & Caribbean ,2004,4430.23717984188,13608701,56.0745467239942,2.01733501271599,12.5726365426945,4.83444263759525,73.868,0.552368760984919,248360.0
ECU,Ecuador,Latin America & Caribbean ,2005,4589.32849203452,13846163,61.9581507902572,2.36848865849083,16.8498380565704,5.994299889,73.909,0.669923841733528,248360.0
ECU,Ecuador,Latin America & Caribbean ,2006,4706.98056823816,14086131,65.8423556166562,2.07919490158198,18.3894115217757,7.199999809,74.01,0.487364387775553,248360.0
ECU,Ecuador,Latin America & Caribbean ,2007,4715.30359842555,14328773,68.8505854462677,2.62795079870115,16.9001920320212,10.80000019,74.226,0.480278361901309,248360.0
ECU,Ecuador,Latin America & Caribbean ,2008,4939.90215021789,14575202,74.5902963648439,2.6922066648737,18.9618727793611,18.8,74.709,0.415919245898472,248360.0
ECU,Ecuador,Latin America & Caribbean ,2009,4909.33681705683,14825954,57.3473460627608,3.24319951406484,9.26408283902812,24.6,74.901,0.379957532017158,248360.0
ECU,Ecuador,Latin America & Caribbean ,2010,5022.20374387205,15076695,65.7773849135062,3.07257396611835,11.7907315375663,29.03,75.188,0.24570996413582,248360.0
ECU,Ecuador,Latin America & Caribbean ,2011,5359.45724615639,15326227,70.0356837525249,3.10647440690889,16.5773760059007,31.3668083587433,75.179,0.233197028344532,248360.0
ECU,Ecuador,Latin America & Caribbean ,2012,5579.85624282158,15572194,67.0029290916898,2.95181465866835,14.5265186334151,35.1351464545516,75.486,0.171225119896342,248360.0
ECU,Ecuador,Latin America & Caribbean ,2013,5893.32172683036,15807128,63.4333003342414,2.83298697009902,12.8813253368088,40.279121941,75.832,0.158064966771414,248360.0
ECU,Ecuador,Latin America & Caribbean ,2014,6055.04172761485,16035124,61.4263766217565,2.71279094772759,11.5903571785583,45.5903906666095,76.141,0.163108906502578,248360.0
ECU,Ecuador,Latin America & Caribbean ,2015,5976.1596805651,16266225,47.8280397077826,2.6720726618256,4.63202397853143,48.9404337892669,76.222,0.333156623123443,248360.0
ECU,Ecuador,Latin America & Caribbean ,2016,5849.13587933672,16505139,40.5344917996647,2.57311675623471,3.75806780861528,54.0629247288864,76.094,0.254406801502726,248360.0
ECU,Ecuador,Latin America & Caribbean ,2017,6104.27253521751,16759519,43.6177233172817,2.35738419773924,4.98372023451617,55.79999924,76.22,0.206768999067418,248360.0
ECU,Ecuador,Latin America & Caribbean ,2018,6063.0956178776,17049547,48.0093476154836,2.37199911152844,7.0964207852671,57.5,77.248,0.386370960178933,248360.0
ECU,Ecuador,Latin America & Caribbean ,2019,5971.38938386723,17340021,48.0828494933307,2.18038189769994,5.82070104913459,59.2,77.286,0.486250011418791,248360.0
ECU,Ecuador,Latin America & Caribbean ,2020,5355.68934196443,17546065,43.9893109378389,2.45792351121034,2.92430668533391,70.7,72.004,0.373046759663522,248360.0
ECU,Ecuador,Latin America & Caribbean ,2021,5815.09477390949,17682454,53.261275610573,2.24210709535338,6.69943720189179,69.1147995,72.746,0.286309750828479,248360.0
EGY,"Egypt, Arab Rep.","Middle East, North Africa, Afghanistan & Pakistan",1995,2074.83991140246,65652622,50.2450980392157,3.08203623414837,8.46293557504675,0.0313,65.214,3.35297286924299,995450.0
EGY,"Egypt, Arab Rep.","Middle East, North Africa, Afghanistan & Pakistan",1996,2133.64804177244,67028048,46.9485614646905,2.97481186979645,9.35519973587659,0.0615,65.733,3.22317660729214,995450.0
EGY,"Egypt, Arab Rep.","Middle East, North Africa, Afghanistan & Pakistan",1997,2204.66575942446,68431740,43.7382474614517,2.84148521846447,6.97273046538769,0.0905,66.207,2.54530596401163,995450.0
EGY,"Egypt, Arab Rep.","Middle East, North Africa, Afghanistan & Pakistan",1998,2277.2850483467,69943294,41.9276270006959,2.65938329094369,4.33399828725849,0.148,66.635,2.30395642040502,995450.0
EGY,"Egypt, Arab Rep.","Middle East, North Africa, Afghanistan & Pakistan",1999,2361.86425101369,71520954,38.3615084525358,2.56976747814276,5.93374872989679,0.29,67.01,1.77616397485052,995450.0
EGY,"Egypt, Arab Rep.","Middle East, North Africa, Afghanistan & Pakistan",2000,2458.60835003154,73083284,39.0179359012055,2.55126513982739,7.41974591133175,0.641265037504813,67.332,1.36665447000709,995450.0
EGY,"Egypt, Arab Rep.","Middle East, North Africa, Afghanistan & Pakistan",2001,2492.03441188861,74652029,39.8104265402844,2.98556856033807,6.46938580220137,0.838945611477604,67.612,1.33023426635803,995450.0
EGY,"Egypt, Arab Rep.","Middle East, North Africa, Afghanistan & Pakistan",2002,2498.4812119434,76239137,40.9870678279229,3.27845479650374,7.30037527584326,2.71999971465421,67.846,1.53530844127893,995450.0
EGY,"Egypt, Arab Rep.","Middle East, North Africa, Afghanistan & Pakistan",2003,2524.80477195753,77853548,46.1796407185629,3.17728527009726,9.13743176464721,4.03788510706701,68.045,1.26860672427853,995450.0
EGY,"Egypt, Arab Rep.","Middle East, North Africa, Afghanistan & Pakistan",2004,2574.42341789647,79477443,57.8199052132701,2.87753123653597,11.3771125904479,11.92,68.211,1.91260600542252,995450.0
EGY,"Egypt, Arab Rep.","Middle East, North Africa, Afghanistan & Pakistan",2005,2635.70305226634,81101004,62.9526462395543,2.71422040657605,14.464485213491,12.75,68.355,1.17028904751404,995450.0
EGY,"Egypt, Arab Rep.","Middle East, North Africa, Afghanistan & Pakistan",2006,2761.62410768311,82700403,61.5185365063947,2.60621860261331,14.8463875493972,13.66,68.493,0.842030763916914,995450.0
EGY,"Egypt, Arab Rep.","Middle East, North Africa, Afghanistan & Pakistan",2007,2902.06559803259,84276225,65.077873254565,2.37963467509709,13.5101746020733,16.03,68.627,0.865170839278221,995450.0
EGY,"Egypt, Arab Rep.","Middle East, North Africa, Afghanistan & Pakistan",2008,3052.2129784594,85864789,71.6806253489671,2.18078548537016,15.5824855619458,18.01,68.761,1.02847728808711,995450.0
EGY,"Egypt, Arab Rep.","Middle East, North Africa, Afghanistan & Pakistan",2009,3135.09661305712,87501636,56.5534446363462,2.03264504307225,9.1307819389596,20.0,68.915,0.519142388768513,995450.0
EGY,"Egypt, Arab Rep.","Middle East, North Africa, Afghanistan & Pakistan",2010,3233.84521249306,89196072,47.9363500745898,1.95296705174529,9.45061556541184,21.6,69.078,0.259315375635223,995450.0
EGY,"Egypt, Arab Rep.","Middle East, North Africa, Afghanistan & Pakistan",2011,3222.37650111397,91093059,45.2556341623514,1.83702551137618,12.3388401952225,25.6,69.232,0.184277165838242,995450.0
EGY,"Egypt, Arab Rep.","Middle East, North Africa, Afghanistan & Pakistan",2012,3220.99194201188,93161001,40.7117692721084,1.64817579267929,10.7454978351353,26.4,69.464,0.665144850309462,995450.0
EGY,"Egypt, Arab Rep.","Middle East, North Africa, Afghanistan & Pakistan",2013,3216.37839024454,95333553,40.373038056332,1.61005697699419,9.78188256424924,29.4,69.632,1.96155451988742,995450.0
EGY,"Egypt, Arab Rep.","Middle East, North Africa, Afghanistan & Pakistan",2014,3235.66246235519,97528654,36.9201877934272,1.68969483568075,8.43222797439408,33.8946039115275,69.911,1.18578916033979,995450.0
EGY,"Egypt, Arab Rep.","Middle East, North Africa, Afghanistan & Pakistan",2015,3306.98159414141,99597342,34.8459429600229,1.72314742829085,4.12906894708286,37.8193834276939,70.135,0.779979711205745,995450.0
EGY,"Egypt, Arab Rep.","Middle East, North Africa, Afghanistan & Pakistan",2016,3381.22246307712,101644589,30.2465490514505,1.66660515243227,3.20908060820144,41.2480670885772,70.437,0.743161059476641,995450.0
EGY,"Egypt, Arab Rep.","Middle East, North Africa, Afghanistan & Pakistan",2017,3452.90961245976,103696057,42.8321343581608,1.42203170028818,5.69886428656261,44.9502042452857,70.709,0.0135802533023002,995450.0
EGY,"Egypt, Arab Rep.","Middle East, North Africa, Afghanistan & Pakistan",2018,3568.63966286365,105682094,45.9110196733959,1.24996619642133,7.59656355901849,46.92433676792,70.974,0.81187032393766,995450.0
EGY,"Egypt, Arab Rep.","Middle East, North Africa, Afghanistan & Pakistan",2019,3701.2446344954,107553158,41.1240171551108,1.18097179684711,5.72496131230483,57.2828663990195,71.213,0.555010375873251,995450.0
EGY,"Egypt, Arab Rep.","Middle East, North Africa, Afghanistan & Pakistan",2020,3770.86947868544,109315124,32.1262555667523,1.12247550332399,3.25774327235436,71.91420096,69.79,0.419690389219,995450.0
EGY,"Egypt, Arab Rep.","Middle East, North Africa, Afghanistan & Pakistan",2021,3837.31992325256,110957008,29.8569734808122,1.12200927143154,5.1391200748227,72.05599976,68.976,1.9629864245859,995450.0
ERI,Eritrea,Sub-Saharan Africa ,1995,806.702995328956,2025267,105.322628605412,19.5391124143288,8.86572432741363,0.0,54.822,25.3242312996315,101000.0
ERI,Eritrea,Sub-Saharan Africa ,1996,838.660572635214,2128464,116.617520301229,20.3448190649491,7.70881214712379,0.0,55.498,22.963218083309,101000.0
ERI,Eritrea,Sub-Saharan Africa ,1997,895.033773452053,2152135,115.414776658722,11.8604149677876,7.71804405641843,0.00902,56.155,18.0755473255356,101000.0
ERI,Eritrea,Sub-Saharan Africa ,1998,899.082974199102,2180419,94.9275656742685,32.4970666110039,7.64973794016653,0.00877,49.997,22.5133389432019,101000.0
ERI,Eritrea,Sub-Saharan Africa ,1999,886.053679218386,2212780,96.2592361791151,34.3777684538841,4.92817247943917,0.0255,44.506,21.5635360094047,101000.0
ERI,Eritrea,Sub-Saharan Africa ,2000,845.132430060544,2247031,67.8813619265146,32.6556711938037,4.92225490549683,0.136711941104496,56.285,25.1847046740458,101000.0
ERI,Eritrea,Sub-Saharan Africa ,2001,893.268735439193,2312079,72.0627109589752,22.1367915582472,4.51420535244362,0.157815289303043,58.359,37.958917961814,101000.0
ERI,Eritrea,Sub-Saharan Africa ,2002,889.009113592982,2392978,76.5901636574451,20.6718783563252,3.09853412022536,0.227090137626716,58.941,31.3423576087232,101000.0
ERI,Eritrea,Sub-Saharan Africa ,2003,830.379672282601,2493903,74.0078242901552,20.8657453093811,4.52985692591209,,59.455,36.8313189299793,101000.0
ERI,Eritrea,Sub-Saharan Africa ,2004,808.591420184592,2598284,65.570906849032,,3.2592329853456,,60.063,24.0934508904479,120982.625
ERI,Eritrea,Sub-Saharan Africa ,2005,809.794793468889,2661215,61.1060310218073,,3.27617159606179,,60.628,32.1158838908345,121025.326
ERI,Eritrea,Sub-Saharan Africa ,2006,789.402432018085,2703502,45.2608460537354,,2.81942129990668,,61.457,10.4943339448251,121004.031
ERI,Eritrea,Sub-Saharan Africa ,2007,789.072701743247,2743222,34.5595595326375,,3.96277101960281,0.409999996,61.998,12.0944552034353,121032.606
ERI,Eritrea,Sub-Saharan Africa ,2008,693.398874212494,2816327,30.5609500494496,,4.28450780281294,0.469999999,62.422,10.6265606223386,121057.494
ERI,Eritrea,Sub-Saharan Africa ,2009,702.430936480778,2887885,27.9721416148149,,2.40173936826907,0.540000021,63.203,7.74910399195636,121069.592
ERI,Eritrea,Sub-Saharan Africa ,2010,703.877374381654,2945186,37.4714654565691,,2.52187707517148,0.610000014,63.665,9.91727146704062,121065.103
ERI,Eritrea,Sub-Saharan Africa ,2011,751.374899794668,2998485,47.3937901188684,,26.9562621368195,0.699999988,64.231,6.53485093309556,121088.989
ERI,Eritrea,Sub-Saharan Africa ,2012,,3036988,,,,0.800000012,64.697,,121082.12
ERI,Eritrea,Sub-Saharan Africa ,2013,,3074360,,,,0.899999976,65.005,,121049.278
ERI,Eritrea,Sub-Saharan Africa ,2014,,3095173,,,,0.99000001,65.517,,121036.185
ERI,Eritrea,Sub-Saharan Africa ,2015,,3105546,,,,1.083699942,65.909,,121088.775
ERI,Eritrea,Sub-Saharan Africa ,2016,,3124698,,,,1.177099943,66.242,,121077.459
ERI,Eritrea,Sub-Saharan Africa ,2017,,3150347,,,,2.496099949,66.612,,121071.233
ERI,Eritrea,Sub-Saharan Africa ,2018,,3192760,,,,5.293000221,66.979,,121077.714
ERI,Eritrea,Sub-Saharan Africa ,2019,,3240194,,,,11.22379971,67.306,,121080.546
ERI,Eritrea,Sub-Saharan Africa ,2020,,3291271,,,,14.34939957,66.98,,121040.829
ERI,Eritrea,Sub-Saharan Africa ,2021,,3350183,,,,,66.94,,121178.2
ESP,Spain,Europe & Central Asia,1995,20217.9031940372,39724050,44.8306279725111,1.91702239465122,0.0686967264705577,0.381,77.9807317073171,,499440.0
ESP,Spain,Europe & Central Asia,1996,20658.8402775701,39889852,46.2977506718533,1.81443901615473,0.0597282400578273,1.33,78.1204878048781,,499440.0
ESP,Spain,Europe & Central Asia,1997,21310.4311888986,40057389,51.2271398594527,1.72281567944182,0.0533980108042393,2.8,78.6041463414634,,499440.0
ESP,Spain,Europe & Central Asia,1998,22135.4045018802,40223509,52.730313072059,1.75731994886122,0.0425809928170245,4.36,78.6658536585366,,499440.0
ESP,Spain,Europe & Central Asia,1999,23017.838771323,40386875,54.6969131882495,1.75523458900652,0.0392908717334236,7.09,78.7170731707317,,499440.0
ESP,Spain,Europe & Central Asia,2000,24106.8818529374,40567864,60.1216241049216,1.72551798839458,0.0499266682860174,13.6249608089899,78.9658536585366,,499000.0
ESP,Spain,Europe & Central Asia,2001,24878.3784543991,40850412,58.0138895625701,1.62958403293614,0.0564405854963142,18.1487226902932,79.3682926829268,,498520.0
ESP,Spain,Europe & Central Asia,2002,25205.3154769045,41431558,55.1021415309759,1.45597370162444,0.0459379332028074,20.39,79.5682926829268,,499040.0
ESP,Spain,Europe & Central Asia,2003,25481.1653690112,42187645,53.4357897202258,1.42254439300681,0.037680043973568,39.93,79.619512195122,,499210.0
ESP,Spain,Europe & Central Asia,2004,25825.3106463315,42921895,54.4795182656074,1.43022117967926,0.0468983599455063,44.01,79.8707317073171,,499180.0
ESP,Spain,Europe & Central Asia,2005,26294.447384391,43653155,54.6991667043772,1.38717775355122,0.0365129860316234,47.88,80.1707317073171,,499090.0
ESP,Spain,Europe & Central Asia,2006,26899.0921497113,44397319,56.0839263823216,1.37000746147478,0.0437611139022438,50.37,80.8219512195122,,498980.0
ESP,Spain,Europe & Central Asia,2007,27338.79541774,45226803,57.6269487657546,1.36310631227691,0.0522545246245296,55.11,80.8731707317073,,499110.0
ESP,Spain,Europe & Central Asia,2008,27112.526293889,45954106,55.8281315172523,1.36762048450666,0.0651768808604099,59.6,81.1756097560976,,498800.0
ESP,Spain,Europe & Central Asia,2009,25860.8142592652,46362946,46.8366899971109,1.35835383696039,0.0353108280972567,62.4,81.4756097560976,,498660.0
ESP,Spain,Europe & Central Asia,2010,25766.2515825743,46576897,52.6933699734019,1.3816644927099,0.058346056568316,65.8,81.6268292682927,,500010.0
ESP,Spain,Europe & Central Asia,2011,25510.5579678829,46742697,58.5118228859632,1.32573618168037,0.065256205028861,67.0899993926581,82.4756097560976,,499880.0
ESP,Spain,Europe & Central Asia,2012,24763.568274484,46773055,60.5540346961864,1.41695174735802,0.0730629225763844,69.8099999420024,82.4268292682927,,500210.0
ESP,Spain,Europe & Central Asia,2013,24498.5559507945,46604197,61.6687726441327,1.26618872678062,0.0627348719312166,71.635,83.0780487804878,,500210.0
ESP,Spain,Europe & Central Asia,2014,24947.8512505913,46460733,63.39926213895,1.24625944103127,0.0606477510711108,76.1867089778712,83.2292682926829,,500210.0
ESP,Spain,Europe & Central Asia,2015,25982.4416197775,46422303,63.5820412248232,1.25969265356283,0.0478922611851597,78.6896318703515,82.8317073170732,,499661.0
ESP,Spain,Europe & Central Asia,2016,26719.2442268615,46458139,63.1886778507294,1.12848106845526,0.0419317249195144,80.5613329432179,83.3292682926829,,499564.0
ESP,Spain,Europe & Central Asia,2017,27426.281015093,46571232,66.167446137857,1.22211082849583,0.0530656069147325,84.6022457016524,83.2829268292683,,499547.35
ESP,Spain,Europe & Central Asia,2018,27956.7225466484,46782011,67.0094103982921,1.24562475871831,0.0630077839936006,86.107235525659,83.4317073170732,,499603.479
ESP,Spain,Europe & Central Asia,2019,28301.4393949563,47118501,66.3662250440692,1.22464525288942,0.0390101070611282,90.718665325267,83.8317073170732,,499570.036
ESP,Spain,Europe & Central Asia,2020,25077.019882928,47359424,59.4461280147076,1.35429599703865,0.0381216045324834,93.20564892,82.2317073170732,,499556.645
ESP,Spain,Europe & Central Asia,2021,26705.3629138959,47443821,66.524588943191,1.33768901652321,0.115181021827658,93.89752157,83.1780487804878,,499733.244
EST,Estonia,Europe & Central Asia,1995,7170.94607721168,1436634,139.087473677663,0.930586008373083,2.64981707043685,2.78,67.5439024390244,,42390.0
EST,Estonia,Europe & Central Asia,1996,7637.25708286963,1415594,132.977442750892,0.866311409441128,3.00258069293899,3.53,69.6121951219512,,42390.0
EST,Estonia,Europe & Central Asia,1997,8732.99085657194,1399535,151.051344390403,1.02886453383652,2.62444465199781,5.71,69.809756097561,,42390.0
EST,Estonia,Europe & Central Asia,1998,9199.93534127632,1386156,156.838235827521,1.05677341127574,1.8202080731949,10.8,69.3585365853659,,42390.0
EST,Estonia,Europe & Central Asia,1999,9133.89593384355,1390244,144.116453592933,1.28040294601413,2.47448277833037,14.5,70.0634146341463,,42390.0
EST,Estonia,Europe & Central Asia,2000,10006.7696280939,1396985,126.495626368659,1.37613232122576,3.70912820498125,28.5769538105646,70.4170731707317,,42390.0
EST,Estonia,Europe & Central Asia,2001,10662.9455020331,1388115,126.546640067292,1.50097699373087,3.07450444050124,31.5274897673756,70.2585365853659,,42390.0
EST,Estonia,Europe & Central Asia,2002,11474.6622721923,1379350,123.28234538757,1.65626054354887,2.45691096430562,41.52,70.9048780487805,,42390.0
EST,Estonia,Europe & Central Asia,2003,12424.0441535693,1370720,122.744772807796,1.73550917444736,2.15205960424891,45.32,71.3170731707317,,42390.0
EST,Estonia,Europe & Central Asia,2004,13348.5284463324,1362550,129.949500077661,1.68718221150394,1.59775319590382,53.2,71.909756097561,,42390.0
EST,Estonia,Europe & Central Asia,2005,14703.6179707772,1354775,135.912792115107,1.44977185113693,1.64237514078297,61.45,72.5682926829268,,42390.0
EST,Estonia,Europe & Central Asia,2006,16234.5152041417,1346810,136.620737662645,1.38733380120574,1.6462991032879,63.51,72.6914634146341,,42390.0
EST,Estonia,Europe & Central Asia,2007,17543.4661785723,1340680,133.980829235754,1.65723646617002,1.57597594549786,66.19,72.8146341463415,,42390.0
EST,Estonia,Europe & Central Asia,2008,16688.997772178,1337090,136.681988157836,1.76710636308365,2.09539172697282,70.58,73.7707317073171,,42390.0
EST,Estonia,Europe & Central Asia,2009,14274.8511086787,1334515,116.759079859802,1.79897241682054,1.57891685450342,72.5,74.8243902439024,,42390.0
EST,Estonia,Europe & Central Asia,2010,14657.939813612,1331475,143.671762256978,1.70034915217706,1.55961226751735,74.1,75.4292682926829,,42390.0
EST,Estonia,Europe & Central Asia,2011,15820.922342204,1327439,166.7460724339,1.67245488569073,1.78519042769438,76.5,76.2292682926829,,42390.0
EST,Estonia,Europe & Central Asia,2012,16460.6843479001,1322696,169.156067773865,1.87984897526434,1.97052610513419,78.3899259259259,76.3268292682927,,42390.0
EST,Estonia,Europe & Central Asia,2013,16809.5326683781,1317997,164.601632156916,1.88381591331462,1.79924267656066,80.0043,77.1414634146341,,43470.0
EST,Estonia,Europe & Central Asia,2014,17413.6867560212,1314545,157.953944842229,1.89535477779564,1.76557781311429,84.2415280294352,77.0341463414634,,43470.0
EST,Estonia,Europe & Central Asia,2015,17722.1557669523,1315407,148.507157123558,1.98944501754528,1.44592002735328,88.4097035040431,77.590243902439,,43470.0
EST,Estonia,Europe & Central Asia,2016,18264.9873304279,1315790,147.7462327097,2.02803563355143,1.24687276023764,87.2402327514547,77.6414634146342,,43470.0
EST,Estonia,Europe & Central Asia,2017,19270.8141210511,1317384,144.635650944133,1.96988670547821,1.73343641223467,88.1024568740199,78.0926829268293,,42750.0
EST,Estonia,Europe & Central Asia,2018,19914.3454922878,1321977,143.485224864735,1.97061311743188,2.01785330968871,89.3570077747426,78.2439024390244,,42750.0
EST,Estonia,Europe & Central Asia,2019,20579.8756732376,1326898,140.352147998549,1.99845018670744,1.80772963579084,90.2289281997919,78.6463414634147,,42750.0
EST,Estonia,Europe & Central Asia,2020,19946.945696898,1329522,137.392641283846,2.26136428332919,1.43024326219824,89.05828666,78.5951219512195,,42750.0
EST,Estonia,Europe & Central Asia,2021,21570.6658455268,1330932,160.471922305927,2.01231933389152,1.72122598420606,90.97970174,76.9439024390244,,42750.0
ETH,Ethiopia,Sub-Saharan Africa ,1995,232.230450633845,57537335,,2.22561605430131,31.6493035662108,1.75e-05,48.156,11.2508742170431,1000000.0
ETH,Ethiopia,Sub-Saharan Africa ,1996,252.612985005506,59467635,,2.11713848911382,28.6687356738762,0.0017,48.697,9.36608704129237,1000000.0
ETH,Ethiopia,Sub-Saharan Africa ,1997,252.311666681832,61404539,,3.3431774775412,27.0792852651477,0.00497,49.21,6.64912520906565,1000000.0
ETH,Ethiopia,Sub-Saharan Africa ,1998,236.05551452188,63363524,,7.27693614895529,31.2141341594085,0.00966,49.785,8.30820019937473,1000000.0
ETH,Ethiopia,Sub-Saharan Africa ,1999,240.604711286049,65374561,,9.50694268259021,19.6036651165619,0.0125,49.486,8.20474545286546,1000000.0
ETH,Ethiopia,Sub-Saharan Africa ,2000,247.505413659694,67411494,,7.69023859338487,18.4852654796037,0.0152637672082567,50.88,8.40603847777744,1000000.0
ETH,Ethiopia,Sub-Saharan Africa ,2001,260.04231608135,69487762,,4.39265735424712,18.1488127694134,0.0371623810686744,51.428,13.4913351546421,1000000.0
ETH,Ethiopia,Sub-Saharan Africa ,2002,256.066635883709,71635517,,3.75673419834585,23.1893231496073,0.0724022618698295,52.085,16.9899283884646,1000000.0
ETH,Ethiopia,Sub-Saharan Africa ,2003,243.076666020009,73832663,,3.29628763599851,36.1413210442662,0.105811658802603,52.877,18.9441571883045,1000000.0
ETH,Ethiopia,Sub-Saharan Africa ,2004,267.923513391712,76077206,,3.13053613053613,27.810993348368,0.155334520794722,53.735,18.1800466630117,1128597.3
ETH,Ethiopia,Sub-Saharan Africa ,2005,290.833381425059,78367470,,2.81221837499407,23.4931936600342,0.219659818999505,54.364,15.6010460361201,1128599.8
ETH,Ethiopia,Sub-Saharan Africa ,2006,313.013896721503,80703490,,2.30714932404438,18.828854826567,0.310592656856176,55.402,13.3478832516468,1128613.2
ETH,Ethiopia,Sub-Saharan Africa ,2007,338.799064654308,83103217,,1.89627732982541,21.9115368349794,0.37,56.566,13.2166098078227,1128631.2
ETH,Ethiopia,Sub-Saharan Africa ,2008,364.642208155735,85543668,,1.51584796368311,18.7793493652542,0.449999988,57.733,12.2430175091074,1128568.3
ETH,Ethiopia,Sub-Saharan Africa ,2009,385.632419711374,88007636,,1.20460157802807,16.4317377452986,0.540000021,58.715,11.8032772224198,1128588.6
ETH,Ethiopia,Sub-Saharan Africa ,2010,421.898622378633,90538514,,1.15394252706819,15.8199957578791,0.75,59.709,9.28401218225438,1128571.0
ETH,Ethiopia,Sub-Saharan Africa ,2011,455.909628648555,93149970,48.232935411689,1.09070647415251,17.4282532150132,1.100000024,60.595,10.9646607251725,1128575.1
ETH,Ethiopia,Sub-Saharan Africa ,2012,481.639999909808,95798767,45.3979041835072,0.868361507077892,14.9281805721075,2.900000095,61.443,7.50509850123161,1128582.1
ETH,Ethiopia,Sub-Saharan Africa ,2013,518.324662208106,98438751,41.4717870807625,0.806417193723534,14.0104012014584,4.599999905,62.161,8.17293684714986,1128572.1
ETH,Ethiopia,Sub-Saharan Africa ,2014,556.362532243867,101115610,40.7410841498626,0.768407756190907,13.3844820157845,7.699999809,62.927,6.46231213930173,1128538.3
ETH,Ethiopia,Sub-Saharan Africa ,2015,597.912113218663,103867135,39.6561241449515,0.70541465068261,12.1932229078984,13.8551755555556,63.592,5.23659101279756,1128539.4
ETH,Ethiopia,Sub-Saharan Africa ,2016,636.835680951429,106718162,34.8990210816111,0.683567210395797,11.2339790417281,15.3669238595896,64.162,5.98423881543787,1128558.5
ETH,Ethiopia,Sub-Saharan Africa ,2017,678.98541915757,109666481,31.1036494929016,0.675310715716932,9.87787063669115,15.62440014,64.766,5.43354958123975,1128552.8
ETH,Ethiopia,Sub-Saharan Africa ,2018,705.96881207336,112664152,31.1993689777881,0.645850962685811,6.36887574699294,15.88619995,65.257,5.95548979856702,1128561.4
ETH,Ethiopia,Sub-Saharan Africa ,2019,744.702789740042,115737383,28.8152939292608,0.579949536835092,5.50373971369559,15.98460007,65.741,5.1248606157298,1128570.9
ETH,Ethiopia,Sub-Saharan Africa ,2020,768.705424484873,118917671,24.0061143414049,0.780754838260967,5.49770060254135,16.06959915,65.969,5.40826686628567,1128571.4
ETH,Ethiopia,Sub-Saharan Africa ,2021,790.657019602458,122138588,24.3450574655662,1.60917093329444,5.86707347361267,16.6981031,65.33,3.75287603365377,1128505.6
FIN,Finland,Europe & Central Asia,1995,29890.5243289925,5107790,64.1355353769273,1.42254149924916,0.477442011829331,13.9,76.409512195122,,304590.0
FIN,Finland,Europe & Central Asia,1996,30883.8347237846,5124573,65.7903252694235,1.53047227121301,0.473774436738532,16.8,76.6934146341464,,304590.0
FIN,Finland,Europe & Central Asia,1997,32762.1179107575,5139835,68.2478061464014,1.53515505066012,0.470510849347003,19.5,76.8785365853659,,304590.0
FIN,Finland,Europe & Central Asia,1998,34457.4555939742,5153498,66.9910571198446,1.46317555780765,0.45018798623578,25.5,77.0907317073171,,304590.0
FIN,Finland,Europe & Central Asia,1999,35886.4949080548,5165474,66.254492150558,1.22310377157804,0.399618675381251,32.3,77.2912195121951,,304590.0
FIN,Finland,Europe & Central Asia,2000,37872.6020343504,5176209,74.9255788717317,1.24000997169797,0.427730998837703,37.2484617371121,77.4658536585366,,304590.0
FIN,Finland,Europe & Central Asia,2001,38784.1308115726,5188008,70.2841376639721,1.1431199131475,0.37056723983058,43.1053633522263,77.9658536585366,,304590.0
FIN,Finland,Europe & Central Asia,2002,39343.0698997627,5200598,69.3209377526273,1.15346267852331,0.420392710098672,62.43,78.119512195122,,304590.0
FIN,Finland,Europe & Central Asia,2003,40038.9839702277,5213014,68.0715029595159,1.44547443507181,0.373953038327913,69.22,78.3682926829268,,304590.0
FIN,Finland,Europe & Central Asia,2004,41521.962874476,5228172,70.967802899062,1.46771855552706,0.300645302149173,72.39,78.7146341463415,,304590.0
FIN,Finland,Europe & Central Asia,2005,42529.3506920884,5246096,76.5889740444293,1.46470451104851,0.29800251042124,74.48,78.8170731707317,,304590.0
FIN,Finland,Europe & Central Asia,2006,44069.3958834717,5266268,82.0005669294983,1.44270225678265,0.373378489658387,79.66,79.2146341463415,,304110.0
FIN,Finland,Europe & Central Asia,2007,46213.6898975737,5288720,82.8631608209175,1.28760998478864,0.414692568635928,80.78,79.2634146341464,,304090.0
FIN,Finland,Europe & Central Asia,2008,46359.8732844055,5313399,86.1896598765527,1.39102532971688,0.387209365736691,83.67,79.5682926829268,,303900.0
FIN,Finland,Europe & Central Asia,2009,42412.5133513534,5338871,70.1279335295898,1.56084541207723,0.333184977389939,82.49,79.719512195122,,303900.0
FIN,Finland,Europe & Central Asia,2010,43556.5385834368,5363352,75.4612085231229,1.49172644486325,0.504266194230253,86.89,79.8707317073171,,303900.0
FIN,Finland,Europe & Central Asia,2011,44391.4535667984,5388272,78.7159444486606,1.49199362525613,0.532649114502575,88.70999491353,80.4707317073171,,303890.0
FIN,Finland,Europe & Central Asia,2012,43507.9345371578,5413971,79.4303765882482,1.53160526604717,0.577535778021198,89.879997974222,80.6268292682927,,303890.0
FIN,Finland,Europe & Central Asia,2013,42883.6384986417,5438972,77.485171771574,1.54007184381097,0.498563334062492,91.5144,80.9756097560976,,303890.0
FIN,Finland,Europe & Central Asia,2014,42502.4880199858,5461512,74.6277719754196,1.45927959000267,0.483087058776792,86.5303927529377,81.1804878048781,,303890.0
FIN,Finland,Europe & Central Asia,2015,42560.3456767103,5479531,71.9618253787014,1.45819060668341,0.445868402403852,86.4221333325445,81.4804878048781,,303910.0
FIN,Finland,Europe & Central Asia,2016,43529.6761616969,5495303,71.7222101178859,1.43150516649128,0.410118656271692,87.7036499599455,81.4292682926829,,303910.0
FIN,Finland,Europe & Central Asia,2017,44862.220404205,5508214,75.9387822310041,1.36088933984851,0.453771651187102,87.4689290730615,81.6317073170732,,303920.0
FIN,Finland,Europe & Central Asia,2018,45337.2409550575,5515525,79.1436148422846,1.37168236993597,0.563372986587861,88.8899599985585,81.7341463414634,,303920.0
FIN,Finland,Europe & Central Asia,2019,45898.5708448954,5521606,80.5641502947367,1.36132283517387,0.365206984679912,89.6073851129779,81.9829268292683,,303930.0
FIN,Finland,Europe & Central Asia,2020,44690.9801103074,5529543,72.1845955995888,1.43578115547809,0.289254242774969,92.17027106,81.9317073170732,,303940.0
FIN,Finland,Europe & Central Asia,2021,45792.0454180872,5541017,79.7892781913782,1.30243925969996,0.448312840515242,92.80806082,81.8853658536585,,303947.7
FJI,Fiji,East Asia & Pacific,1995,3755.26832131607,798746,114.143419105706,1.6257873899244,1.49975967108146,0.00912,66.007,2.21641018253316,18270.0
FJI,Fiji,East Asia & Pacific,1996,3910.82964905101,803789,121.726031065881,1.42424634501108,1.42317510807677,0.0644,66.202,2.22728657682359,18270.0
FJI,Fiji,East Asia & Pacific,1997,3785.46685383881,812139,119.697773064687,1.36495958076192,1.18720827360422,0.223,66.293,2.16811748772382,18270.0
FJI,Fiji,East Asia & Pacific,1998,3787.48699562496,822258,119.369767087837,1.25918886595729,1.27545710119728,0.633,66.536,2.30893767993605,18270.0
FJI,Fiji,East Asia & Pacific,1999,4073.37706349238,831828,122.802233816628,1.13180634323429,0.845075902002454,0.942,66.728,1.88076360418927,18270.0
FJI,Fiji,East Asia & Pacific,2000,3960.88903458193,840909,135.895641463483,1.75624341841376,1.07777201084513,1.4968547339902,66.194,1.71608053697153,18270.0
FJI,Fiji,East Asia & Pacific,2001,3998.79730008036,849596,129.997341839447,1.82458369041641,1.07343983857448,1.8579785936093,66.205,1.59778945479355,18270.0
FJI,Fiji,East Asia & Pacific,2002,4086.1043298133,858049,126.052579068143,1.5485667306433,0.989507047320979,6.15264970011985,65.492,1.8488221891891,18270.0
FJI,Fiji,East Asia & Pacific,2003,4087.72446536081,866286,128.975969916537,1.48650087420329,1.03387640421008,6.72543473821551,65.653,2.22672688104222,18270.0
FJI,Fiji,East Asia & Pacific,2004,4264.59725802376,874366,125.121987598815,1.58387595253995,0.87757995038836,7.4129434854202,65.841,2.41943460496662,18270.0
FJI,Fiji,East Asia & Pacific,2005,4255.45096025011,882379,117.740079365079,1.32359461422314,0.947750804242416,8.45363663371359,65.983,2.1853935630028,18270.0
FJI,Fiji,East Asia & Pacific,2006,4295.40677074806,890365,118.048331674709,1.60859901711712,0.974664114288517,9.6000384001536,66.126,1.88086586001506,18270.0
FJI,Fiji,East Asia & Pacific,2007,4223.44802067613,897832,110.389514898623,2.23709999847122,0.715096151401214,10.89780045,66.161,1.54865027610794,18270.0
FJI,Fiji,East Asia & Pacific,2008,4240.77264898616,903399,130.997847976458,1.52095281013957,0.880454237005127,13.0,66.32,1.3119552336659,18270.0
FJI,Fiji,East Asia & Pacific,2009,4164.29314815569,907239,108.869117411674,1.78657925681224,1.17588302712276,17.0,66.347,2.32270141041295,18270.0
FJI,Fiji,East Asia & Pacific,2010,4272.35916210382,910419,121.227903395671,1.60512894075313,2.20907223915836,20.0,66.778,2.48115151347237,18270.0
FJI,Fiji,East Asia & Pacific,2011,4375.58083514077,912989,124.476834805196,1.61040391811109,1.96316771746732,28.0,66.88,2.05794244687448,18270.0
FJI,Fiji,East Asia & Pacific,2012,4427.97841523552,914918,125.285791685112,1.49096169403815,2.02960687281076,33.74240112,65.812,2.75461621946476,18270.0
FJI,Fiji,East Asia & Pacific,2013,4630.3512738488,916352,126.348386724849,1.38677744785356,1.35539287248447,35.20000076,66.545,2.22049893807938,18270.0
FJI,Fiji,East Asia & Pacific,2014,4883.24299340799,917585,110.812306063192,1.53977309916003,1.17576954969857,37.40000153,66.581,2.0346612974256,18270.0
FJI,Fiji,East Asia & Pacific,2015,5097.53106864695,918578,101.189048956211,0.910147310120732,1.040825064872,42.5,66.48,2.33012896975084,18270.0
FJI,Fiji,East Asia & Pacific,2016,5218.85824573477,919166,97.1744905841206,1.10379290217157,1.01936465398214,49.41999817,66.657,2.52064512089142,18270.0
FJI,Fiji,East Asia & Pacific,2017,5500.67840280072,918759,97.0216625258442,1.4048380780238,1.26650249477929,53.6473999,67.06,2.95916510358913,18270.0
FJI,Fiji,East Asia & Pacific,2018,5720.21445752907,917180,103.235419948556,1.45588315236828,1.19164257504239,58.2364006,66.965,2.31681657732311,18270.0
FJI,Fiji,East Asia & Pacific,2019,5701.10434532357,914899,110.696192117501,1.44512747814401,1.15438142466978,63.21789932,67.009,2.6602681117556,18270.0
FJI,Fiji,East Asia & Pacific,2020,4721.12281287253,914963,78.0763651830605,1.60530458182017,1.45148578020456,68.62560272,66.924,4.97584139368935,18270.0
FJI,Fiji,East Asia & Pacific,2021,4507.33353013335,916711,87.2159321837078,1.59594278733602,2.25290361305504,70.56800079,64.904,15.6757592213939,18270.0
FRA,France,Europe & Central Asia,1995,29379.6158424052,59541294,45.4316616938638,2.51542226280158,0.0717262733028455,1.64,77.7512195121951,,538950.0
FRA,France,Europe & Central Asia,1996,29683.7786067651,59754504,46.1124801589641,2.43766326434912,0.0730726373087548,2.58,77.9536585365854,,538950.0
FRA,France,Europe & Central Asia,1997,30325.522871824,59968066,49.803453474736,2.39395696754189,0.0637182635031625,4.26,78.3048780487805,,538950.0
FRA,France,Europe & Central Asia,1998,31256.5073830655,60190684,51.4214328030771,2.2468089386267,0.0455132610372882,6.32,78.6048780487805,,538950.0
FRA,France,Europe & Central Asia,1999,32152.7207478734,60501986,51.6706614638734,2.19815329922308,0.0458447378471974,9.13,78.7560975609756,,538950.0
FRA,France,Europe & Central Asia,2000,33255.1379642335,60918661,57.7860470318197,2.09218901026309,0.0697444063968902,14.3079239430677,79.0560975609756,,538950.0
FRA,France,Europe & Central Asia,2001,33640.6738002565,61364377,56.8932328560722,2.04148415280944,0.0631486455288891,26.3259035521688,79.1585365853659,,538950.0
FRA,France,Europe & Central Asia,2002,33753.5782979758,61812142,55.1325248503102,2.05857264018165,0.0568378905466392,30.18,79.2609756097561,,538950.0
FRA,France,Europe & Central Asia,2003,33840.6175720101,62249855,52.5988822870657,2.1064709567846,0.0512489501024358,36.14,79.1146341463415,,538950.0
FRA,France,Europe & Central Asia,2004,34557.1471111581,62707588,53.7497648292028,2.11416633859403,0.0406259517392784,39.15,80.1634146341463,,538950.0
FRA,France,Europe & Central Asia,2005,34946.0372494703,63180854,55.8228361241299,2.02813701732744,0.0417272985494137,42.87,80.1634146341463,,538950.0
FRA,France,Europe & Central Asia,2006,35645.4162427116,63622342,57.8692775292673,1.97737744775679,0.0481575129756102,46.87,80.8121951219512,,538950.0
FRA,France,Europe & Central Asia,2007,36322.1685141004,64016890,58.1525611309659,1.91095777789429,0.0484835332830561,66.09,81.1121951219512,,538950.0
FRA,France,Europe & Central Asia,2008,36257.3658930938,64375116,59.1797928411748,1.89934504679172,0.0539800650065068,70.68,81.2146341463415,,538950.0
FRA,France,Europe & Central Asia,2009,35052.8510772683,64706436,52.1991123027613,2.09877791453034,0.049458614730346,71.58,81.4146341463415,,538950.0
FRA,France,Europe & Central Asia,2010,35578.1968010183,65026211,56.587555247796,1.96864375039496,0.0546571274665138,77.28,81.6634146341463,,538950.0
FRA,France,Europe & Central Asia,2011,36269.9561530888,65340830,60.6056354816406,1.88794614981494,0.0486924296380263,77.8199989926706,82.1146341463415,,538950.0
FRA,France,Europe & Central Asia,2012,36161.2918253465,65657659,61.6589570771102,1.87154409463222,0.0483609619788124,81.44,81.9682926829268,,538950.0
FRA,France,Europe & Central Asia,2013,36256.086680981,65997932,61.8192338733962,1.84711648361859,0.0481698364814291,81.9198,82.219512195122,,538950.0
FRA,France,Europe & Central Asia,2014,36444.3949089146,66312067,62.1992669379507,1.85952906556899,0.0462251783929265,83.7510996681821,82.719512195122,,538950.0
FRA,France,Europe & Central Asia,2015,36702.4323733379,66548272,63.5046871956484,1.86973268204402,0.040991340666787,78.0060377071902,82.3219512195122,,538950.0
FRA,France,Europe & Central Asia,2016,36920.5342846914,66724104,63.3427564383351,1.85171809616119,0.0401901593813067,79.2698113207547,82.5731707317073,,538950.0
FRA,France,Europe & Central Asia,2017,37580.5979329356,66918020,65.3958481559711,1.8523088187904,0.0362250443838789,80.5024597243607,82.5756097560976,,538950.0
FRA,France,Europe & Central Asia,2018,38062.4435961412,67158348,66.8022607812266,1.84604257144589,0.0429051117731693,82.0431867788484,82.6756097560976,,538950.0
FRA,France,Europe & Central Asia,2019,38705.2072940618,67382061,66.4289607281749,1.85288520696513,0.0337878193709454,83.3397440866883,82.8268292682927,,538950.0
FRA,France,Europe & Central Asia,2020,35709.2045925926,67601110,58.8388907240647,2.02167455284232,0.0266318650223516,84.70639801,82.1756097560976,,538950.0
FRA,France,Europe & Central Asia,2021,38030.8571685178,67842811,63.788482630872,1.98022225807935,0.0325366370984223,86.09548575,82.3243902439024,,538950.0
FRO,Faroe Islands,Europe & Central Asia,1995,,43611,75.7029702970297,,,0.0,77.3228243902439,,1396.0
FRO,Faroe Islands,Europe & Central Asia,1996,,43581,98.7626350644824,,,2.32,77.5619634146341,,1396.0
FRO,Faroe Islands,Europe & Central Asia,1997,,44132,97.6325604021404,,,4.6,77.7854414634146,,1396.0
FRO,Faroe Islands,Europe & Central Asia,1998,,44674,91.609818039364,,0.0,11.3,77.9979951219512,,1396.0
FRO,Faroe Islands,Europe & Central Asia,1999,,45146,100.491928308123,,0.0,22.3,78.2087731707317,,1396.0
FRO,Faroe Islands,Europe & Central Asia,2000,,45754,110.545353366722,,0.0,32.916392363397,78.4119073170732,,1396.0
FRO,Faroe Islands,Europe & Central Asia,2001,,46635,104.904366916234,,0.0,43.2469835228993,78.6017292682927,,1396.0
FRO,Faroe Islands,Europe & Central Asia,2002,,47335,98.6231560125168,,0.0,53.2992218313613,78.7876585365854,,1396.0
FRO,Faroe Islands,Europe & Central Asia,2003,,48032,108.258290126639,,0.0,58.9126409695337,78.9848073170732,,1396.0
FRO,Faroe Islands,Europe & Central Asia,2004,,48384,93.415398908373,,0.0,66.5335994677312,79.2049804878049,,1396.0
FRO,Faroe Islands,Europe & Central Asia,2005,,48359,100.962759404909,,0.0,67.9026317413939,79.4453463414634,,1396.0
FRO,Faroe Islands,Europe & Central Asia,2006,,48335,97.3947177610908,,0.0,69.359445124439,79.6898609756098,,1396.0
FRO,Faroe Islands,Europe & Central Asia,2007,,48378,99.5060041310306,,0.0,75.98,79.9238243902439,,1396.0
FRO,Faroe Islands,Europe & Central Asia,2008,44623.0315871975,48547,103.496222535589,,0.0,75.57,80.1460804878049,,1396.0
FRO,Faroe Islands,Europe & Central Asia,2009,42379.0851176044,48790,96.8608080332117,,0.0,75.18,80.3695317073171,,1396.0
FRO,Faroe Islands,Europe & Central Asia,2010,42334.391628988,48656,97.1824434582361,,0.0,75.2,80.604956097561,,1396.0
FRO,Faroe Islands,Europe & Central Asia,2011,43947.1570625821,48542,105.846453473678,,0.0,80.7321728,80.8518097560976,,1396.0
FRO,Faroe Islands,Europe & Central Asia,2012,47304.8451728204,48290,117.157793662648,,0.0,85.3351892392109,81.1060951219512,,1396.0
FRO,Faroe Islands,Europe & Central Asia,2013,50121.7919684574,48245,114.062282820929,,0.0,90.0,81.356643902439,,1396.0
FRO,Faroe Islands,Europe & Central Asia,2014,52645.8769957728,48427,106.142539193387,,0.0,93.3,81.5912048780488,,1396.0
FRO,Faroe Islands,Europe & Central Asia,2015,52638.2668218454,48898,105.610671594387,,0.0,94.2,81.7995975609756,,1396.0
FRO,Faroe Islands,Europe & Central Asia,2016,52758.462646154,49463,104.552703002397,,0.0,95.1086816720257,81.962112195122,,1396.0
FRO,Faroe Islands,Europe & Central Asia,2017,53832.1022752798,50179,107.238908370178,,0.0,97.5819589384468,82.1062926829268,,1396.0
FRO,Faroe Islands,Europe & Central Asia,2018,54432.5257658066,50997,106.874664759521,,0.0,,82.2486024390244,,1396.0
FRO,Faroe Islands,Europe & Central Asia,2019,56031.6628701293,51790,108.623245950251,,0.0,,82.3912829268293,,1396.0
FRO,Faroe Islands,Europe & Central Asia,2020,54305.7918823334,52561,96.2241937518396,,0.0,,82.5341926829268,,1366.0
FRO,Faroe Islands,Europe & Central Asia,2021,56275.5306614124,53291,103.488037146112,,0.0,,82.6763219512195,,1370.0
FSM,"Micronesia, Fed. Sts.",East Asia & Pacific,1995,2818.49690906028,110230,90.9380257354613,,0.0159058430691849,,64.142,31.837278422186,700.0
FSM,"Micronesia, Fed. Sts.",East Asia & Pacific,1996,2712.57379982072,110710,102.980429100514,,0.0171437488748058,0.278,64.253,49.6862927039792,700.0
FSM,"Micronesia, Fed. Sts.",East Asia & Pacific,1997,2535.82445447681,111071,107.144324873335,,0.0168466041476974,0.571,64.371,40.8122243538417,700.0
FSM,"Micronesia, Fed. Sts.",East Asia & Pacific,1998,2600.59655060566,111377,102.530659900259,,0.0129895155513943,1.86,64.509,33.9053437702837,700.0
FSM,"Micronesia, Fed. Sts.",East Asia & Pacific,1999,2622.81714261636,111680,95.7647575563228,,0.0070723219423215,2.8,64.626,46.1176732509948,700.0
FSM,"Micronesia, Fed. Sts.",East Asia & Pacific,2000,2735.1956569283,112044,91.8922308820609,,0.0074641058190842,3.73486213690137,64.317,41.3602800271242,700.0
FSM,"Micronesia, Fed. Sts.",East Asia & Pacific,2001,2777.02466489199,112365,97.2977866445674,,0.0085710900857051,4.66052719883673,64.801,56.0829695016951,700.0
FSM,"Micronesia, Fed. Sts.",East Asia & Pacific,2002,2787.27413276067,112448,91.7298782306905,,0.0097331006529573,5.57009970478472,63.907,45.7748564344176,700.0
FSM,"Micronesia, Fed. Sts.",East Asia & Pacific,2003,2840.52449068865,112285,96.7006004152731,,0.0142734119946187,9.23250210039423,64.915,45.8794575492184,700.0
FSM,"Micronesia, Fed. Sts.",East Asia & Pacific,2004,2758.74590390098,111925,95.5259467576583,,0.016520240050047,11.0178673081514,64.898,35.2203978208653,700.0
FSM,"Micronesia, Fed. Sts.",East Asia & Pacific,2005,2847.48229525537,111412,93.9271255060729,,0.01068453390706,11.88140011,64.906,41.0500172242168,700.0
FSM,"Micronesia, Fed. Sts.",East Asia & Pacific,2006,2853.20713732847,110729,96.8,,0.0124872726970928,12.75030041,64.859,41.0905679481026,700.0
FSM,"Micronesia, Fed. Sts.",East Asia & Pacific,2007,2827.53072106163,109880,100.395256916996,,0.0189088329318677,13.62110043,64.844,42.4153935678494,700.0
FSM,"Micronesia, Fed. Sts.",East Asia & Pacific,2008,2779.82971113098,108936,109.961685823755,,0.0319934852578765,14.49,64.849,33.9749276931713,700.0
FSM,"Micronesia, Fed. Sts.",East Asia & Pacific,2009,2841.46745946079,107957,110.108303249097,,0.0289115684176353,15.35,64.865,41.1998150632697,700.0
FSM,"Micronesia, Fed. Sts.",East Asia & Pacific,2010,2901.24604798215,107540,107.534246575342,,0.0272732816714997,20.0,64.892,21.0765954135728,700.0
FSM,"Micronesia, Fed. Sts.",East Asia & Pacific,2011,3006.53976237006,107698,108.116883116883,,0.0354254343191027,22.79999924,64.969,41.1394336430279,700.0
FSM,"Micronesia, Fed. Sts.",East Asia & Pacific,2012,2952.58709656817,107890,112.654320987654,,0.0282034652210159,25.97439957,65.08,42.2138353261488,700.0
FSM,"Micronesia, Fed. Sts.",East Asia & Pacific,2013,2837.15746729135,108121,114.331210191083,,0.0266740121867941,27.79999924,65.179,42.1834276791801,700.0
FSM,"Micronesia, Fed. Sts.",East Asia & Pacific,2014,2757.39654878889,108396,106.645569620253,,0.0406003278508593,29.64999962,65.294,34.2374199204495,700.0
FSM,"Micronesia, Fed. Sts.",East Asia & Pacific,2015,2869.86276169101,108716,106.410256410256,,0.032192134954101,31.50110054,65.306,21.8962123340886,700.0
FSM,"Micronesia, Fed. Sts.",East Asia & Pacific,2016,2896.47282245468,109075,100.611620795107,,0.0360496232316334,33.35219955,65.576,13.3805320509256,700.0
FSM,"Micronesia, Fed. Sts.",East Asia & Pacific,2017,2945.60147384462,109481,102.216066481994,,0.0385320066214341,35.30410004,65.761,24.0957722383052,700.0
FSM,"Micronesia, Fed. Sts.",East Asia & Pacific,2018,2946.05827846428,109909,105.837563451777,,0.0165045161037463,36.61460114,65.943,24.4593043739035,700.0
FSM,"Micronesia, Fed. Sts.",East Asia & Pacific,2019,3043.07718989012,110282,106.582278481013,,0.0147433271606052,37.97370148,66.196,22.0291218317257,700.0
FSM,"Micronesia, Fed. Sts.",East Asia & Pacific,2020,2963.44360529022,110916,93.858263831289,,0.0200730721927284,39.38330078,65.878,39.8732276459619,700.0
FSM,"Micronesia, Fed. Sts.",East Asia & Pacific,2021,3035.92251779232,111624,90.3979270784948,,0.0178477556025635,,66.152,29.644815482166,700.0
GAB,Gabon,Sub-Saharan Africa ,1995,8514.94009899596,1123213,95.1346961861668,,31.9828513449062,,61.27,3.34790747996799,257670.0
GAB,Gabon,Sub-Saharan Africa ,1996,8603.00813400361,1152015,95.6709008514144,,32.9208323547404,0.0,61.265,2.5656055781791,257670.0
GAB,Gabon,Sub-Saharan Africa ,1997,8870.12550864019,1181439,98.5362645138464,,33.7890685570541,0.048,61.395,0.842239995415812,257670.0
GAB,Gabon,Sub-Saharan Africa ,1998,8949.1211008365,1211736,95.9747826086956,,20.2016349235387,0.17,61.506,1.12495553400872,257670.0
GAB,Gabon,Sub-Saharan Africa ,1999,7944.64517936466,1243016,97.7314524555904,,26.0513920456146,0.249,61.658,1.16749475381136,257670.0
GAB,Gabon,Sub-Saharan Africa ,2000,7596.09970650519,1275572,101.701928939637,1.69170490588038,47.7698658424489,1.21614061828589,61.81,0.275550006403821,257670.0
GAB,Gabon,Sub-Saharan Africa ,2001,7556.76995314898,1309589,83.6386132424108,1.79395209821725,32.5167942663475,1.34762022159633,61.982,0.196571797233945,257670.0
GAB,Gabon,Sub-Saharan Africa ,2002,7338.75620613605,1345135,84.7590815376223,1.78317027682097,31.7271986277113,1.93953010616212,62.175,1.4761758834748,257670.0
GAB,Gabon,Sub-Saharan Africa ,2003,7301.67154442842,1382350,80.3026082056312,1.66832793289402,26.0570264508303,2.65958659385985,62.463,-0.188295954645124,257670.0
GAB,Gabon,Sub-Saharan Africa ,2004,7148.98713447497,1421609,81.7675371418698,1.6131661692941,27.4567837566907,2.97906980035019,62.694,0.608861775279836,257670.0
GAB,Gabon,Sub-Saharan Africa ,2005,7130.22505771754,1463495,83.9495998399241,1.24868216929966,37.767344326428,4.89326474972412,62.978,0.583249484584417,257670.0
GAB,Gabon,Sub-Saharan Africa ,2006,6724.08148977274,1508337,88.6494092562519,1.28261921013258,37.655973866027,5.48920080280135,63.259,0.348073416487023,257670.0
GAB,Gabon,Sub-Saharan Africa ,2007,6908.67399162999,1556237,85.1324791636578,,37.533512307082,5.767000198,63.619,0.500788564798481,257670.0
GAB,Gabon,Sub-Saharan Africa ,2008,6468.38523357609,1607175,88.9988725945748,,41.0680827434693,7.5,64.011,0.478243780413974,257670.0
GAB,Gabon,Sub-Saharan Africa ,2009,6264.83611480154,1661556,83.5045774235636,,27.7362590783372,9.5,64.361,0.726010334203729,257670.0
GAB,Gabon,Sub-Saharan Africa ,2010,6481.49612073562,1719879,89.1576627248353,1.87162256589575,35.6548863864577,13.0,64.715,0.832714902825777,257670.0
GAB,Gabon,Sub-Saharan Africa ,2011,6699.23394606512,1781985,90.4983773331323,1.46243422997043,39.1459946806966,18.0,65.102,0.442016627460248,257670.0
GAB,Gabon,Sub-Saharan Africa ,2012,6803.22668079211,1846889,92.3428089420545,1.61980464787095,40.6293332424739,24.0,65.438,0.445453345073559,257670.0
GAB,Gabon,Sub-Saharan Africa ,2013,6938.25753862236,1913059,90.6350361478645,1.60404717948982,32.806984483505,30.53800011,65.751,0.548796337019914,257670.0
GAB,Gabon,Sub-Saharan Africa ,2014,6998.60545439576,1978399,73.5203290162438,1.14481839629997,24.7540184011901,38.07120132,66.07,0.644795843901953,257670.0
GAB,Gabon,Sub-Saharan Africa ,2015,7047.12654634355,2040989,73.9497814588281,1.18502560854907,12.5534347249347,45.78450012,66.336,0.749006160463248,257670.0
GAB,Gabon,Sub-Saharan Africa ,2016,6991.3251446736,2100306,70.1333810645308,1.44754580418175,11.6621945364629,48.0522995,66.583,0.303368783162414,257670.0
GAB,Gabon,Sub-Saharan Africa ,2017,6840.05959347802,2156900,75.0687404456638,1.81138276957815,17.699784026005,51.60490036,66.816,0.759825509411794,257670.0
GAB,Gabon,Sub-Saharan Africa ,2018,6724.5961429108,2212318,77.0365976973024,1.55363446931116,21.16026297404,55.42020035,67.043,0.725945880756955,257670.0
GAB,Gabon,Sub-Saharan Africa ,2019,6817.56879468764,2267706,73.4280894486644,1.58168890147569,19.1754988018892,59.51760101,67.337,0.735788901234204,257670.0
GAB,Gabon,Sub-Saharan Africa ,2020,6534.27966529444,2322539,70.1140546463796,1.71695248466736,13.4988249621846,63.91790009,67.073,0.371170973134475,257670.0
GAB,Gabon,Sub-Saharan Africa ,2021,6479.0490069252,2376722,85.3483122054787,1.60218113320742,18.4933440925176,65.76809692,67.072,0.546178081680501,257670.0
GBR,United Kingdom,Europe & Central Asia,1995,33362.0161272507,58019030,50.8300766971451,2.85419949053587,0.664257474316672,1.9,76.8365853658537,,241930.0
GBR,United Kingdom,Europe & Central Asia,1996,34147.3459054033,58166950,52.0576088895797,2.72459232198324,0.855025559537136,4.12,77.0878048780488,,241930.0
GBR,United Kingdom,Europe & Central Asia,1997,35721.6105928791,58316954,50.7045618383811,2.56014877225605,0.635577342150121,7.39,77.2109756097561,,241930.0
GBR,United Kingdom,Europe & Central Asia,1998,36773.9287790406,58487141,49.1409088914683,2.49596227501881,0.172024998917896,13.7,77.190243902439,,241930.0
GBR,United Kingdom,Europe & Central Asia,1999,37730.7155591161,58682466,49.4683905163429,2.42290959332375,0.466885422064688,21.3,77.390243902439,,241930.0
GBR,United Kingdom,Europe & Central Asia,2000,39297.1366317267,58892514,52.3380212335903,2.3727966452319,1.05085122197897,26.8217543508578,77.7414634146342,,241930.0
GBR,United Kingdom,Europe & Central Asia,2001,40082.1359356822,59119673,52.6342367336438,2.41112210130721,0.937004459646389,33.4810948744147,77.9926829268293,,241930.0
GBR,United Kingdom,Europe & Central Asia,2002,40594.932929345,59370479,51.2361820991323,2.48565967470705,0.81283767292158,56.48,78.1439024390244,,241930.0
GBR,United Kingdom,Europe & Central Asia,2003,41706.8303930126,59647577,50.0681187039704,2.55206201518244,0.762200302418188,64.82,78.4463414634146,,241930.0
GBR,United Kingdom,Europe & Central Asia,2004,42434.8209023638,59987905,50.2885521756133,2.49782136751626,0.735707508866846,65.61,78.7463414634146,,241930.0
GBR,United Kingdom,Europe & Central Asia,2005,43320.5628684438,60401206,52.5442740383211,2.42271607573388,0.83595827885591,70.0,79.0487804878049,,241930.0
GBR,United Kingdom,Europe & Central Asia,2006,43944.9985799069,60846820,56.7047791729812,2.36967440284241,0.913361392253003,68.82,79.2487804878049,,241930.0
GBR,United Kingdom,Europe & Central Asia,2007,44882.141312304,61322463,52.7493524964733,2.37465777127738,0.855441736513527,75.09,79.4487804878049,,241930.0
GBR,United Kingdom,Europe & Central Asia,2008,44508.2874631479,61806995,56.4365501052604,2.4871500848402,1.33659576191205,78.39,79.6,,241930.0
GBR,United Kingdom,Europe & Central Asia,2009,42146.5095879962,62276270,54.6537301085991,2.64772453259797,0.84946186314372,83.56,80.0512195121951,,241930.0
GBR,United Kingdom,Europe & Central Asia,2010,42762.720840223,62766365,59.0511802227821,2.56799960467203,0.861239087184779,85.0,80.4024390243902,,241930.0
GBR,United Kingdom,Europe & Central Asia,2011,42791.0934313474,63258810,63.3240615708901,2.49903987829525,1.07544716241254,85.3799985496322,80.9512195121951,,241930.0
GBR,United Kingdom,Europe & Central Asia,2012,43136.7006795996,63711000,61.9688704472535,2.41781748358099,0.866071942237571,87.4799984242111,80.9048780487805,,241930.0
GBR,United Kingdom,Europe & Central Asia,2013,43585.8731772281,64138000,61.7195395154583,2.29232047399432,0.717358769907282,89.8441,81.0048780487805,,241930.0
GBR,United Kingdom,Europe & Central Asia,2014,44628.5724578217,64619000,58.8210228333296,2.18448549185402,0.569359660800821,91.6133009176453,81.3048780487805,,241930.0
GBR,United Kingdom,Europe & Central Asia,2015,45256.040227057,65087000,57.125044605439,2.04890800410498,0.337710045585096,92.0002998740234,80.9560975609756,,241930.0
GBR,United Kingdom,Europe & Central Asia,2016,45888.7099614563,65606000,59.8395315138259,1.98449096820719,0.273025131582337,94.7758006318882,81.1560975609756,,241930.0
GBR,United Kingdom,Europe & Central Asia,2017,47019.4510419999,65964000,63.1899245764158,1.95002885979327,0.397885220213493,90.4245504868553,81.2560975609756,,241930.0
GBR,United Kingdom,Europe & Central Asia,2018,47516.2099770322,66287000,64.9097721959201,1.94455569473457,0.626195352812848,90.692008988783,81.2560975609756,,241930.0
GBR,United Kingdom,Europe & Central Asia,2019,47866.9140354078,66628000,65.0035664177054,1.98525373099586,0.540491129160741,92.5166285497138,81.3691219512195,,241930.0
GBR,United Kingdom,Europe & Central Asia,2020,42985.0392148248,66740000,59.1598893030611,2.16304030547387,0.28397504842807,94.81820132,80.331756097561,,241930.0
GBR,United Kingdom,Europe & Central Asia,2021,46491.5068836685,66978000,58.53838629291,2.07241748249759,0.588544260440276,96.19650269,80.6473170731707,,241930.0
GEO,Georgia,Europe & Central Asia,1995,1029.48054628347,4657722,67.8286788091539,,0.426069935947509,0.0118,69.398,8.12148857669504,69490.0
GEO,Georgia,Europe & Central Asia,1996,1187.123206219,4491699,45.6965490500194,2.21017302703038,0.462341589646357,0.0401,70.637,10.2315332436576,69490.0
GEO,Georgia,Europe & Central Asia,1997,1354.78352202066,4349913,57.7530659289995,1.25358766896378,0.379911800157357,0.0609,69.683,6.65293135057365,69490.0
GEO,Georgia,Europe & Central Asia,1998,1431.79336069224,4243607,53.5666693215985,1.13697395615685,0.203334799900045,0.103,69.787,5.48521334775839,69490.0
GEO,Georgia,Europe & Central Asia,1999,1503.46298776734,4157192,57.1518743274472,0.924374855931971,0.551848983624666,0.416,70.012,8.37612973351378,69490.0
GEO,Georgia,Europe & Central Asia,2000,1561.19867638847,4077131,62.6613956413099,0.615582490752135,0.785932129075988,0.484746298540492,70.091,5.55595874874782,69490.0
GEO,Georgia,Europe & Central Asia,2001,1661.83019106421,4014373,63.3299250824094,0.740186005258763,0.5482714496053,0.992344436138154,70.371,9.07943945947113,69490.0
GEO,Georgia,Europe & Central Asia,2002,1768.5970116888,3978515,71.6291255364807,1.00053299706695,0.565805015307112,1.58787562980332,70.438,9.31296129872253,69490.0
GEO,Georgia,Europe & Central Asia,2003,1977.46143338741,3951736,77.6333765369391,1.06848912472203,0.783502656243139,2.55881648068489,71.377,5.71548937262576,69490.0
GEO,Georgia,Europe & Central Asia,2004,2105.00472843799,3927340,79.0407459055607,1.37383897186186,0.809468508496354,3.88622135350273,71.011,6.04338790272639,69490.0
GEO,Georgia,Europe & Central Asia,2005,2321.60084285163,3902469,84.5295975354749,3.33916979671741,0.775238184123894,6.079500198,70.689,4.53265978910856,69490.0
GEO,Georgia,Europe & Central Asia,2006,2554.81253503914,3880347,89.125374368197,5.21830695097827,0.954778536519933,7.52687684487832,70.983,4.51779363576507,69490.0
GEO,Georgia,Europe & Central Asia,2007,2891.13702331846,3860158,88.3934140686603,9.15911651704757,0.920367017577998,8.26,70.985,3.74113799511023,69490.0
GEO,Georgia,Europe & Central Asia,2008,2970.15858282428,3848449,86.2982243681487,8.52011839531126,0.782966178122998,10.01000023,70.949,6.42366040245929,69490.0
GEO,Georgia,Europe & Central Asia,2009,2887.25607935922,3814419,78.1930390303569,5.60659705141182,0.792323959767413,20.06999969,71.058,7.40504157696295,69490.0
GEO,Georgia,Europe & Central Asia,2010,3090.06513662318,3786695,81.6733870603639,3.65484993224496,1.33825248615574,26.9,71.732,4.32248684677615,69490.0
GEO,Georgia,Europe & Central Asia,2011,3362.1030031968,3756441,85.4659350932986,3.0291791684272,1.89851691683121,31.52000046,72.485,3.6218206913122,69490.0
GEO,Georgia,Europe & Central Asia,2012,3609.780798626,3728874,89.7348800946338,2.91212426772649,1.08428994137279,36.93999863,72.672,3.94203126873832,69490.0
GEO,Georgia,Europe & Central Asia,2013,3806.50600649051,3717668,93.8139137895532,2.52250044602568,0.797121774570139,43.3,73.025,3.75743801500664,69490.0
GEO,Georgia,Europe & Central Asia,2014,3960.35080091901,3719414,94.9506979383393,2.31346741070778,0.522067118215896,49.1024547144647,73.105,3.17830327940966,69490.0
GEO,Georgia,Europe & Central Asia,2015,4086.6223465965,3725276,97.0163115086257,1.96739841458037,0.53409410608162,47.5697596438736,73.241,3.01693744725333,69490.0
GEO,Georgia,Europe & Central Asia,2016,4225.09154904806,3727505,94.9262528383443,2.04079266789767,0.572435838705115,58.4592896118725,73.136,3.13828997607769,69490.0
GEO,Georgia,Europe & Central Asia,2017,4442.50744127374,3728004,102.584277697146,1.942197699613,0.472314027913239,59.7055045962571,73.435,2.85319231483645,69490.0
GEO,Georgia,Europe & Central Asia,2018,4713.65354845303,3726549,109.847740556266,1.86470954721815,0.451235879680756,62.7179081974285,73.985,3.41934694821672,69490.0
GEO,Georgia,Europe & Central Asia,2019,4975.81148194814,3720161,117.810080239714,1.75963279056275,0.603605792551493,68.8467135616978,74.165,2.92792164313843,69490.0
GEO,Georgia,Europe & Central Asia,2020,4659.60925318234,3722716,92.8910841752194,1.78655575876457,0.925523673088172,72.53157487,73.509,6.83015304633267,69490.0
GEO,Georgia,Europe & Central Asia,2021,5175.19865185825,3708610,101.60090754891,1.59240624613036,1.38946631019879,76.4427093,71.635,4.35550203742122,69490.0
GHA,Ghana,Sub-Saharan Africa ,1995,933.895311664356,17399017,57.4230942889947,0.335747716894977,12.844734865598,0.000348,56.662,10.26444938132,227540.0
GHA,Ghana,Sub-Saharan Africa ,1996,954.325387944775,17810181,72.2049441293975,0.286903633491311,13.7777337984918,0.00565,56.957,9.59254222550776,227540.0
GHA,Ghana,Sub-Saharan Africa ,1997,970.995739362631,18238958,85.4018379695892,0.287938176197836,12.4994065219438,0.0275,57.241,7.31280903618554,227540.0
GHA,Ghana,Sub-Saharan Africa ,1998,992.20631798932,18688036,80.5995432469935,0.334707661290323,12.0486612371435,0.0322,57.525,9.60247260535413,227540.0
GHA,Ghana,Sub-Saharan Africa ,1999,1010.88194916348,19149864,81.7051040340528,0.333671099852227,7.82931688108889,0.105,57.835,8.0760802951188,227540.0
GHA,Ghana,Sub-Saharan Africa ,2000,1022.27520714566,19637087,116.048430162968,0.4436304,13.7597235776938,0.153615297625799,58.139,12.4206502352805,227540.0
GHA,Ghana,Sub-Saharan Africa ,2001,1035.22666053257,20167069,110.045854160811,0.264452812963597,12.746063574387,0.200008060324831,58.403,12.3848072077705,227540.0
GHA,Ghana,Sub-Saharan Africa ,2002,1052.46591644399,20729388,97.4892431746551,0.260305614783227,13.4249078896054,0.830284033818738,58.709,11.4195740474993,227540.0
GHA,Ghana,Sub-Saharan Africa ,2003,1077.69990866645,21296705,97.2871457139532,0.30375830974791,15.6197723814453,1.19305791098328,59.014,13.1905377695442,227540.0
GHA,Ghana,Sub-Saharan Africa ,2004,1108.30475353633,21868298,99.6703343472122,0.277570912276859,12.3974101450175,1.71679770389504,59.316,16.3419582104998,227540.0
GHA,Ghana,Sub-Saharan Africa ,2005,1143.31178934301,22449438,98.1715141146279,0.260967076343411,11.7318044619005,1.83119746104616,59.638,10.8601609909254,227540.0
GHA,Ghana,Sub-Saharan Africa ,2006,1185.26570738595,23040702,64.5190542439152,0.262213532811969,7.57618461499477,2.72317597313987,59.975,6.0860549491327,227540.0
GHA,Ghana,Sub-Saharan Africa ,2007,1205.31705804209,23642279,65.3543222852532,0.370332914572864,8.82815308813168,3.85,60.282,4.71069825745318,227540.0
GHA,Ghana,Sub-Saharan Africa ,2008,1282.63416886747,24249946,69.5142256111434,0.294033500427925,9.16190193076971,4.27,60.578,4.59399674324165,227540.0
GHA,Ghana,Sub-Saharan Africa ,2009,1311.63053760125,24862664,71.5947385281523,0.336757870912986,10.8115826827154,5.44,60.928,6.10563705784182,227540.0
GHA,Ghana,Sub-Saharan Africa ,2010,1381.2279503506,25474995,75.3778157916824,0.282687655236928,10.1146292384946,7.8,61.297,4.32381102713659,227540.0
GHA,Ghana,Sub-Saharan Africa ,2011,1537.81834019283,26095088,86.2954538549695,0.43515452267479,16.0706874677608,9.0,61.617,4.73285710338704,227540.0
GHA,Ghana,Sub-Saharan Africa ,2012,1640.54072088003,26734268,93.1680351286831,0.593208552483374,15.8226771827735,10.6,61.995,4.59284354647094,227540.0
GHA,Ghana,Sub-Saharan Africa ,2013,1718.59704769958,27386193,60.7593219028775,0.400294579040699,10.8892140729202,15.0,62.397,2.17394866163727,227540.0
GHA,Ghana,Sub-Saharan Africa ,2014,1726.36930134647,28041592,63.8365624430783,0.484989051455069,12.249534681472,19.0,62.832,2.16730934056598,227540.0
GHA,Ghana,Sub-Saharan Africa ,2015,1722.77282833606,28696068,76.5212709243242,0.392915126090548,10.5635168212992,23.0,63.175,3.69231777516219,227540.0
GHA,Ghana,Sub-Saharan Africa ,2016,1740.81101902928,29356742,67.8769994445865,0.291412454265461,8.64980290681468,28.0,63.522,2.44460544497604,227540.0
GHA,Ghana,Sub-Saharan Africa ,2017,1841.44636153249,30008354,70.5483652904116,0.312701278609545,10.3700404312643,37.88420105,63.829,2.2008397380138,227540.0
GHA,Ghana,Sub-Saharan Africa ,2018,1915.4532323781,30637585,67.9585174644902,0.32587623925291,9.7904078745383,43.0,64.138,1.66212732274913,227540.0
GHA,Ghana,Sub-Saharan Africa ,2019,1999.55372220211,31258945,76.824802732152,0.343818178617089,9.76736656039863,22.0732,64.455,1.39059810703371,227533.0
GHA,Ghana,Sub-Saharan Africa ,2020,1970.19411460398,31887809,66.5754987162431,0.350949233772808,8.48657958474163,62.51760101,64.309,3.31061014592348,227530.0
GHA,Ghana,Sub-Saharan Africa ,2021,2030.04866500967,32518665,62.7078309128346,0.382741906430833,13.3474845007777,68.6,64.286,1.65006798238671,227533.0
GIB,Gibraltar,Europe & Central Asia,1995,,27377,,,,,78.345,,10.0
GIB,Gibraltar,Europe & Central Asia,1996,,27487,,,,,78.696,,10.0
GIB,Gibraltar,Europe & Central Asia,1997,,27582,,,,2.66,79.097,,10.0
GIB,Gibraltar,Europe & Central Asia,1998,,27650,,,,4.18,79.477,,10.0
GIB,Gibraltar,Europe & Central Asia,1999,,27692,,,,5.94,79.812,,10.0
GIB,Gibraltar,Europe & Central Asia,2000,,27709,,,,19.1316381248919,80.145,,10.0
GIB,Gibraltar,Europe & Central Asia,2001,,27657,,,,21.171109436031,80.419,,10.0
GIB,Gibraltar,Europe & Central Asia,2002,,27831,,,,23.670239745714,80.59,,10.0
GIB,Gibraltar,Europe & Central Asia,2003,,28274,,,,28.3257797920554,80.713,,10.0
GIB,Gibraltar,Europe & Central Asia,2004,,28715,,,,32.8860826098395,80.856,,10.0
GIB,Gibraltar,Europe & Central Asia,2005,,29163,,,,39.0701308849385,80.991,,10.0
GIB,Gibraltar,Europe & Central Asia,2006,,29594,,,,45.29864751181,81.103,,10.0
GIB,Gibraltar,Europe & Central Asia,2007,,30006,,,,51.61,81.269,,10.0
GIB,Gibraltar,Europe & Central Asia,2008,,30413,,,,58.0,81.541,,10.0
GIB,Gibraltar,Europe & Central Asia,2009,,30823,,,,65.07,81.807,,10.0
GIB,Gibraltar,Europe & Central Asia,2010,,31248,,,,65.0,82.08,,10.0
GIB,Gibraltar,Europe & Central Asia,2011,,31660,,,,65.0,82.333,,10.0
GIB,Gibraltar,Europe & Central Asia,2012,,32029,,,,65.017,82.527,,10.0
GIB,Gibraltar,Europe & Central Asia,2013,,32407,,,,,82.586,,10.0
GIB,Gibraltar,Europe & Central Asia,2014,,32813,,,,,82.644,,10.0
GIB,Gibraltar,Europe & Central Asia,2015,,33193,,,,,82.668,,10.0
GIB,Gibraltar,Europe & Central Asia,2016,,33658,,,,94.4444715818151,82.741,,10.0
GIB,Gibraltar,Europe & Central Asia,2017,,34245,,,,,82.858,,10.0
GIB,Gibraltar,Europe & Central Asia,2018,,34854,,,,,83.028,,10.0
GIB,Gibraltar,Europe & Central Asia,2019,,35494,,,,,83.183,,10.0
GIB,Gibraltar,Europe & Central Asia,2020,,36173,,,,,83.07,,10.0
GIB,Gibraltar,Europe & Central Asia,2021,,36858,,,,,80.274,,10.0
GIN,Guinea,Sub-Saharan Africa ,1995,565.553359749505,7553249,31.3044291693273,,15.158364653506,0.000669,49.836,7.84003045871149,245720.0
GIN,Guinea,Sub-Saharan Africa ,1996,574.302865750492,7770035,29.861424528614,,15.2793753579806,0.00195,50.546,5.36818863539814,245720.0
GIN,Guinea,Sub-Saharan Africa ,1997,591.77353015526,7931370,29.0897874940253,1.17281926203606,11.7303487164876,0.0038,51.113,7.05484906192808,245720.0
GIN,Guinea,Sub-Saharan Africa ,1998,601.907993085373,8081990,33.0646236252079,1.25499180312356,11.6837005355472,0.0062,51.61,7.0332218851267,245720.0
GIN,Guinea,Sub-Saharan Africa ,1999,611.007685844967,8265123,32.6958994059117,1.59513114331129,10.7658987791663,0.0608,51.987,4.78746710308779,245720.0
GIN,Guinea,Sub-Saharan Africa ,2000,614.137235083638,8428832,36.6796954912881,1.53463751403247,12.3846874448677,0.0954249236063846,52.42,3.57235355443486,245720.0
GIN,Guinea,Sub-Saharan Africa ,2001,628.320554864936,8539960,40.1878781394378,3.10021054615164,12.0823443635609,0.175541868491054,52.669,7.1623820833462,245720.0
GIN,Guinea,Sub-Saharan Africa ,2002,650.554963973291,8674066,38.0284032674396,3.3246802439883,12.1114517779361,0.402022748744397,53.2,5.95443060215329,245720.0
GIN,Guinea,Sub-Saharan Africa ,2003,644.071217908894,8870781,35.0751269891585,2.44118141486197,14.8963920119094,0.450960370842751,53.589,5.24368615116902,245720.0
GIN,Guinea,Sub-Saharan Africa ,2004,645.182843390689,9062726,34.5950959210535,2.22856440980186,14.1598705167376,0.508819332302937,53.975,5.46141019605772,245720.0
GIN,Guinea,Sub-Saharan Africa ,2005,651.359606871604,9245844,47.9377003917167,,21.0874675395337,0.542299986,54.422,4.81874256294101,245720.0
GIN,Guinea,Sub-Saharan Africa ,2006,645.472001923653,9441171,69.3862937148949,,17.7856920060446,0.637499988,54.875,4.14242826808869,245720.0
GIN,Guinea,Sub-Saharan Africa ,2007,673.698997420626,9662281,71.1210322265015,,16.2933051533271,0.780025279059244,55.233,4.1425369236251,245720.0
GIN,Guinea,Sub-Saharan Africa ,2008,684.775780377366,9898870,64.1842433909581,,15.2239654800407,0.92,55.703,5.11018370924785,245720.0
GIN,Guinea,Sub-Saharan Africa ,2009,660.756701330284,10143534,69.8153454158123,,15.5855333124984,0.94,56.052,3.32368523618311,245720.0
GIN,Guinea,Sub-Saharan Africa ,2010,675.736917327708,10396086,73.5465739340387,,15.2920806038969,1.0,56.431,3.24259762300587,245720.0
GIN,Guinea,Sub-Saharan Africa ,2011,696.199991395571,10656810,85.9546732708386,,18.1995114826407,2.0,56.778,3.03853836179582,245720.0
GIN,Guinea,Sub-Saharan Africa ,2012,719.505916794546,10921581,86.6743318322581,2.24508735704069,16.6316633604097,3.099999905,57.117,8.42435543078333,245720.0
GIN,Guinea,Sub-Saharan Africa ,2013,729.833143236326,11191873,80.4264477180461,2.38618429535759,14.2501576757042,4.5,57.459,5.86370150574051,245720.0
GIN,Guinea,Sub-Saharan Africa ,2014,738.272274481308,11472924,76.7719658952305,2.27643791059905,14.9319543061707,6.400000095,57.581,6.5737397786801,245720.0
GIN,Guinea,Sub-Saharan Africa ,2015,747.356966759448,11767070,72.4427307469345,2.5177315199509,14.1138586026586,9.199999809,57.899,6.23514738755761,245720.0
GIN,Guinea,Sub-Saharan Africa ,2016,807.236421043888,12073030,111.839467415368,1.88200742269539,18.1063644814226,13.10000038,58.49,6.67542208453164,245720.0
GIN,Guinea,Sub-Saharan Africa ,2017,867.907502577607,12385659,101.251633768429,1.76492717450729,18.9531246230915,18.70000076,58.715,4.5964301581396,245720.0
GIN,Guinea,Sub-Saharan Africa ,2018,899.907328045175,12704774,88.984111543709,1.67017173427376,13.7023759938136,21.8300230430563,59.043,5.60156014926226,245720.0
GIN,Guinea,Sub-Saharan Africa ,2019,926.42221954853,13034346,78.4153132285974,1.47320213579399,4.65794341633325,23.89049911,59.379,4.22224698513303,245720.0
GIN,Guinea,Sub-Saharan Africa ,2020,945.570903389665,13371183,115.765259518929,1.46963829052972,4.8276880509577,26.14550018,59.35,5.2157127604623,245720.0
GIN,Guinea,Sub-Saharan Africa ,2021,973.646890096159,13710513,115.195532789356,1.54641182201592,4.51955879028644,28.61330032,59.373,3.62711477857346,245720.0
GMB,"Gambia, The",Sub-Saharan Africa ,1995,609.618491441846,1264313,59.2767980339628,0.304615670171595,3.03697990712517,0.00922,54.292,5.89513161823303,10120.0
GMB,"Gambia, The",Sub-Saharan Africa ,1996,605.40992484126,1301410,50.9543943800384,0.397307469403729,2.69758762305267,0.0355,54.849,4.33342730974642,10120.0
GMB,"Gambia, The",Sub-Saharan Africa ,1997,617.297597679527,1338889,48.3174980980993,0.407575945502193,2.60913573477658,0.0513,55.225,4.98756035055053,10120.0
GMB,"Gambia, The",Sub-Saharan Africa ,1998,621.226058231623,1376987,53.8709622701508,0.384833814905964,2.54688725802424,0.206,56.007,4.84078343989582,10120.0
GMB,"Gambia, The",Sub-Saharan Africa ,1999,642.873705091153,1415779,52.4132975230667,0.325833061382465,2.00134354349662,0.716,56.466,4.37129914283813,10120.0
GMB,"Gambia, The",Sub-Saharan Africa ,2000,659.911237641141,1455084,56.3598198850954,0.31579359886356,2.25584549955561,0.921794919066406,56.899,6.5957213181852,10120.0
GMB,"Gambia, The",Sub-Saharan Africa ,2001,679.539755947951,1495011,46.9292631865623,0.234862058929382,2.48956240559623,1.33679116648397,57.283,8.03649387321691,10120.0
GMB,"Gambia, The",Sub-Saharan Africa ,2002,640.03893213613,1535691,59.642950918834,0.24438080993324,3.54757628277213,1.79677988296495,57.736,11.8239791853194,10120.0
GMB,"Gambia, The",Sub-Saharan Africa ,2003,665.834222326194,1577611,68.8587930342232,0.227388636213975,6.12286065692919,2.436781193062,58.223,13.6303685243787,10120.0
GMB,"Gambia, The",Sub-Saharan Africa ,2004,693.563314497133,1621312,49.9342995615683,0.192621401787275,2.5497949802114,3.30800347812937,58.749,6.51674965249698,10120.0
GMB,"Gambia, The",Sub-Saharan Africa ,2005,658.676285443081,1667037,50.0187233950976,0.277027428909804,2.63182573752435,3.799000025,59.11,6.04393636485342,10120.0
GMB,"Gambia, The",Sub-Saharan Africa ,2006,636.596026908866,1715275,50.374468581975,0.260242378391835,2.72961175784069,5.23769115841218,59.667,7.30765522694656,10120.0
GMB,"Gambia, The",Sub-Saharan Africa ,2007,637.20930597537,1765774,44.2938444656791,0.355318377435937,3.04093237747013,6.20503741852418,60.001,7.75212286017232,10120.0
GMB,"Gambia, The",Sub-Saharan Africa ,2008,657.675679192228,1817852,39.0890994561344,1.09491765751865,3.18489288621072,6.880000114,60.473,6.16006044971031,10120.0
GMB,"Gambia, The",Sub-Saharan Africa ,2009,681.433469086571,1871422,41.7773944257977,0.482205427892009,3.29749846666455,7.630000114,60.735,8.80131860203355,10120.0
GMB,"Gambia, The",Sub-Saharan Africa ,2010,701.014524591061,1926630,41.0125150279466,,3.03032430579774,9.2,61.167,7.03586618097364,10120.0
GMB,"Gambia, The",Sub-Saharan Africa ,2011,625.464360270983,1983784,42.6397020468894,,4.46743879941924,10.87030029,61.561,9.84987624216632,10120.0
GMB,"Gambia, The",Sub-Saharan Africa ,2012,639.139881889048,2043094,47.7006731141985,0.792325301857297,5.78123297887422,12.44919968,61.9,10.0290468753463,10120.0
GMB,"Gambia, The",Sub-Saharan Africa ,2013,638.522368532214,2103820,45.4619193623296,0.754494266076443,5.90666401996967,14.0,62.252,8.34259905253832,10120.0
GMB,"Gambia, The",Sub-Saharan Africa ,2014,611.879472952196,2164528,58.2579307752264,1.18750912674762,5.2409154628157,15.56000042,62.576,8.35783042190058,10120.0
GMB,"Gambia, The",Sub-Saharan Africa ,2015,619.536364296461,2224529,44.5223730803813,1.00885846696253,5.55888177634649,17.59950066,62.971,8.47043758172417,10120.0
GMB,"Gambia, The",Sub-Saharan Africa ,2016,615.193365494386,2283769,38.1140879565948,,6.56105812711213,19.90640068,63.386,6.31149193278897,10120.0
GMB,"Gambia, The",Sub-Saharan Africa ,2017,628.777299272925,2342189,55.7335796090833,,6.49323709656864,22.5156002,63.708,19.2648295536394,10120.0
GMB,"Gambia, The",Sub-Saharan Africa ,2018,658.127833258563,2399632,64.8124640003735,0.68699671133711,2.72252448983926,28.30900002,64.034,14.2633450361374,10120.0
GMB,"Gambia, The",Sub-Saharan Africa ,2019,682.797642940426,2456844,55.9979116186993,0.797324578818787,2.81390983977653,31.11829948,64.427,10.6913168152279,10120.0
GMB,"Gambia, The",Sub-Saharan Africa ,2020,670.758642891251,2515733,47.3955201736291,0.816569761733964,3.03439304457224,36.01100159,64.418,16.9191806500435,10120.0
GMB,"Gambia, The",Sub-Saharan Africa ,2021,689.49323955737,2576010,42.0979827971754,0.775165384461361,2.85673041093642,41.67309952,63.847,12.6818053945362,10120.0
GNB,Guinea-Bissau,Sub-Saharan Africa ,1995,578.381849917403,1119949,46.8104328931542,0.495568090249799,26.0617399150181,,48.531,18.4007204587897,28120.0
GNB,Guinea-Bissau,Sub-Saharan Africa ,1996,632.160906920913,1143535,42.3601714670932,0.566593083149375,24.170858967761,,48.772,26.4161921517361,28120.0
GNB,Guinea-Bissau,Sub-Saharan Africa ,1997,660.537774707954,1165545,69.4903546403129,0.650521152667075,22.8740539530756,0.0164,48.033,18.2113252494697,28120.0
GNB,Guinea-Bissau,Sub-Saharan Africa ,1998,502.81554020706,1187473,43.5009973080258,1.4047619047619,31.5998376511536,0.0241,48.123,16.6414780682956,28120.0
GNB,Guinea-Bissau,Sub-Saharan Africa ,1999,576.330795296558,1210206,49.0994892293696,,19.268801792287,0.118,48.492,9.30871496121904,28120.0
GNB,Guinea-Bissau,Sub-Saharan Africa ,2000,571.094015178625,1234741,52.7373461180145,2.62803036170707,11.8568115340533,0.230103170591588,50.565,21.3953189370911,28120.0
GNB,Guinea-Bissau,Sub-Saharan Africa ,2001,585.837980688333,1261273,47.5832172774612,1.62672677091596,11.0270151878701,0.299569144677667,51.054,15.1509182874676,28120.0
GNB,Guinea-Bissau,Sub-Saharan Africa ,2002,594.040535151552,1289307,39.6760635550924,1.5586028989376,12.5778661904573,1.02299323436117,51.608,13.0748336893896,28120.0
GNB,Guinea-Bissau,Sub-Saharan Africa ,2003,579.092506821836,1318806,38.0334709318917,1.57542311053966,17.8267671662477,1.35419747762901,52.186,26.684902338181,28120.0
GNB,Guinea-Bissau,Sub-Saharan Africa ,2004,572.526464627294,1349563,43.192131633446,,14.1311490985512,1.80814220342991,52.8,13.5968713930218,28120.0
GNB,Guinea-Bissau,Sub-Saharan Africa ,2005,595.94255560187,1381585,45.7842315450716,1.89459928348781,13.3963690749939,1.90139997,52.949,10.5802427203263,28120.0
GNB,Guinea-Bissau,Sub-Saharan Africa ,2006,597.257151722046,1415303,48.7605033860226,,13.3637311240334,2.057199955,54.089,14.0901299977412,28120.0
GNB,Guinea-Bissau,Sub-Saharan Africa ,2007,597.482020935948,1450986,46.2445284700147,,16.7234362875899,2.20630002,54.87,16.8947059265383,28120.0
GNB,Guinea-Bissau,Sub-Saharan Africa ,2008,608.958620496925,1488054,45.1388893744724,,15.9806489073256,2.35488871087933,55.3,14.465864380403,28120.0
GNB,Guinea-Bissau,Sub-Saharan Africa ,2009,608.202131879882,1526377,43.5957474099206,1.55025769160365,17.1974480172831,2.30328059172582,56.297,16.9954716837027,28120.0
GNB,Guinea-Bissau,Sub-Saharan Africa ,2010,625.904027290582,1566347,43.5145876385454,1.82387957578709,14.9307329026999,2.450000048,56.999,12.5955368167154,28120.0
GNB,Guinea-Bissau,Sub-Saharan Africa ,2011,658.953470528116,1608076,48.6174602066373,1.51613050510836,13.2487755763413,2.671999931,57.663,10.5956031782042,28120.0
GNB,Guinea-Bissau,Sub-Saharan Africa ,2012,630.66862302825,1651417,44.1280665609795,2.33372193259001,17.1198567468218,2.894000053,58.27,7.89817733089944,28120.0
GNB,Guinea-Bissau,Sub-Saharan Africa ,2013,634.095456089352,1695973,39.9574617805787,1.9570423918299,16.9399233052409,3.099999905,58.879,9.58749683356153,28120.0
GNB,Guinea-Bissau,Sub-Saharan Africa ,2014,623.610159103365,1741122,46.8696583055238,1.89380436110046,18.6987838921976,3.319999933,59.476,9.40270893008434,28120.0
GNB,Guinea-Bissau,Sub-Saharan Africa ,2015,645.066837207039,1786457,54.3703755891285,1.47900420224188,19.8714177012089,6.099999905,60.071,8.07222523892138,28120.0
GNB,Guinea-Bissau,Sub-Saharan Africa ,2016,663.242608032005,1831893,54.3006730474711,1.26454587592398,18.7015046109056,13.80000019,60.619,15.5870369377009,28120.0
GNB,Guinea-Bissau,Sub-Saharan Africa ,2017,677.466131311367,1877072,56.9137475938811,1.30856549036791,15.9857332638944,14.80000019,61.148,7.63652595118787,28120.0
GNB,Guinea-Bissau,Sub-Saharan Africa ,2018,686.456819839526,1922168,55.0195890357005,1.37872156165153,9.88886799180997,15.69999981,61.652,10.219563125006,28120.0
GNB,Guinea-Bissau,Sub-Saharan Africa ,2019,706.298562874985,1967696,49.943905496502,1.49375034588535,9.94740073583492,17.92149925,62.161,6.99339754418454,28120.0
GNB,Guinea-Bissau,Sub-Saharan Africa ,2020,710.275830755611,2013255,42.8852704163601,1.51874963824343,11.1515860354561,20.45730019,61.343,8.5946500730485,28120.0
GNB,Guinea-Bissau,Sub-Saharan Africa ,2021,729.396882757942,2058841,44.8202242773261,1.46036445301284,10.4285037712862,23.3519001,61.653,8.86522803349705,28120.0
GNQ,Equatorial Guinea,Sub-Saharan Africa ,1995,617.294826128754,571264,,2.0456168533629,50.1379223378986,,51.926,28.3032848337336,28050.0
GNQ,Equatorial Guinea,Sub-Saharan Africa ,1996,989.777266733629,593492,,,68.668339724923,,52.123,16.4423141550876,28050.0
GNQ,Equatorial Guinea,Sub-Saharan Africa ,1997,2380.32106827232,616893,,,71.3152028910831,0.0415,52.365,6.16682971084948,28050.0
GNQ,Equatorial Guinea,Sub-Saharan Africa ,1998,2833.33184629343,641474,,,61.9605840554592,0.0944,52.646,7.63102589444322,28050.0
GNQ,Equatorial Guinea,Sub-Saharan Africa ,1999,3423.12126162912,667214,,,67.4328688990253,0.0974,53.001,3.89029919532875,28050.0
GNQ,Equatorial Guinea,Sub-Saharan Africa ,2000,3839.08642737128,703279,,,88.5923456549581,0.132354665123789,53.395,3.14734873880929,28050.0
GNQ,Equatorial Guinea,Sub-Saharan Africa ,2001,5882.85050306586,749836,,,,0.16526042288306,53.827,2.25317043786888,28050.0
GNQ,Equatorial Guinea,Sub-Saharan Africa ,2002,6604.0054631081,797957,,,,0.321197997152044,54.324,2.45318720403261,28050.0
GNQ,Equatorial Guinea,Sub-Saharan Africa ,2003,7082.65489186921,847862,,,,0.520524272046806,54.791,2.26464821835741,28050.0
GNQ,Equatorial Guinea,Sub-Saharan Africa ,2004,9208.60566707162,899917,,,,0.843930284607049,55.307,1.96765310600035,28050.0
GNQ,Equatorial Guinea,Sub-Saharan Africa ,2005,10212.4545051498,947367,131.02447181321,,56.289114416548,1.149799943,55.766,0.913728155627951,28050.0
GNQ,Equatorial Guinea,Sub-Saharan Africa ,2006,10521.9996774827,990343,118.532782368937,,53.9325201023447,1.279199958,56.354,0.330120176771638,28050.0
GNQ,Equatorial Guinea,Sub-Saharan Africa ,2007,11594.9172068456,1036044,134.083789857569,1.50182586762037,50.1443326959341,1.557100058,56.857,0.300077969372135,28050.0
GNQ,Equatorial Guinea,Sub-Saharan Africa ,2008,13048.0703050168,1084530,128.688006601458,1.48230906749545,46.4378660078331,1.820000052,57.384,0.219186647689854,28050.0
GNQ,Equatorial Guinea,Sub-Saharan Africa ,2009,12627.862381545,1135673,122.212077110801,2.47492960390331,27.7370036664958,2.130000114,57.881,0.319780686970202,28050.0
GNQ,Equatorial Guinea,Sub-Saharan Africa ,2010,10984.3243932426,1189085,144.668225001248,,36.311150239718,6.0,58.344,0.903485928736817,28050.0
GNQ,Equatorial Guinea,Sub-Saharan Africa ,2011,11203.9073679091,1241835,114.37734663649,,37.6841563581666,11.5,58.827,0.180351808685875,28050.0
GNQ,Equatorial Guinea,Sub-Saharan Africa ,2012,11650.7196270884,1293483,116.675422472364,,39.0027634245776,13.94320011,59.301,0.0941215086543443,28050.0
GNQ,Equatorial Guinea,Sub-Saharan Africa ,2013,10731.6455729191,1346218,106.893284926066,,33.3474569225038,16.39999962,59.784,0.0278932462474874,28050.0
GNQ,Equatorial Guinea,Sub-Saharan Africa ,2014,10363.4872473549,1399828,104.379198671388,0.766177996343115,27.1072398964958,18.86000061,60.228,0.0029363587986533,28050.0
GNQ,Equatorial Guinea,Sub-Saharan Africa ,2015,9068.91003238645,1453923,98.8780591680756,1.04143202034015,17.5005073478909,21.31999969,60.635,0.0661683438600046,28050.0
GNQ,Equatorial Guinea,Sub-Saharan Africa ,2016,7971.83401904573,1508186,92.6007307237942,1.23948977462594,16.4599653575836,23.78000069,61.081,0.0759357569281053,28050.0
GNQ,Equatorial Guinea,Sub-Saharan Africa ,2017,7259.10936454803,1562396,102.428258251803,1.12893709401034,21.9589067386853,26.23999977,61.481,0.0611414791078857,28050.0
GNQ,Equatorial Guinea,Sub-Saharan Africa ,2018,6578.90039765711,1616422,103.645681622953,1.14208303034219,27.8023533090755,29.39999962,61.915,0.0582531003745514,28050.0
GNQ,Equatorial Guinea,Sub-Saharan Africa ,2019,6018.12066321865,1670177,94.8787924253545,1.30805287179895,25.4372801609757,49.13370132,62.297,0.697319610671458,28050.0
GNQ,Equatorial Guinea,Sub-Saharan Africa ,2020,5575.26241511492,1716468,77.9278846441807,1.64082995887433,16.6815988795919,55.00130081,62.141,0.0774431598088028,28050.0
GNQ,Equatorial Guinea,Sub-Saharan Africa ,2021,5487.92479201992,1758786,76.9666485998527,1.34533764165546,23.500064053404,58.71730042,62.447,0.125661937649634,28050.0
GRC,Greece,Europe & Central Asia,1995,15857.4161930856,10562153,36.1256353436075,3.09663675025723,0.0687082241301798,0.75,77.5853658536585,,128900.0
GRC,Greece,Europe & Central Asia,1996,16005.9511569711,10608800,36.8209292630895,3.23732069026365,0.0726895930137926,1.4,77.6853658536585,,128900.0
GRC,Greece,Europe & Central Asia,1997,16501.0316491318,10661259,39.4385486529083,3.29602741401833,0.0461644618965255,1.85,78.1365853658537,,128900.0
GRC,Greece,Europe & Central Asia,1998,16973.8293714071,10720509,42.4898959577488,3.45541464568208,0.0272530804439966,3.22,77.8390243902439,,128900.0
GRC,Greece,Europe & Central Asia,1999,17358.4346978294,10761698,48.1760370261319,3.49420868804542,0.0289833754564255,6.88,77.9878048780488,,128900.0
GRC,Greece,Europe & Central Asia,2000,18002.9064613985,10805808,59.1126577488086,3.59479870587568,0.0725973270627876,9.13883730776798,77.8878048780488,,128900.0
GRC,Greece,Europe & Central Asia,2001,18742.4235780691,10862132,56.8576339551067,3.35627566229104,0.100438252898655,10.9350258080278,78.3878048780488,,128900.0
GRC,Greece,Europe & Central Asia,2002,19548.3677447396,10902022,50.0533371904633,3.16565671755075,0.0501776299825581,14.67,78.6414634146341,,128900.0
GRC,Greece,Europe & Central Asia,2003,20632.2557041942,10928070,47.8943121550822,2.56278132746133,0.0384061803009328,17.8,78.8414634146341,,128900.0
GRC,Greece,Europe & Central Asia,2004,21688.1050959558,10955141,49.825317672568,2.67202808458836,0.159020771049669,21.42,79.0390243902439,,128900.0
GRC,Greece,Europe & Central Asia,2005,21880.5265835801,10987314,50.3555334391407,2.90167987543818,0.132002912694051,24.0,79.2390243902439,,128900.0
GRC,Greece,Europe & Central Asia,2006,23220.5324419197,11020362,51.1047465834807,2.82969288184235,0.19079103863882,32.25,79.4390243902439,,128900.0
GRC,Greece,Europe & Central Asia,2007,23973.6936091313,11048473,54.5256818189044,2.71917513817491,0.322972796513128,35.88,79.4390243902439,,128900.0
GRC,Greece,Europe & Central Asia,2008,23923.8800731311,11077841,57.1052836264926,3.02372412926418,0.347201010426443,38.2,79.9390243902439,,128900.0
GRC,Greece,Europe & Central Asia,2009,22878.1346644397,11107017,46.3779593986083,3.26904009456305,0.120220920285001,42.4,80.1878048780488,,128900.0
GRC,Greece,Europe & Central Asia,2010,21547.724178239,11121341,50.9225181997227,2.75678087939637,0.271313475376967,44.4,80.3878048780488,,128900.0
GRC,Greece,Europe & Central Asia,2011,19448.255802525,11104899,56.2929957941907,2.52021146748907,0.357427754438088,51.6499951676815,80.7317073170732,,128900.0
GRC,Greece,Europe & Central Asia,2012,17924.6620496886,11045011,62.3942117351318,2.47639628901893,0.234074144784244,55.0699934418411,80.6341463414634,,128900.0
GRC,Greece,Europe & Central Asia,2013,17644.8766635021,10965211,62.9547272215374,2.39130807647224,0.161354239227532,59.8663,81.2853658536585,,128900.0
GRC,Greece,Europe & Central Asia,2014,17903.5252440012,10892413,66.4335364513677,2.36784026258467,0.12477838312053,63.2073404784561,81.3853658536585,,128900.0
GRC,Greece,Europe & Central Asia,2015,17980.7298238137,10820883,65.2716454619318,2.47743424261411,0.0713511198951637,66.8349594911035,81.0365853658537,,128900.0
GRC,Greece,Europe & Central Asia,2016,18049.928997892,10775971,63.6575490882866,2.57279833754101,0.0905977627072228,69.0879154723892,81.3878048780488,,128900.0
GRC,Greece,Europe & Central Asia,2017,18352.0884461258,10754679,70.8824967397253,2.556623889921,0.107741216363758,69.8929706543154,81.2878048780488,,128900.0
GRC,Greece,Europe & Central Asia,2018,18769.0389621976,10732882,79.2379908638706,2.70054108209766,0.107923693978732,72.2383733920483,81.7878048780488,,128900.0
GRC,Greece,Europe & Central Asia,2019,19216.6759579785,10721582,80.5900949510457,2.59648367110305,0.0704760678864166,75.6712066931757,81.6390243902439,,128900.0
GRC,Greece,Europe & Central Asia,2020,17486.951333323,10698599,70.2937464580745,3.02310765728834,0.0388459707205932,78.11584474,81.2878048780488,,128900.0
GRC,Greece,Europe & Central Asia,2021,19231.2888803517,10570130,88.0126654490379,3.80247367841764,0.0875219452812631,78.49426371,80.0829268292683,,128900.0
GRD,Grenada,Latin America & Caribbean ,1995,5026.24215573734,103869,,,0.0,0.0,72.094,3.29147418433939,340.0
GRD,Grenada,Latin America & Caribbean ,1996,5213.43103712383,104584,,,0.0,0.298,72.373,3.3711563503141,340.0
GRD,Grenada,Latin America & Caribbean ,1997,5438.0445822801,105293,,,0.0,0.991,72.6,2.36644670658553,340.0
GRD,Grenada,Latin America & Caribbean ,1998,6036.15899808614,106009,,,0.0,1.48,72.762,1.4821652019864,340.0
GRD,Grenada,Latin America & Caribbean ,1999,6409.14591451052,106727,,,0.0,2.47,72.873,2.28127034269665,340.0
GRD,Grenada,Latin America & Caribbean ,2000,6677.1265230922,107451,,,0.0,4.06390799146313,72.955,3.46947254346594,340.0
GRD,Grenada,Latin America & Caribbean ,2001,6509.51660313374,107987,,,0.0,5.12810398216998,73.034,2.35750787869511,340.0
GRD,Grenada,Latin America & Caribbean ,2002,6707.36873532777,108404,,,0.0,14.7588405454867,73.142,2.07404742650621,340.0
GRD,Grenada,Latin America & Caribbean ,2003,7309.78547094579,108884,,,0.0,18.6451821830564,73.291,1.99472426524284,340.0
GRD,Grenada,Latin America & Caribbean ,2004,7233.29494434962,109323,,,0.0,19.5706205843787,72.447,2.92244430676511,340.0
GRD,Grenada,Latin America & Caribbean ,2005,8162.91232124727,109734,,,0.0,20.4878006,73.7,7.8828255240218,340.0
GRD,Grenada,Latin America & Caribbean ,2006,7808.24358323434,110135,,,0.0,21.39599991,73.93,4.00209531261847,340.0
GRD,Grenada,Latin America & Caribbean ,2007,8257.36225682689,110522,,,0.0,22.29,74.159,3.63637330038811,340.0
GRD,Grenada,Latin America & Caribbean ,2008,8307.49221491819,110896,,,0.0,23.18000031,74.374,4.05961737173789,340.0
GRD,Grenada,Latin America & Caribbean ,2009,7733.12990600058,111254,,,0.0,24.04999924,74.567,6.47058759813895,340.0
GRD,Grenada,Latin America & Caribbean ,2010,7670.71165827663,111586,,,0.0,27.0,74.731,4.17432815758468,340.0
GRD,Grenada,Latin America & Caribbean ,2011,7695.37616017287,112079,,,0.0,30.0,74.861,1.61031366002508,340.0
GRD,Grenada,Latin America & Caribbean ,2012,7559.5628483956,112775,,,0.0,32.0,74.961,1.00050356053721,340.0
GRD,Grenada,Latin America & Caribbean ,2013,7688.75297701343,113487,,,0.0,35.0,75.022,1.53344046798384,340.0
GRD,Grenada,Latin America & Caribbean ,2014,8206.62862112333,114132,,,0.0,51.6,75.045,4.79114125473062,340.0
GRD,Grenada,Latin America & Caribbean ,2015,8694.12438005692,114676,,,0.0,52.5,75.037,2.7364762297341,340.0
GRD,Grenada,Latin America & Caribbean ,2016,8983.68397337899,115130,,,0.0,53.29999924,75.01,0.888978342363133,340.0
GRD,Grenada,Latin America & Caribbean ,2017,9357.40728883583,115438,,,0.0,54.20000076,74.977,0.581392998151068,340.0
GRD,Grenada,Latin America & Caribbean ,2018,9744.16919577204,115691,,,0.0,61.42459869,74.957,3.01362314224612,340.0
GRD,Grenada,Latin America & Caribbean ,2019,9785.56040240592,115981,,,0.0,64.31279755,74.971,1.34401998058267,340.0
GRD,Grenada,Latin America & Caribbean ,2020,8413.28335500372,116341,,,0.0,65.65380096,75.019,7.16091384175973,340.0
GRD,Grenada,Latin America & Caribbean ,2021,8782.32193426078,116688,,,0.0,67.02279663,74.522,6.65832413838939,340.0
GRL,Greenland,Europe & Central Asia,1995,26416.5165028368,55800,,,0.479617507266306,0.0539,65.6441463414634,,341700.0
GRL,Greenland,Europe & Central Asia,1996,26772.6138141762,55900,,,0.318340880243805,1.8,65.7673170731707,,341700.0
GRL,Greenland,Europe & Central Asia,1997,27117.3732945796,56000,,,0.861887024483636,7.95,65.7980487804878,,410450.0
GRL,Greenland,Europe & Central Asia,1998,29169.0465812684,56100,,,0.0,14.7,66.1570731707317,,410450.0
GRL,Greenland,Europe & Central Asia,1999,29570.9623369365,56100,,,0.0,21.6,65.8336585365854,,410450.0
GRL,Greenland,Europe & Central Asia,2000,31623.0591501943,56185,,,0.0,31.7478112321162,64.8034146341463,,410450.0
GRL,Greenland,Europe & Central Asia,2001,31914.1710964481,56379,,,0.0,35.4641368915684,65.0058536585366,,410450.0
GRL,Greenland,Europe & Central Asia,2002,31483.6074780094,56595,,,0.0,44.154789028418,65.419512195122,,410450.0
GRL,Greenland,Europe & Central Asia,2003,32787.9680355213,56751,87.2971972810315,,0.0,54.5342598293605,66.1229268292683,,410450.0
GRL,Greenland,Europe & Central Asia,2004,34961.9356097257,56898,88.1524357295282,,0.224900454263183,56.0990147610533,66.8080487804878,,410450.0
GRL,Greenland,Europe & Central Asia,2005,36681.8055890619,56935,99.7079265489358,,0.335434255722259,57.7034045008656,67.3051219512195,,410450.0
GRL,Greenland,Europe & Central Asia,2006,38828.8524943222,56775,89.6938562419079,,0.809512759350298,59.361687268664,67.8180487804878,,410450.0
GRL,Greenland,Europe & Central Asia,2007,39896.875364094,56555,94.9670539629143,,0.672343416976473,61.07,68.2739024390244,,410450.0
GRL,Greenland,Europe & Central Asia,2008,42527.6668469766,56328,107.37322125158,,0.844947976042771,62.82,68.5660975609756,,410450.0
GRL,Greenland,Europe & Central Asia,2009,42899.7441985862,56323,85.7573657356888,,0.0,62.83,69.0321951219512,,410450.0
GRL,Greenland,Europe & Central Asia,2010,43481.5161087805,56534,110.472368234124,,0.0,63.0,69.349756097561,,410450.0
GRL,Greenland,Europe & Central Asia,2011,42994.8790874739,56890,130.547942353994,,0.114611409396534,64.0,69.6146341463415,,410450.0
GRL,Greenland,Europe & Central Asia,2012,43655.7004664255,56810,100.978401084907,,0.353875743048762,64.8960100995989,69.959512195122,,410450.0
GRL,Greenland,Europe & Central Asia,2013,43338.3839246907,56483,95.9116681587586,,0.0190935869044509,65.8,70.2917073170732,,410450.0
GRL,Greenland,Europe & Central Asia,2014,45545.1429414917,56295,87.0885837878503,,0.0,66.7,70.5082926829268,,410450.0
GRL,Greenland,Europe & Central Asia,2015,44536.3549705377,56114,83.1013810084573,,0.0,67.600443481006,70.909756097561,,410450.0
GRL,Greenland,Europe & Central Asia,2016,46561.7831434013,56186,85.8376729204278,,0.0,68.500873675421,71.1990243902439,,410450.0
GRL,Greenland,Europe & Central Asia,2017,46597.9452470348,56172,84.2072558673104,,0.0,69.4824617821988,71.2563414634146,,410450.0
GRL,Greenland,Europe & Central Asia,2018,47012.9860350276,56023,89.7766906266033,,0.0,,71.3609756097561,,410450.0
GRL,Greenland,Europe & Central Asia,2019,48170.7896955512,56225,92.1907515607492,,0.0,,71.4092682926829,,410450.0
GRL,Greenland,Europe & Central Asia,2020,48169.9406957389,56367,82.6595028892583,,0.0,,71.2858536585366,,410450.0
GRL,Greenland,Europe & Central Asia,2021,48709.9339758895,56653,83.6838572277142,,,,71.2614634146342,,410450.0
GTM,Guatemala,Latin America & Caribbean ,1995,2958.34981711979,10312996,44.6894303422515,1.08042737364637,1.59672727928084,0.003,63.662,1.41656797528092,107160.0
GTM,Guatemala,Latin America & Caribbean ,1996,2967.99499537336,10583526,40.392952957301,0.895717413539242,1.38934546996865,0.0195,64.54,1.18381844334445,107160.0
GTM,Guatemala,Latin America & Caribbean ,1997,3019.28867475021,10857754,41.5519511569592,0.74281794332224,1.58260940616648,0.0955,65.249,1.46028983064568,107160.0
GTM,Guatemala,Latin America & Caribbean ,1998,3089.97742727983,11139145,44.4237399632554,0.720839850994178,1.20269768494948,0.467,65.969,1.19869212381766,107160.0
GTM,Guatemala,Latin America & Caribbean ,1999,3129.12226621472,11422965,46.3605068544295,0.675600759866063,1.42197658489313,0.593,66.634,1.55074306557349,107160.0
GTM,Guatemala,Latin America & Caribbean ,2000,3165.933886028,11697592,49.1455879049537,0.918401634718749,1.65531507910442,0.712332904508925,67.102,1.36639271770539,107160.0
GTM,Guatemala,Latin America & Caribbean ,2001,3166.20502444306,11969422,70.6690331769476,1.05206292918867,1.51688956267975,1.7382017815873,67.436,1.23989492377709,107160.0
GTM,Guatemala,Latin America & Caribbean ,2002,3213.26990763198,12246915,67.1048115244645,0.762245026054294,1.49552331731967,3.39174627024502,67.835,1.2582680488906,107160.0
GTM,Guatemala,Latin America & Caribbean ,2003,3222.15622111509,12525842,67.0023391862425,0.815655342525256,1.55532613964599,4.54885490848324,68.204,1.21978749607094,107160.0
GTM,Guatemala,Latin America & Caribbean ,2004,3250.20561194529,12807402,70.2148723581872,0.479416089056921,1.45629547212597,5.1,68.245,1.00792204085786,107160.0
GTM,Guatemala,Latin America & Caribbean ,2005,3284.81128421658,13087629,67.1036996082037,0.383913656735458,1.55562794751834,5.699999809,68.167,1.02470356129512,107160.0
GTM,Guatemala,Latin America & Caribbean ,2006,3388.15165081967,13367459,67.9119237396616,0.43182946456192,1.93392564321639,6.5,68.79,1.72264020298322,107160.0
GTM,Guatemala,Latin America & Caribbean ,2007,3527.77995621193,13652040,69.0013643101763,0.398456601466993,1.95055907491986,7.300000191,69.299,1.42101888193547,107160.0
GTM,Guatemala,Latin America & Caribbean ,2008,3569.93031541246,13935174,65.1787305213103,0.468231102914397,1.93184237870205,8.300000191,69.493,1.42462458144687,107160.0
GTM,Guatemala,Latin America & Caribbean ,2009,3516.19395579721,14215611,58.0406869738673,0.395326073511874,1.63784143444565,9.300000191,69.676,1.04557807492174,107160.0
GTM,Guatemala,Latin America & Caribbean ,2010,3546.62750929879,14500112,63.1251925746222,0.441382604389834,2.6452084845277,10.5,69.885,1.01034540277328,107160.0
GTM,Guatemala,Latin America & Caribbean ,2011,3621.37582644774,14792126,65.0470510420457,0.459619447723005,2.86196592041548,12.30000019,70.321,0.775846841665399,107160.0
GTM,Guatemala,Latin America & Caribbean ,2012,3655.57490299412,15089647,61.9594193352042,0.475870730886697,2.18105907544831,16.0,70.722,0.627740125789485,107160.0
GTM,Guatemala,Latin America & Caribbean ,2013,3717.30457960279,15387337,56.6852489007381,0.471272593167646,2.18983261245163,19.70000076,70.878,0.959420647316574,107160.0
GTM,Guatemala,Latin America & Caribbean ,2014,3809.61584332802,15681725,55.0832736168677,0.424656428368739,2.98111660499136,23.39999962,70.942,0.496733506250192,107160.0
GTM,Guatemala,Latin America & Caribbean ,2015,3893.50533299068,15971743,49.8934518550985,0.405967931287061,1.78572375354011,28.80590057,70.915,0.677588928159307,107160.0
GTM,Guatemala,Latin America & Caribbean ,2016,3924.7789643024,16268760,46.3727343925686,0.440496512523365,2.01829626064269,34.50930023,71.215,0.410729327622283,107160.0
GTM,Guatemala,Latin America & Caribbean ,2017,3972.74059262672,16567357,46.0694034412912,0.383850245049506,1.50289202380162,37.90000153,71.583,0.523162403861467,107160.0
GTM,Guatemala,Latin America & Caribbean ,2018,4040.21214374742,16845685,47.0116853424691,0.372491637911365,1.19385178218072,41.5,71.496,0.556086925359661,107160.0
GTM,Guatemala,Latin America & Caribbean ,2019,4139.12206338632,17103803,45.5167341849579,0.430070763358893,1.14790981503494,44.401049838502,71.639,0.513947141800793,107160.0
GTM,Guatemala,Latin America & Caribbean ,2020,4005.83916360689,17357325,41.1407594007818,0.440993296513657,1.35250209053897,47.51229858,69.971,0.6219289601486,107160.0
GTM,Guatemala,Latin America & Caribbean ,2021,4268.62864461492,17598650,49.261149442668,0.390634304160435,1.92928512463796,50.84164945,67.858,0.609929318741282,107160.0
GUM,Guam,East Asia & Pacific,1995,,150054,,,,0.66,74.511,,540.0
GUM,Guam,East Asia & Pacific,1996,,152169,,,,1.36,74.638,,540.0
GUM,Guam,East Asia & Pacific,1997,,154215,,,,2.34,74.7,,540.0
GUM,Guam,East Asia & Pacific,1998,,156237,,,,4.5,74.753,,540.0
GUM,Guam,East Asia & Pacific,1999,,158289,,,,8.5,74.789,,540.0
GUM,Guam,East Asia & Pacific,2000,,160065,,,,16.1131270423389,74.894,,540.0
GUM,Guam,East Asia & Pacific,2001,,161329,,,,25.3802275337398,75.195,,540.0
GUM,Guam,East Asia & Pacific,2002,29576.221681311,162315,68.8862698880377,,0.0,31.1922942556271,75.506,,540.0
GUM,Guam,East Asia & Pacific,2003,29685.9531745657,163137,64.023536004483,,0.0,33.7166817880876,75.885,,540.0
GUM,Guam,East Asia & Pacific,2004,31483.8141949558,163810,68.0020677177565,,0.0,36.1617878387908,76.114,,540.0
GUM,Guam,East Asia & Pacific,2005,32520.3729565352,164365,66.4372181343461,,0.0,38.559877557558,76.427,,540.0
GUM,Guam,East Asia & Pacific,2006,31242.462900947,164839,72.7701746106654,,0.0,43.8514430048178,76.477,,540.0
GUM,Guam,East Asia & Pacific,2007,31385.0475162113,165267,79.4632704116443,,0.0,46.1504736192355,76.397,,540.0
GUM,Guam,East Asia & Pacific,2008,31941.2706025874,165693,78.2739373121511,,0.0,48.4187021509296,76.233,,540.0
GUM,Guam,East Asia & Pacific,2009,31988.7229358255,166173,72.0173985086993,,0.0,50.6420283820435,76.141,,540.0
GUM,Guam,East Asia & Pacific,2010,32644.1484056205,166522,72.0347544958577,,0.0,54.04,76.095,,540.0
GUM,Guam,East Asia & Pacific,2011,32665.3787483379,166543,77.7889245585875,,0.0,57.7,76.153,,540.0
GUM,Guam,East Asia & Pacific,2012,33404.9317636913,166331,76.7521367521368,,0.0,61.5341593079002,76.237,,540.0
GUM,Guam,East Asia & Pacific,2013,34044.3190415455,165966,79.5332468975736,,0.0,65.4,76.361,,540.0
GUM,Guam,East Asia & Pacific,2014,34755.2691107298,165486,78.3600713012478,,0.0,69.27,76.423,,540.0
GUM,Guam,East Asia & Pacific,2015,35165.7014644795,164905,71.3398861872737,,0.0,73.139999947043,76.444,,540.0
GUM,Guam,East Asia & Pacific,2016,35373.8483143417,164233,70.4117946110829,,0.0,77.009999893206,76.449,,540.0
GUM,Guam,East Asia & Pacific,2017,35850.9025520506,163490,69.2665890570431,,0.0,80.5054655600831,76.463,,540.0
GUM,Guam,East Asia & Pacific,2018,35731.2203743081,162679,72.9631465873409,,0.0,,76.561,,540.0
GUM,Guam,East Asia & Pacific,2019,36830.1264410973,161808,78.0645161290323,,0.0,,76.645,,540.0
GUM,Guam,East Asia & Pacific,2020,32884.8852646787,162158,63.6747802569304,,0.0,,75.529,,540.0
GUM,Guam,East Asia & Pacific,2021,33239.4846327875,163730,61.8383060635226,,0.0,,75.434,,540.0
GUY,Guyana,Latin America & Caribbean ,1995,3312.64996890674,758388,213.32717044128,0.915520386083765,33.5901679902301,,62.668,12.7107049250606,196850.0
GUY,Guyana,Latin America & Caribbean ,1996,3566.13499360957,760526,211.337532492477,0.78783093358105,29.7871121101737,0.0659,62.691,13.5930223234281,196850.0
GUY,Guyana,Latin America & Caribbean ,1997,3778.00652865741,762245,209.136671614275,,25.9860553220399,0.132,62.879,34.8580377513397,196850.0
GUY,Guyana,Latin America & Caribbean ,1998,3708.04637110615,763586,203.842431497026,,17.722998963462,0.264,63.429,11.3982230404927,196850.0
GUY,Guyana,Latin America & Caribbean ,1999,3813.33057565798,764483,201.05931477536,,17.7830510415321,0.4,63.772,8.88370532343431,196850.0
GUY,Guyana,Latin America & Caribbean ,2000,3759.60789699989,764832,206.767370475214,1.765977248429,15.5078378964417,0.6,64.075,9.51597522701665,196850.0
GUY,Guyana,Latin America & Caribbean ,2001,3847.09461851367,764477,199.577000730114,2.01794562341177,12.9135305064194,1.0,64.38,9.67228761592224,196850.0
GUY,Guyana,Latin America & Caribbean ,2002,3894.87107415198,763652,196.72507835983,2.29328668097935,12.7851274638831,1.5,64.183,7.04175280558,196850.0
GUY,Guyana,Latin America & Caribbean ,2003,3873.04123684261,763101,189.162485631386,2.19971682743689,16.9482275121693,2.4,64.117,8.46706351422371,196850.0
GUY,Guyana,Latin America & Caribbean ,2004,3937.11435304522,762418,200.725286901642,2.80932483375126,21.1992807952769,3.7,64.214,13.40577811739,196850.0
GUY,Guyana,Latin America & Caribbean ,2005,3867.93308158647,760914,194.350757310172,1.41048583687429,20.9115520318379,5.699999809,64.392,12.5998468325202,196850.0
GUY,Guyana,Latin America & Caribbean ,2006,4076.77981715707,758966,,0.805815134799291,9.70635226744027,8.899999619,64.848,5.60436192852036,196850.0
GUY,Guyana,Latin America & Caribbean ,2007,4382.10449666813,756861,,0.914399668478094,10.8075151625848,13.80000019,65.462,2.87082416908375,196850.0
GUY,Guyana,Latin America & Caribbean ,2008,4472.34517889699,754606,,1.00888107540392,10.3635572947513,18.2,65.721,3.99919223052137,196850.0
GUY,Guyana,Latin America & Caribbean ,2009,4649.34144792756,752094,,0.981015648111865,10.7158376277662,23.9,66.03,3.53255178568329,196850.0
GUY,Guyana,Latin America & Caribbean ,2010,4860.09110980566,749256,,0.905210395614708,14.592203974554,29.9,66.204,2.97646991718138,196850.0
GUY,Guyana,Latin America & Caribbean ,2011,5133.89539813637,746153,,0.878175345601621,16.5317662843372,30.0,66.469,2.86850978829301,196850.0
GUY,Guyana,Latin America & Caribbean ,2012,5403.79899428921,746288,,0.825543220373685,16.5328031367272,30.5,66.443,2.81183233058028,196850.0
GUY,Guyana,Latin America & Caribbean ,2013,5573.3421790463,750021,,0.843693300095089,13.9424805340938,31.0,66.71,2.41251026816215,196850.0
GUY,Guyana,Latin America & Caribbean ,2014,5635.71704117947,754229,,0.951652170035393,10.7965827875901,32.0,67.334,3.86610494374567,196850.0
GUY,Guyana,Latin America & Caribbean ,2015,5640.41560569466,758781,,1.08486547097887,8.56443283798628,34.0,67.719,0.746626190409227,196850.0
GUY,Guyana,Latin America & Caribbean ,2016,5818.61682204646,763548,,1.15412827584568,16.0895528527279,35.65999985,68.069,1.5782126371403,196850.0
GUY,Guyana,Latin America & Caribbean ,2017,5997.18271426826,768479,,1.25334268912328,13.161642595363,42.6753006,68.543,1.09589766335715,196850.0
GUY,Guyana,Latin America & Caribbean ,2018,6080.90612132746,791556,,1.29081562879598,6.60863781746129,48.59889984,68.829,2.22195097477101,196850.0
GUY,Guyana,Latin America & Caribbean ,2019,6278.63054079553,807665,,1.29961278504611,5.96249594118667,55.31269836,69.067,2.21009039022524,196850.0
GUY,Guyana,Latin America & Caribbean ,2020,9010.61000469878,807481,,1.40257741131547,13.8985430832365,62.95399857,67.751,0.991588886563332,211140.0
GUY,Guyana,Latin America & Caribbean ,2021,10711.9973374148,815482,,0.954930861063661,33.6832711741997,71.65090179,64.323,2.17236002117283,211140.0
HKG,"Hong Kong SAR, China",East Asia & Pacific,1995,25620.0203685972,6156100,256.89826506739,,0.0013655267359805,3.22,78.6787804878049,0.0121504366114658,1050.0
HKG,"Hong Kong SAR, China",East Asia & Pacific,1996,25551.3713114257,6435500,244.85376438617,,0.0014770843381075,4.75,79.6275609756098,0.0083365847689917,1050.0
HKG,"Hong Kong SAR, China",East Asia & Pacific,1997,26631.7761597523,6489300,233.440294577968,,0.0011643044265897,10.5,80.1121951219512,,1050.0
HKG,"Hong Kong SAR, China",East Asia & Pacific,1998,24856.7504063002,6543700,221.133284508369,,0.0009721124198683,14.5,80.1068292682927,,1050.0
HKG,"Hong Kong SAR, China",East Asia & Pacific,1999,25237.6325695984,6606500,220.272313145342,,0.0005294826437121,21.2,80.3726829268293,,1050.0
HKG,"Hong Kong SAR, China",East Asia & Pacific,2000,26933.2130754703,6665000,247.654020445592,,0.000500998268973,27.8277606812581,80.8731707317073,,1050.0
HKG,"Hong Kong SAR, China",East Asia & Pacific,2001,26885.4053275596,6714300,240.848977626932,,0.0005834486012059,38.6714032309569,81.4192682926829,,1050.0
HKG,"Hong Kong SAR, China",East Asia & Pacific,2002,27210.0502364654,6744100,255.996457369342,,0.0006576918954806,43.0823830278909,81.4521951219512,,1050.0
HKG,"Hong Kong SAR, China",East Asia & Pacific,2003,28097.0971397308,6730800,292.454655919737,,0.0009742412996586,52.2000433497404,81.3434146341464,,1050.0
HKG,"Hong Kong SAR, China",East Asia & Pacific,2004,30304.2901619598,6783500,326.841054589054,,0.0010202191853885,56.3998803935333,81.7992682926829,,1050.0
HKG,"Hong Kong SAR, China",East Asia & Pacific,2005,32401.3558626573,6813200,342.689209524653,,0.0006199141233458,56.9,81.6090243902439,,1050.0
HKG,"Hong Kong SAR, China",East Asia & Pacific,2006,34458.0032348089,6857100,359.208661184248,,0.000665683842649,60.8,82.3848780487805,,1050.0
HKG,"Hong Kong SAR, China",East Asia & Pacific,2007,36371.6434233987,6916300,362.14946363969,,0.0009027236492576,64.8,82.3668292682927,,1050.0
HKG,"Hong Kong SAR, China",East Asia & Pacific,2008,36924.0529643897,6957800,376.656806171877,,0.0014592149363385,66.7,82.3404878048781,,1050.0
HKG,"Hong Kong SAR, China",East Asia & Pacific,2009,35938.578391742,6972800,348.397554309339,,0.0013904565381304,69.4,82.7751219512195,,1050.0
HKG,"Hong Kong SAR, China",East Asia & Pacific,2010,38090.0154420129,7024200,404.770560908659,,0.0020776969804778,72.0,82.9575609756098,,1050.0
HKG,"Hong Kong SAR, China",East Asia & Pacific,2011,39656.3184510131,7071600,421.854706554386,,0.0083694297315506,72.19999695,83.4119512195122,,1050.0
HKG,"Hong Kong SAR, China",East Asia & Pacific,2012,39887.8192650568,7150100,430.568530415663,,0.0023396774677034,72.9,83.450243902439,,1050.0
HKG,"Hong Kong SAR, China",East Asia & Pacific,2013,40959.9776349249,7178900,442.620019127299,,0.0038087758092582,74.2,83.8312195121951,,1050.0
HKG,"Hong Kong SAR, China",East Asia & Pacific,2014,41796.8593150091,7229500,425.975871734797,,0.0173546989496714,79.8662704309064,83.9356097560976,,1050.0
HKG,"Hong Kong SAR, China",East Asia & Pacific,2015,42432.1619740441,7291300,389.405949263639,,0.0013232418159002,84.9483529634062,84.2526829268293,,1050.0
HKG,"Hong Kong SAR, China",East Asia & Pacific,2016,43087.5537128127,7336600,371.727231773253,,0.0013699235032017,87.47941467087,84.2114634146342,,1050.0
HKG,"Hong Kong SAR, China",East Asia & Pacific,2017,44380.8176753147,7393200,376.795666734722,,0.0016190390208223,89.4159446487565,84.6956097560976,,1050.0
HKG,"Hong Kong SAR, China",East Asia & Pacific,2018,45280.4971892076,7452600,376.892773545026,,0.0010613360191703,90.5073953294283,84.869756097561,,1050.0
HKG,"Hong Kong SAR, China",East Asia & Pacific,2019,44195.2741142906,7507900,353.743521139731,,0.0008857262373647,91.7434003891587,85.1558536585366,,1050.0
HKG,"Hong Kong SAR, China",East Asia & Pacific,2020,41451.2989586282,7481000,350.679705044448,,0.0008877981261998,92.41313602,85.4963414634146,,1050.0
HKG,"Hong Kong SAR, China",East Asia & Pacific,2021,44530.9213833761,7413100,402.459681454463,,0.0009926085915797,93.08715788,85.5326829268293,,1050.0
HND,Honduras,Latin America & Caribbean ,1995,998.356564183177,5739637,114.537647463165,,2.45297007789003,0.0368,66.919,8.49921008372639,111890.0
HND,Honduras,Latin America & Caribbean ,1996,1193.38830906175,5903954,122.725112727964,,1.96802150042667,0.0437,67.263,5.25881909639313,111890.0
HND,Honduras,Latin America & Caribbean ,1997,1420.73109700244,6071454,121.466190207647,,2.34343118281433,0.171,67.542,5.14473463849429,111890.0
HND,Honduras,Latin America & Caribbean ,1998,1543.75794800689,6234431,122.69670703096,,1.85661666214069,0.301,62.432,4.7618371396566,111890.0
HND,Honduras,Latin America & Caribbean ,1999,1677.77949157084,6400463,121.502105602734,,1.68761400222431,0.574,68.005,12.1524655370982,111890.0
HND,Honduras,Latin America & Caribbean ,2000,1789.47798512637,6577773,120.392164584236,0.729929060458941,1.37113446146867,1.20385599891878,68.302,5.74179222489537,111890.0
HND,Honduras,Latin America & Caribbean ,2001,1789.18816032117,6757993,115.943071737954,0.822610515328626,1.43828418297597,1.41528193123711,68.491,7.60546950995948,111890.0
HND,Honduras,Latin America & Caribbean ,2002,1807.97305547292,6938859,117.997454450299,0.809187514419362,1.37053917605775,2.5974025974026,68.714,5.0542526104374,111890.0
HND,Honduras,Latin America & Caribbean ,2003,1842.29750018813,7119213,122.248277175534,0.998264922159563,1.21682443039075,4.8,68.874,4.03449722803135,111890.0
HND,Honduras,Latin America & Caribbean ,2004,1908.90950050464,7298994,135.461758741854,0.682692754206461,1.17065229457115,5.6,69.05,6.41270311769477,111890.0
HND,Honduras,Latin America & Caribbean ,2005,1975.85647913236,7478355,136.489768018486,0.641478464457184,1.19616286119396,6.5,69.198,6.9824025784415,111890.0
HND,Honduras,Latin America & Caribbean ,2006,2056.53491469231,7656832,133.13183510432,0.692430000775615,1.9388652088634,7.800000191,69.364,4.99020316798761,111890.0
HND,Honduras,Latin America & Caribbean ,2007,2134.19540639485,7834798,135.070634917917,0.776008264862645,1.66136160268053,9.399999619,69.539,3.4072006839876,111890.0
HND,Honduras,Latin America & Caribbean ,2008,2175.14709403064,8012587,135.748955193053,0.953978556250972,1.20679031927745,9.6,69.657,3.42962332434296,111890.0
HND,Honduras,Latin America & Caribbean ,2009,2076.30859895638,8189899,96.9050060188904,1.07491069621038,1.16441147896911,9.800000191,69.823,2.92608930790309,111890.0
HND,Honduras,Latin America & Caribbean ,2010,2108.47314459603,8365878,109.441838241682,1.07445720815541,2.36463288147641,11.09,69.77,2.34942932238785,111890.0
HND,Honduras,Latin America & Caribbean ,2011,2144.56265540491,8540583,122.216902597337,1.13130910330426,1.7044807548954,15.9,70.116,2.14237906175942,111890.0
HND,Honduras,Latin America & Caribbean ,2012,2188.39378817891,8715076,121.188215808285,1.13179437578958,1.63060548730794,18.12,70.46,3.28283002323091,111890.0
HND,Honduras,Latin America & Caribbean ,2013,2205.40126728067,8889278,116.306049247436,1.3795353155606,1.78208817924239,17.8,70.765,3.63962222646043,111890.0
HND,Honduras,Latin America & Caribbean ,2014,2229.24772232218,9063122,112.97509728471,1.19271597688079,2.2661279184441,23.0,71.032,3.33690385877224,111890.0
HND,Honduras,Latin America & Caribbean ,2015,2271.20265980349,9237305,107.26440535424,1.35173104039659,1.56846231223826,27.1395454833776,71.323,2.76526571378543,111890.0
HND,Honduras,Latin America & Caribbean ,2016,2315.72983058198,9412380,99.8157169505924,1.53155567439147,2.01566335667541,29.5282180796457,71.615,2.04171440031698,111890.0
HND,Honduras,Latin America & Caribbean ,2017,2383.37398439714,9588137,101.813111079622,1.58983296006831,1.72906722467945,31.7357924661485,71.805,2.0360589549255,111890.0
HND,Honduras,Latin America & Caribbean ,2018,2430.13503657762,9765210,103.551162215452,1.48969667029328,1.07184110988038,36.0400608231468,72.001,2.99904399429131,111890.0
HND,Honduras,Latin America & Caribbean ,2019,2447.61649282181,9943633,99.4595352452417,1.57817708956802,0.916855208806467,39.3883521850111,72.124,1.97593951065972,111890.0
HND,Honduras,Latin America & Caribbean ,2020,2189.43168668222,10119640,88.0008563836292,1.4667972724004,1.23326098347167,45.24829865,70.864,5.45838363077564,111890.0
HND,Honduras,Latin America & Caribbean ,2021,2423.76634916911,10289877,103.372643459918,1.49821773541885,1.22455313744521,51.95159912,69.492,2.40013663871335,111890.0
HRV,Croatia,Europe & Central Asia,1995,7304.72692228877,4620030,62.8086026978875,9.10152769738719,0.817901089845445,0.514,72.0843902439024,,55910.0
HRV,Croatia,Europe & Central Asia,1996,7858.19280544609,4557097,67.053592053592,8.07513154938036,0.846736297291088,0.859,72.3653658536585,,55980.0
HRV,Croatia,Europe & Central Asia,1997,8383.47376326709,4534920,74.8854961832061,7.47805189562736,0.754704472311057,1.73,72.4951219512195,,55980.0
HRV,Croatia,Europe & Central Asia,1998,8577.65913376916,4532135,64.9843577475156,5.54555805177024,0.324602467353849,3.27,72.3170731707317,,55910.0
HRV,Croatia,Europe & Central Asia,1999,8541.53312242717,4512597,66.264736205119,4.38306728344479,0.555158693065349,4.41,72.6419512195122,0.208235468144234,55910.0
HRV,Croatia,Europe & Central Asia,2000,8880.47789126428,4468302,74.6004590027123,3.0245823570935,1.081606511253,6.64488254374396,72.8078048780488,0.301312621153367,55912.0
HRV,Croatia,Europe & Central Asia,2001,9515.92714476421,4299642,79.437800900761,2.70575135487786,1.00782506278861,11.5585731811648,74.5129268292683,0.496493788355696,55912.0
HRV,Croatia,Europe & Central Asia,2002,10062.0602516769,4302174,81.1605470544581,2.70880829294998,0.768646694448941,17.76,74.7173170731707,0.496530211166217,55912.0
HRV,Croatia,Europe & Central Asia,2003,10619.3351874985,4303399,81.4423725005617,2.02614735279736,0.697994961736429,22.75,74.6139024390244,0.353057625104978,55964.0
HRV,Croatia,Europe & Central Asia,2004,11059.1274155158,4304600,81.6460024380816,1.74038789534115,0.662508301948664,30.91,75.520243902439,0.290968621997675,55964.0
HRV,Croatia,Europe & Central Asia,2005,11522.944604729,4310145,81.4930488377878,1.74403729145943,0.719261359710503,33.13999939,75.2446341463415,0.280848560440818,55964.0
HRV,Croatia,Europe & Central Asia,2006,12104.2947219361,4311159,83.5173461635857,1.66641016588365,0.92569028122449,37.97999954,75.8368292682927,0.406776707241067,55964.0
HRV,Croatia,Europe & Central Asia,2007,12718.2002498979,4310217,83.2601359160464,1.61077866472529,0.917435702753136,41.44,75.7056097560976,0.281166929793915,55964.0
HRV,Croatia,Europe & Central Asia,2008,12970.5143712302,4309705,82.0792610890345,1.82315444519083,1.10056698717934,44.24,75.9121951219512,0.363215987837154,55964.0
HRV,Croatia,Europe & Central Asia,2009,12099.7045228367,4305181,69.7025315039058,1.77217858246391,0.778726740521708,50.58,76.1682926829268,0.28123708661976,55964.0
HRV,Croatia,Europe & Central Asia,2010,11965.1414956676,4295427,72.6475745178258,1.66618616230333,0.917408126030443,56.55,76.4756097560976,0.264143689530068,55964.0
HRV,Croatia,Europe & Central Asia,2011,11993.1337166457,4280622,77.7839261603843,1.73660237614066,1.29394046574726,57.7899789891444,76.7756097560976,,55964.0
HRV,Croatia,Europe & Central Asia,2012,11780.5853491253,4260368,79.0091759505258,1.65593775106979,1.2944420673614,61.9399731527956,77.1682926829268,,55964.0
HRV,Croatia,Europe & Central Asia,2013,11838.4554388595,4233922,80.919621854334,1.60780875391152,1.1084798242986,66.7476,77.5707317073171,,55964.0
HRV,Croatia,Europe & Central Asia,2014,11862.7815706266,4201598,85.2166354640278,1.80811715937665,0.867348745330344,68.5678992528467,77.7243902439024,,55964.0
HRV,Croatia,Europe & Central Asia,2015,12283.8750299177,4151725,90.6517861027716,1.7487025038306,0.698157062296322,69.8450359238281,77.2756097560976,,55964.0
HRV,Croatia,Europe & Central Asia,2016,12848.473748279,4106867,92.1393432283564,1.58922538500355,0.511310613664342,72.6972696701463,77.9219512195122,,55964.0
HRV,Croatia,Europe & Central Asia,2017,13485.3711360576,4041407,97.2452344566878,1.63316629446653,0.658339390527416,67.0961920368478,77.7268292682927,,55964.0
HRV,Croatia,Europe & Central Asia,2018,14061.0597402919,3988775,99.0845893099948,1.54234055565076,0.773060031000923,75.2946259897258,77.919512195122,,55964.0
HRV,Croatia,Europe & Central Asia,2019,14641.8735578488,3949390,101.395111645358,1.6036107424916,0.619466125649912,79.0797836757554,78.2243902439024,,55964.0
HRV,Croatia,Europe & Central Asia,2020,13545.7402289427,3914206,89.5475327132272,1.69659501985338,0.439094632914067,78.32090004,77.5243902439024,,55960.0
HRV,Croatia,Europe & Central Asia,2021,15395.2861605128,3878981,102.327614281062,1.97150113166485,0.681198197003712,81.25396608,76.4243902439025,,55960.0
HTI,Haiti,Latin America & Caribbean ,1995,1302.13491168553,7562546,37.8478190633142,0.0819197504607968,1.22519462633385,,55.582,23.211563960743,27560.0
HTI,Haiti,Latin America & Caribbean ,1996,1330.54039885269,7707557,40.223379852938,,0.942847807917707,0.00748,56.111,11.3377474392856,27560.0
HTI,Haiti,Latin America & Caribbean ,1997,1340.99702096807,7854298,36.8940488093915,,0.993751372688353,,56.675,8.38229917561346,27560.0
HTI,Haiti,Latin America & Caribbean ,1998,1344.9390395747,8002143,36.5207867041288,,0.778424833674881,0.024,57.137,9.40335944777702,27560.0
HTI,Haiti,Latin America & Caribbean ,1999,1356.11344556059,8151296,41.9484795102088,,0.619396171409139,0.0707,57.692,5.14105617651714,27560.0
HTI,Haiti,Latin America & Caribbean ,2000,1342.89490450523,8303151,27.1535220636918,,0.349449568493596,0.231270714628821,58.175,2.66951703780281,27560.0
HTI,Haiti,Latin America & Caribbean ,2001,1314.11419693969,8455918,27.569933019116,,0.383295015006936,0.340832326173809,58.591,2.6892843025574,27560.0
HTI,Haiti,Latin America & Caribbean ,2002,1304.5293810385,8607641,24.9396784759828,,0.396885022338016,0.893432988337908,59.041,2.45390253218329,27560.0
HTI,Haiti,Latin America & Caribbean ,2003,1326.47161042212,8759912,37.1973434444641,,0.518316847636601,1.64735834557778,59.44,3.69229448368588,27560.0
HTI,Haiti,Latin America & Caribbean ,2004,1286.90282128221,8910263,33.7809703531059,,0.415056574952732,5.401261907622,58.517,4.61008926957598,27560.0
HTI,Haiti,Latin America & Caribbean ,2005,1304.33303731231,9061273,34.9651045038228,,0.353534370526786,6.376200199,60.318,5.24128839450101,27560.0
HTI,Haiti,Latin America & Caribbean ,2006,1305.03813815611,9216562,37.0570704128996,,0.474483984535321,6.796000004,60.74,6.95241289417638,27560.0
HTI,Haiti,Latin America & Caribbean ,2007,1343.61111422048,9373296,34.2825489611293,,0.403575652806683,7.199999809,61.09,6.74509834433348,27560.0
HTI,Haiti,Latin America & Caribbean ,2008,1356.53400140048,9530774,36.1450381454244,,0.399712731958641,7.599999905,61.28,7.89976573706581,27560.0
HTI,Haiti,Latin America & Caribbean ,2009,1412.89653523429,9689581,33.0964998246108,,0.337463725935536,8.100000381,61.694,8.53386203338874,27560.0
HTI,Haiti,Latin America & Caribbean ,2010,1317.58389339746,9803294,44.7215241260457,,0.665741356287765,8.369999886,45.577,23.3753973206209,27560.0
HTI,Haiti,Latin America & Caribbean ,2011,1369.16921255852,9914904,44.1635704019387,,0.530247287448995,9.0,61.581,11.5468322722878,27560.0
HTI,Haiti,Latin America & Caribbean ,2012,1354.88546124499,10069771,40.2582414988129,,0.493447395435744,9.800000191,62.273,9.25163996919454,27560.0
HTI,Haiti,Latin America & Caribbean ,2013,1392.38204736859,10222362,40.3325097562551,0.0303030932089833,0.586507266755589,10.60000038,62.624,7.71483496147201,27560.0
HTI,Haiti,Latin America & Caribbean ,2014,1411.76834802154,10373235,42.3515259071619,0.0355624820363801,0.699288591917661,11.39999962,62.969,7.122698563898,27560.0
HTI,Haiti,Latin America & Caribbean ,2015,1411.12684746796,10523242,41.9457381172044,0.0399858125348653,0.574767533630933,14.19999981,63.224,7.02377092978679,27560.0
HTI,Haiti,Latin America & Caribbean ,2016,1416.74881879698,10671457,41.4109022161974,0.0492315360368918,0.790216838420377,22.79999924,63.325,7.59133783368646,27560.0
HTI,Haiti,Latin America & Caribbean ,2017,1432.67228609541,10817754,42.0745477868911,0.04364592592778,0.657342723836906,27.20000076,63.832,6.47609738607413,27560.0
HTI,Haiti,Latin America & Caribbean ,2018,1437.35251928349,10962362,45.1385763027223,0.0611986488105247,0.44034486815939,32.4736271300557,64.077,6.18150331039339,27560.0
HTI,Haiti,Latin America & Caribbean ,2019,1394.42114071112,11105163,44.5687187758294,0.0859315095445588,0.443318678876138,35.76409912,64.328,4.62637237565588,27560.0
HTI,Haiti,Latin America & Caribbean ,2020,1331.69778506932,11243848,37.4138801252638,0.103094179098955,0.577844130610775,39.38809967,63.773,6.11553096179816,27560.0
HTI,Haiti,Latin America & Caribbean ,2021,1292.71954963551,11374586,33.4120026772124,0.153942307239608,0.327641965983974,43.37919998,62.613,4.58459207315349,27560.0
HUN,Hungary,Europe & Central Asia,1995,7704.6409020455,10328965,78.1758915933919,1.3139594616011,0.75638967041039,0.677,69.7917073170732,,89860.0
HUN,Hungary,Europe & Central Asia,1996,7725.69980358198,10311238,83.021980635108,1.24968177456491,0.755257320956188,0.969,70.3287804878049,,89860.0
HUN,Hungary,Europe & Central Asia,1997,7971.80554914825,10290486,94.6879101466758,1.46833921798512,0.605176512091605,1.94,70.7024390243902,,89800.0
HUN,Hungary,Europe & Central Asia,1998,8297.85419511945,10266570,107.319335097669,1.26775175126137,0.228600184405014,3.89,70.5578048780488,,89800.0
HUN,Hungary,Europe & Central Asia,1999,8578.19506388065,10237530,113.869532830977,1.42990268770239,0.358607756221379,5.86,70.6770731707317,,89800.0
HUN,Hungary,Europe & Central Asia,2000,8979.73578602949,10210971,137.26231309347,1.51420984744636,0.71337030705953,6.99967635062916,71.2463414634146,,89620.0
HUN,Hungary,Europe & Central Asia,2001,9365.95393193015,10187576,130.903714236387,1.57074717283351,0.684989297945054,14.5285543028277,72.2487804878049,,89620.0
HUN,Hungary,Europe & Central Asia,2002,9836.94065083321,10158608,118.269335242555,1.5956687712714,0.45421890497725,16.67,72.3487804878049,,89620.0
HUN,Hungary,Europe & Central Asia,2003,10253.723920764,10129552,116.787088540862,1.64521118628476,0.418114307449232,21.63,72.3,,89620.0
HUN,Hungary,Europe & Central Asia,2004,10786.4881991495,10107146,123.615686104174,1.47344940256568,0.449426242668097,27.74,72.6487804878049,,89620.0
HUN,Hungary,Europe & Central Asia,2005,11272.7345428122,10087065,128.004810647538,1.4112437788596,0.409312455814952,38.97,72.6487804878049,,89610.0
HUN,Hungary,Europe & Central Asia,2006,11734.4544729813,10071370,149.231531568461,1.21974188828371,0.543296413793284,47.06,73.0975609756098,,89610.0
HUN,Hungary,Europe & Central Asia,2007,11791.7074416876,10055780,155.60143236807,1.2677875208247,0.466808154363912,53.3,73.1512195121951,,89610.0
HUN,Hungary,Europe & Central Asia,2008,11929.7209867703,10038188,158.453224115619,1.18049340457337,0.659685571385385,61.0,73.7024390243903,,89610.0
HUN,Hungary,Europe & Central Asia,2009,11142.885928524,10022650,145.30587733019,1.12823884115794,0.474511486110666,62.0,73.9048780487805,,90530.0
HUN,Hungary,Europe & Central Asia,2010,11287.3686666108,10000023,157.838960085896,1.02413363369774,0.502154293766183,65.0,74.2073170731707,,90530.0
HUN,Hungary,Europe & Central Asia,2011,11536.3578996772,9971727,166.754347209897,1.03876980779352,0.675554220375786,68.0199878861296,74.8585365853659,,90530.0
HUN,Hungary,Europe & Central Asia,2012,11440.7622718825,9920362,166.17569860957,1.0292472545828,0.61841992081818,70.579998153838,75.0634146341463,,90530.0
HUN,Hungary,Europe & Central Asia,2013,11729.5720798501,9872734,164.476024791467,0.943669886878651,0.507806206790584,72.6439,75.5658536585366,,90530.0
HUN,Hungary,Europe & Central Asia,2014,12287.3779441033,9833038,168.358355086413,0.857233093600132,0.403352372971262,75.6531974544103,75.7634146341463,,91260.0
HUN,Hungary,Europe & Central Asia,2015,12782.9412577973,9797755,167.290738494524,0.904216708106145,0.285147410110642,72.8347370323805,75.5682926829269,,91260.0
HUN,Hungary,Europe & Central Asia,2016,13145.6559885563,9759755,163.97194450015,0.999116487545317,0.227029691782411,79.2594121273057,76.0634146341464,,91260.0
HUN,Hungary,Europe & Central Asia,2017,13734.2442804335,9726756,165.032855840268,1.19169678184034,0.282558589313256,76.7505471201922,75.8170731707317,,91260.0
HUN,Hungary,Europe & Central Asia,2018,14533.7783144312,9706964,162.700858777925,1.00220452852258,0.347622949150536,76.0743606365063,76.0658536585366,,91260.0
HUN,Hungary,Europe & Central Asia,2019,15290.8085466331,9694824,159.925556464831,1.32782522734016,0.303895061476493,80.3716936050482,76.3195121951219,,91260.0
HUN,Hungary,Europe & Central Asia,2020,14664.2971195385,9670419,154.527002936377,1.74628152413286,0.204655214271402,84.77115202,75.419512195122,,91260.0
HUN,Hungary,Europe & Central Asia,2021,15787.9535427563,9630932,159.187527332834,1.31520993597457,0.402362635857113,88.64083466,74.0658536585366,,91260.0
IDN,Indonesia,East Asia & Pacific,1995,1905.54236111238,199888057,53.9585900635426,1.22630986064236,6.18686041657674,0.0261,65.263,0.638036480993907,1811570.0
IDN,Indonesia,East Asia & Pacific,1996,2020.99148132509,203204348,52.264743657148,1.26439252827808,6.42800323693652,0.0566,65.465,0.478121385968773,1811570.0
IDN,Indonesia,East Asia & Pacific,1997,2081.8416693962,206536095,55.9938588086777,1.49774173762735,5.99702078194871,0.195,65.774,0.380815595086564,1811570.0
IDN,Indonesia,East Asia & Pacific,1998,1780.20049544892,209826788,96.1861923602686,1.01911684387405,9.08504454166328,0.255,65.942,1.40532632404352,1811570.0
IDN,Indonesia,East Asia & Pacific,1999,1767.51466729756,213004668,62.9439128601924,0.810812654015076,7.8691294427354,0.444,66.001,1.64874994657633,1811570.0
IDN,Indonesia,East Asia & Pacific,2000,1828.10265968361,216077790,71.4368759173731,0.684483763500435,11.1257366947505,0.925563864466858,66.292,1.06791954205989,1877519.0
IDN,Indonesia,East Asia & Pacific,2001,1868.59172307292,219097902,69.7932075256238,0.572792652704213,9.29197183116353,2.01861385948459,66.583,0.943825576787904,1877519.0
IDN,Indonesia,East Asia & Pacific,2002,1926.37435868149,222088495,59.0794617663723,0.700120208801041,7.28595475221916,2.13413573295808,66.954,0.682807660493894,1877519.0
IDN,Indonesia,East Asia & Pacific,2003,1991.91820506473,225048008,53.6164937473016,0.909285036773652,7.1428118800621,2.38701977959476,67.134,0.770170223952235,1877519.0
IDN,Indonesia,East Asia & Pacific,2004,2065.70617470842,227926649,59.761294836691,0.945714621727218,9.12075209301056,2.60028587633414,65.521,0.0398137978902738,1877519.0
IDN,Indonesia,East Asia & Pacific,2005,2155.4478015921,230871650,63.9879358688635,0.750789394004931,10.3253531632848,3.60202476259646,67.531,0.915214479025356,1877519.0
IDN,Indonesia,East Asia & Pacific,2006,2244.0802226202,233951652,56.6571268148867,0.65870277762871,9.40722899701392,4.76481313366657,67.664,0.352389791072511,1877519.0
IDN,Indonesia,East Asia & Pacific,2007,2355.1528565328,237062337,54.8292499782075,0.71236193115127,9.75766253508312,5.78627472934199,67.914,0.177838855742907,1877519.0
IDN,Indonesia,East Asia & Pacific,2008,2464.60193418272,240157903,58.5613996312961,0.578945804493387,11.10028650133,7.917500019,68.085,0.232814882255186,1877519.0
IDN,Indonesia,East Asia & Pacific,2009,2546.21969707767,243220028,45.5121213687054,0.571133891996423,6.42593139928445,6.92,68.267,0.173363074257108,1877519.0
IDN,Indonesia,East Asia & Pacific,2010,2670.8129098953,246305322,46.7012738758737,0.617587091951932,7.13560902238893,10.92,68.364,0.164979488438243,1877519.0
IDN,Indonesia,East Asia & Pacific,2011,2799.62468790318,249470032,50.1800131841104,0.653776702606807,8.5631139337506,12.28,68.629,0.0412449965005692,1877519.0
IDN,Indonesia,East Asia & Pacific,2012,2930.518445323,252698525,49.5828982992627,0.711549473406383,5.94561486320563,14.52,68.862,0.0077367438114841,1877519.0
IDN,Indonesia,East Asia & Pacific,2013,3055.24246006469,255852467,48.6373726752893,0.918769839183066,5.38990903395495,14.94,69.064,0.0078480496994606,1877519.0
IDN,Indonesia,East Asia & Pacific,2014,3170.72103011429,258877399,48.0801755855227,0.777855178232831,4.79162103687978,17.1431598350566,69.292,-0.0443629875166983,1877519.0
IDN,Indonesia,East Asia & Pacific,2015,3288.22269725538,261799249,41.9376402415294,0.882266734481239,3.08136736381978,22.062742603379,69.52,-0.0034191550405382,1877519.0
IDN,Indonesia,East Asia & Pacific,2016,3416.81005170972,264627418,37.4213418023318,0.792220213496852,2.66818993930963,25.447353701827,69.733,-0.0120036284950268,1877519.0
IDN,Indonesia,East Asia & Pacific,2017,3553.51999262321,267346658,39.3554970704606,0.865191376221992,3.08016177152276,32.335806250688,69.953,0.0284903831435162,1877519.0
IDN,Indonesia,East Asia & Pacific,2018,3701.32155461912,269951846,43.0743089552002,0.718928190476345,4.21663374449654,39.9046386385762,70.08,0.0952018789066375,1877519.0
IDN,Indonesia,East Asia & Pacific,2019,3850.90321738979,272489381,37.6277775357108,0.728563743551525,3.23583967668836,47.6906489788375,70.349,-0.0638812442819552,1877519.0
IDN,Indonesia,East Asia & Pacific,2020,3739.44906563161,274814866,32.9721754002427,0.886277728854897,2.43866732275102,53.72649449,68.817,0.117593215290661,1877519.0
IDN,Indonesia,East Asia & Pacific,2021,3850.68877253903,276758053,40.2047582749671,0.741525844917975,5.15704008451705,62.10447842,67.452,0.0543174310216664,1892555.47
IMN,Isle of Man,Europe & Central Asia,1995,30802.8930909929,71513,,,0.0,,73.371,,570.0
IMN,Isle of Man,Europe & Central Asia,1996,32928.8324560471,72047,,,0.0,,73.634,,570.0
IMN,Isle of Man,Europe & Central Asia,1997,35337.9128286621,72909,,,0.0,,73.9,,570.0
IMN,Isle of Man,Europe & Central Asia,1998,39591.5712572814,73861,,,0.0,,74.204,,570.0
IMN,Isle of Man,Europe & Central Asia,1999,44456.4562710624,74790,,,0.0,,74.469,,570.0
IMN,Isle of Man,Europe & Central Asia,2000,46274.9709691403,75659,,,0.0,,74.842,,570.0
IMN,Isle of Man,Europe & Central Asia,2001,48252.7638498277,76476,,,0.0,,75.289,,570.0
IMN,Isle of Man,Europe & Central Asia,2002,50714.5824703383,77275,,,0.0,,75.785,,570.0
IMN,Isle of Man,Europe & Central Asia,2003,53224.3527757804,78049,,,0.0,,76.319,,570.0
IMN,Isle of Man,Europe & Central Asia,2004,55464.0220993356,78792,,,0.0,,76.876,,570.0
IMN,Isle of Man,Europe & Central Asia,2005,58201.5990838178,79516,,,0.0,,77.453,,570.0
IMN,Isle of Man,Europe & Central Asia,2006,62075.7601604994,80294,,,0.0,,77.971,,570.0
IMN,Isle of Man,Europe & Central Asia,2007,66029.9755907183,81147,,,0.0,,78.451,,570.0
IMN,Isle of Man,Europe & Central Asia,2008,68520.6825624937,82029,,,0.0,,78.899,,570.0
IMN,Isle of Man,Europe & Central Asia,2009,69192.0258221691,82939,,,0.0,,79.303,,570.0
IMN,Isle of Man,Europe & Central Asia,2010,70747.8417587183,83873,,,0.0,,79.613,,570.0
IMN,Isle of Man,Europe & Central Asia,2011,71727.5055082703,84382,,,0.0,,79.836,,570.0
IMN,Isle of Man,Europe & Central Asia,2012,77009.2978612012,84335,,,0.0,,80.007,,570.0
IMN,Isle of Man,Europe & Central Asia,2013,80383.8273088527,84141,,,0.0,,80.12,,570.0
IMN,Isle of Man,Europe & Central Asia,2014,84778.5806639347,83892,,,0.0,,80.199,,570.0
IMN,Isle of Man,Europe & Central Asia,2015,84753.5187422732,83593,,,0.0,,80.267,,570.0
IMN,Isle of Man,Europe & Central Asia,2016,90783.7647245394,83466,,,0.0,,80.391,,570.0
IMN,Isle of Man,Europe & Central Asia,2017,93200.3108083857,83609,,,0.0,,80.506,,570.0
IMN,Isle of Man,Europe & Central Asia,2018,95040.4061748938,83805,,,0.0,,80.614,,570.0
IMN,Isle of Man,Europe & Central Asia,2019,95110.1385990737,83957,,,0.0,,80.74,,570.0
IMN,Isle of Man,Europe & Central Asia,2020,86595.0676099275,84064,,,,,80.591,,570.0
IMN,Isle of Man,Europe & Central Asia,2021,89873.5420093569,84106,,,,,80.42,,570.0
IND,India,South Asia,1995,620.699954336366,960301044,22.8674487062499,2.57848357246069,2.52791051476565,0.0262,60.63,0.486405283924174,2973190.0
IND,India,South Asia,1996,654.355928434052,979678458,21.9294878713867,2.4727682254674,2.48487036956728,0.0463,61.027,0.489232998546235,2973190.0
IND,India,South Asia,1997,667.598423093399,999133762,22.6193868670479,2.64773242601716,2.20619110499979,0.0708,61.439,0.399271088821843,2973190.0
IND,India,South Asia,1998,695.293709337082,1018665080,23.6994700790647,2.72731141679376,1.7888332837601,0.139,61.852,0.385106966236663,2973190.0
IND,India,South Asia,1999,742.53920839812,1038225823,24.8155980442929,2.95719564743412,1.85009641725959,0.273,62.284,0.327452146872035,2973190.0
IND,India,South Asia,2000,756.704109533187,1057922733,26.9009229104474,2.94892990622572,2.46830054070033,0.527532449930946,62.749,0.29852498246462,2973190.0
IND,India,South Asia,2001,778.507377522499,1077898575,25.9932547534365,2.9244355462896,2.43620876424905,0.660146377009928,63.158,0.359412175254478,2973190.0
IND,India,South Asia,2002,793.615912901002,1097600380,29.5086629350614,2.82686683045838,2.34136271190342,1.53787558175083,63.649,0.33983144589352,2973190.0
IND,India,South Asia,2003,841.278894562408,1116803006,30.592436132908,2.67777693222748,2.22671508998187,1.68648997063625,64.086,0.119513189563199,2973190.0
IND,India,South Asia,2004,892.596614580718,1135991513,37.503814059447,2.82875224798105,3.16931675641458,1.97613649190559,64.484,0.110528732711407,2973190.0
IND,India,South Asia,2005,947.732565644272,1154676322,42.0016696148691,2.91058750164482,3.6587436038218,2.388099909,64.939,0.2303250312386,2973190.0
IND,India,South Asia,2006,1008.23275344818,1172878890,45.7244804992652,2.68038156022763,3.93368584480297,2.80549986534254,65.373,0.148306759440318,2973190.0
IND,India,South Asia,2007,1069.24696812234,1190676021,45.686268679348,2.47824652803557,4.44228487841539,3.95,65.803,0.109703024034519,2973190.0
IND,India,South Asia,2008,1086.50605251005,1207930964,53.3682204392226,2.63146078124112,7.10934832396732,4.38,66.247,0.168794332995357,2973190.0
IND,India,South Asia,2009,1155.10163273817,1225524753,46.2728696428837,3.12938472737472,3.36239161008031,5.12,66.7,0.184170471568028,2973190.0
IND,India,South Asia,2010,1235.15939132939,1243481564,49.2552064974161,2.88946327164641,4.49751864332879,7.5,67.162,0.154499070527136,2973190.0
IND,India,South Asia,2011,1281.61054354937,1261224954,55.6238800135298,2.70448222276966,5.30507567095095,10.07,67.623,0.180972897460934,2973190.0
IND,India,South Asia,2012,1333.09626557649,1278674502,55.7937217287511,2.61816634758562,4.02383769335832,11.10000038,68.076,0.0931164294000045,2973190.0
IND,India,South Asia,2013,1399.4537980281,1295829511,53.8441319466777,2.5488248901417,3.67308833438322,12.30000019,68.499,0.133962818068852,2973190.0
IND,India,South Asia,2014,1484.31640682961,1312277191,48.9221857470669,2.54398176462257,2.81368985123428,13.5,68.932,0.148476420712042,2973190.0
IND,India,South Asia,2015,1583.99815907985,1328024498,41.9229138658647,2.45745006060163,1.77764002432658,14.89999962,69.326,0.152672881309943,2973190.0
IND,India,South Asia,2016,1694.46534973787,1343944296,40.082485713276,2.54315152114541,1.74839023532939,16.5,69.709,0.118097798410492,2973190.0
IND,India,South Asia,2017,1788.69770318481,1359657400,40.7424969545225,2.53151136056791,1.98393401607656,18.20000076,70.068,0.121935867816169,2973190.0
IND,India,South Asia,2018,1883.35772705055,1374659064,43.6169693323889,2.42428452604417,2.25531632110711,20.0813000379384,70.415,0.0920717165660618,2973190.0
IND,India,South Asia,2019,1936.03067741063,1389030312,39.9054035306442,2.5459982314359,2.01224538396897,29.52350044,70.746,0.0908498823485309,2973190.0
IND,India,South Asia,2020,1806.50110583865,1402617695,37.7581053292768,2.80361581112679,1.78466920695081,43.40544313,70.156,0.0680475973856743,2973190.0
IND,India,South Asia,2021,1965.30943437472,1414203896,45.4230887840446,2.46874153034185,3.15934537555664,49.2580986,67.282,0.10021711669804,2973190.0
IRL,Ireland,Europe & Central Asia,1995,28646.8176219898,3608841,136.103124359691,1.01536302332693,0.140537364836712,1.11,75.4693170731707,,68890.0
IRL,Ireland,Europe & Central Asia,1996,30518.4039336362,3637510,138.868118491507,0.990896265766987,0.126237068936823,2.2,75.8317073170732,,68890.0
IRL,Ireland,Europe & Central Asia,1997,33543.9942975657,3674171,142.269442155283,0.923621423991217,0.13774575403257,4.09,75.9853658536585,,68890.0
IRL,Ireland,Europe & Central Asia,1998,36105.9184837456,3712696,157.772368187148,0.823067638264075,0.0373492681800465,8.1,76.1804878048781,,68890.0
IRL,Ireland,Europe & Central Asia,1999,39460.4758655009,3754786,159.870974760171,0.75007656936,0.0315978285069762,10.9,76.0829268292683,,68890.0
IRL,Ireland,Europe & Central Asia,2000,42599.4803921319,3805174,174.954518071287,0.694961052162033,0.0763340706312449,17.8504672405807,76.5365853658537,,68890.0
IRL,Ireland,Europe & Central Asia,2001,44151.1536032557,3866243,174.840711101871,0.702765014395844,0.0566582045310828,23.1388121904053,77.1341463414634,,68890.0
IRL,Ireland,Europe & Central Asia,2002,45974.4881988842,3931947,163.719329359615,0.63383334613874,0.0475809059335846,25.85,77.6341463414634,,68890.0
IRL,Ireland,Europe & Central Asia,2003,46594.8620267616,3996521,146.531474021275,0.587456023721602,0.0356363486219039,34.31,78.1390243902439,,68890.0
IRL,Ireland,Europe & Central Asia,2004,48856.3238587396,4070262,146.587496370071,0.567899833158286,0.0549131558913933,36.99,78.5390243902439,,68890.0
IRL,Ireland,Europe & Central Asia,2005,50547.2123729763,4159914,148.175564253129,0.540612698817302,0.0636046148237513,41.61,78.9439024390244,,68890.0
IRL,Ireland,Europe & Central Asia,2006,51656.8194855887,4273591,150.021785809265,0.513151243889595,0.309124322700795,54.82,79.2414634146342,,68890.0
IRL,Ireland,Europe & Central Asia,2007,52849.6948429458,4398942,153.396847068025,0.508754794256741,0.285066705996576,61.158324551,79.6414634146341,,68890.0
IRL,Ireland,Europe & Central Asia,2008,49461.1594281353,4489544,160.039420132474,0.57698781953157,0.0396359171524907,65.34,80.0951219512195,,68890.0
IRL,Ireland,Europe & Central Asia,2009,46466.3794269222,4535375,173.591474874665,0.601169019780089,0.0448352849146384,67.38,80.190243902439,,68890.0
IRL,Ireland,Europe & Central Asia,2010,46991.6464673949,4560155,190.08027278672,0.574574154033988,0.108587847065061,69.85,80.7439024390244,,68890.0
IRL,Ireland,Europe & Central Asia,2011,47539.9181739968,4580084,186.304879179038,0.539508228229788,0.0962427963966132,74.8899729670944,80.7463414634146,,68890.0
IRL,Ireland,Europe & Central Asia,2012,47147.1604669421,4599533,190.355682317985,0.509289132793347,0.058557220023201,76.919992540097,80.8463414634146,,68890.0
IRL,Ireland,Europe & Central Asia,2013,47928.0346487005,4623816,199.742586224446,0.49161342312128,0.0370891175584479,78.2477,80.9487804878049,,68890.0
IRL,Ireland,Europe & Central Asia,2014,52044.6201181887,4657740,211.181602002085,0.447668415911946,0.0353958706182933,83.4917223351728,81.3487804878049,,68890.0
IRL,Ireland,Europe & Central Asia,2015,64250.1385181257,4701957,223.702938290642,0.329854616599638,0.0187707084805869,83.4947916666667,81.4536585365854,,68890.0
IRL,Ireland,Europe & Central Asia,2016,64205.979777351,4762722,239.708527798768,0.327907586700795,0.0652248713159719,83.5,81.6536585365854,,68890.0
IRL,Ireland,Europe & Central Asia,2017,69748.6221034014,4827445,233.304083346711,0.296120745416758,0.112833072357874,84.1140070623844,82.1560975609756,,68890.0
IRL,Ireland,Europe & Central Asia,2018,74029.0550611436,4898022,222.453716000399,0.280112255033866,0.126075695067046,87.0001401148942,82.2048780487805,,68890.0
IRL,Ireland,Europe & Central Asia,2019,76485.635854651,4976456,257.652772910421,0.273293508559262,0.0671703776701016,87.0000552425146,82.7024390243903,,68890.0
IRL,Ireland,Europe & Central Asia,2020,80927.936475395,5039747,258.780437026252,0.262684777602834,0.0367626864571587,91.99989097,82.4560975609756,,68890.0
IRL,Ireland,Europe & Central Asia,2021,92781.2322150786,5110585,231.032350863586,0.238637692712824,0.10098823103923,93.50610352,82.2536585365854,,68890.0
IRN,"Iran, Islamic Rep.","Middle East, North Africa, Afghanistan & Pakistan",1995,3492.17204969482,62205567,35.1442449159574,2.15416588498039,20.7724689741647,0.00418,67.904,0.194874514753879,1628760.0
IRN,"Iran, Islamic Rep.","Middle East, North Africa, Afghanistan & Pakistan",1996,3674.0326860276,62881300,35.2212991546042,2.24486451064281,20.9894625885333,0.0158,68.328,0.13725036413033,1628760.0
IRN,"Iran, Islamic Rep.","Middle East, North Africa, Afghanistan & Pakistan",1997,3679.27534912962,63639638,32.6495581116416,2.49887472505777,19.7567159419881,0.0468,68.649,0.176616207644172,1628760.0
IRN,"Iran, Islamic Rep.","Middle East, North Africa, Afghanistan & Pakistan",1998,3704.56563043092,64519859,29.2282196463134,2.62907924769004,13.3950142635049,0.0998,69.214,0.149332478397017,1628760.0
IRN,"Iran, Islamic Rep.","Middle East, North Africa, Afghanistan & Pakistan",1999,3725.31745828772,65445391,34.8854141345934,2.40455173780106,18.626607792413,0.379,69.686,0.141509876702984,1628760.0
IRN,"Iran, Islamic Rep.","Middle East, North Africa, Afghanistan & Pakistan",2000,3885.30183360649,66418659,41.2572474638031,2.29504222152572,33.082196505073,0.934190019959829,70.166,0.118289939178243,1628760.0
IRN,"Iran, Islamic Rep.","Middle East, North Africa, Afghanistan & Pakistan",2001,3917.29935489016,67452005,40.535566479523,2.41817929679324,24.0565282820387,1.48422133163363,70.619,0.0900813216211216,1628760.0
IRN,"Iran, Islamic Rep.","Middle East, North Africa, Afghanistan & Pakistan",2002,4198.95356080727,68011317,48.1726865520657,2.17457636612743,22.901560055169,4.62617511492205,71.112,0.088795196146504,1628760.0
IRN,"Iran, Islamic Rep.","Middle East, North Africa, Afghanistan & Pakistan",2003,4511.43134034458,68769340,50.6791057753261,2.4050402653569,24.1803070892105,6.93372195304053,70.464,0.0861033016914401,1628760.0
IRN,"Iran, Islamic Rep.","Middle East, North Africa, Afghanistan & Pakistan",2004,4607.45169088209,70256316,51.3138573265888,2.83455780463948,27.2443648124195,7.49,72.04,0.100638782779816,1628760.0
IRN,"Iran, Islamic Rep.","Middle East, North Africa, Afghanistan & Pakistan",2005,4650.35841490708,71828455,54.4404952635536,3.03665449804817,34.4823160181386,8.100000381,72.446,0.0448272382503688,1628760.0
IRN,"Iran, Islamic Rep.","Middle East, North Africa, Afghanistan & Pakistan",2006,4778.7934584732,73392747,53.1673587143845,3.31519380033441,34.7791285091133,8.760000229,72.895,0.0441225051408069,1628760.0
IRN,"Iran, Islamic Rep.","Middle East, North Africa, Afghanistan & Pakistan",2007,5084.71796043623,74602648,49.8873069225934,2.65398282115891,29.1825071901049,9.470000267,73.299,0.0295900694000419,1628760.0
IRN,"Iran, Islamic Rep.","Middle East, North Africa, Afghanistan & Pakistan",2008,5035.94008533618,75514204,48.2294027741438,2.68334192055637,33.5227511829978,12.02,73.683,0.0246600683361909,1628760.0
IRN,"Iran, Islamic Rep.","Middle East, North Africa, Afghanistan & Pakistan",2009,5023.89314362941,76457825,43.6995802243585,3.04770554917662,20.3362743181973,13.80000019,74.041,0.0223639283338746,1628760.0
IRN,"Iran, Islamic Rep.","Middle East, North Africa, Afghanistan & Pakistan",2010,5249.06133369759,77420842,43.7706437371399,2.7865480606164,23.0680430493324,15.9,74.39,0.0227425440389798,1628760.0
IRN,"Iran, Islamic Rep.","Middle East, North Africa, Afghanistan & Pakistan",2011,5321.75870744453,78383598,41.2194147918578,2.38163454250427,25.3461464486072,19.0,74.721,0.0168035794063548,1628760.0
IRN,"Iran, Islamic Rep.","Middle East, North Africa, Afghanistan & Pakistan",2012,5058.64637811835,79370580,44.0893466807452,2.68660846849974,21.1187189284557,22.73,75.039,0.0234160110952402,1628760.0
IRN,"Iran, Islamic Rep.","Middle East, North Africa, Afghanistan & Pakistan",2013,4916.97291948475,80414686,47.0867179194755,2.18077190909837,24.9467390294435,29.95,75.349,0.0261325826147521,1628760.0
IRN,"Iran, Islamic Rep.","Middle East, North Africa, Afghanistan & Pakistan",2014,5093.20319702187,81502045,45.3514201413161,2.11655706144949,24.8607811408678,39.353614505223,75.635,0.0174688254109505,1628760.0
IRN,"Iran, Islamic Rep.","Middle East, North Africa, Afghanistan & Pakistan",2015,4952.73355532178,82619362,39.42258866118,2.55709080686915,15.2302994765894,45.3349761533285,75.907,0.0270825634547446,1628760.0
IRN,"Iran, Islamic Rep.","Middle East, North Africa, Afghanistan & Pakistan",2016,5312.61724954192,83812228,39.8772417738866,2.79643556281004,13.1358103039789,53.2267716709857,76.155,0.0242581118515413,1628760.0
IRN,"Iran, Islamic Rep.","Middle East, North Africa, Afghanistan & Pakistan",2017,5395.2398398598,85026754,43.1556931383906,2.8443384495596,17.4677964309489,64.0439736249513,76.396,0.027438840986759,1622500.0
IRN,"Iran, Islamic Rep.","Middle East, North Africa, Afghanistan & Pakistan",2018,5127.22495367018,86117998,56.6153496142829,2.35629488324383,34.2395948033408,70.2005650008363,76.621,0.0402166094506368,1622500.0
IRN,"Iran, Islamic Rep.","Middle East, North Africa, Afghanistan & Pakistan",2019,4952.45669081078,87051648,48.5917712137038,2.14694745014838,27.8006661533715,72.4509047672065,76.855,0.0590043887435019,1622500.0
IRN,"Iran, Islamic Rep.","Middle East, North Africa, Afghanistan & Pakistan",2020,5132.82430762118,87723443,43.8844674905013,2.17701027609522,23.2391718001181,75.56986637,74.141,0.0841697177382486,1622500.0
IRN,"Iran, Islamic Rep.","Middle East, North Africa, Afghanistan & Pakistan",2021,5300.62271961895,88455488,42.672379536261,2.22394282528392,30.4480600937139,78.5957366,73.752,0.0748644589123844,1622500.0
IRQ,Iraq,"Middle East, North Africa, Afghanistan & Pakistan",1995,1961.09255088499,20825860,0.0209992321838355,,23.0812208617925,,64.761,2.58152308766405,437370.0
IRQ,Iraq,"Middle East, North Africa, Afghanistan & Pakistan",1996,2108.82328338114,21501321,0.0268884829090311,,36.4781663325503,,64.618,3.35327572731876,437370.0
IRQ,Iraq,"Middle East, North Africa, Afghanistan & Pakistan",1997,2478.84310444349,22176593,106.188169939941,,32.1441683410111,,64.241,1.08294102850776,437370.0
IRQ,Iraq,"Middle East, North Africa, Afghanistan & Pakistan",1998,3242.95733892317,22884399,132.243160520961,,37.1258114796528,,64.405,0.578894530446121,437370.0
IRQ,Iraq,"Middle East, North Africa, Afghanistan & Pakistan",1999,3691.74051342189,23636527,138.314601242921,,37.017920402799,,64.532,0.211919733493711,437370.0
IRQ,Iraq,"Middle East, North Africa, Afghanistan & Pakistan",2000,4172.78025105244,24424056,125.336595640904,,48.8587830406916,,64.86,0.211883679801292,437370.0
IRQ,Iraq,"Middle East, North Africa, Afghanistan & Pakistan",2001,4116.09405320279,25197840,126.780255976775,,49.5653017649245,0.1,65.292,0.341606637423022,437370.0
IRQ,Iraq,"Middle East, North Africa, Afghanistan & Pakistan",2002,3660.92527507177,26006559,119.762047746987,,46.9721057272114,0.5,65.724,0.356855592998256,437370.0
IRQ,Iraq,"Middle East, North Africa, Afghanistan & Pakistan",2003,2250.06990123369,26802659,154.234525288266,,53.2980916080186,0.6,64.834,10.6106853039694,437370.0
IRQ,Iraq,"Middle East, North Africa, Afghanistan & Pakistan",2004,3354.26588756715,27577878,120.233977121676,1.67557807777108,64.7757532260062,0.9,64.634,12.6774354242145,437370.0
IRQ,Iraq,"Middle East, North Africa, Afghanistan & Pakistan",2005,3310.86344473993,28407448,115.742540308642,2.24258030532454,65.3184967985808,0.899999976,64.899,43.6191851028266,437370.0
IRQ,Iraq,"Middle East, North Africa, Afghanistan & Pakistan",2006,3471.98744698568,28616515,89.6505198581778,1.89757172208062,63.7269526475673,0.95234424383919,64.029,13.4599279927133,437370.0
IRQ,Iraq,"Middle East, North Africa, Afghanistan & Pakistan",2007,3565.58054079041,28391607,74.092853105498,2.23992802514508,53.2166911072318,0.93,64.428,10.1908038113711,437370.0
IRQ,Iraq,"Middle East, North Africa, Afghanistan & Pakistan",2008,3781.78001712762,28971036,81.0555432665835,2.36775982414374,55.6857288439596,1.0,66.465,7.31644127695875,437370.0
IRQ,Iraq,"Middle East, North Africa, Afghanistan & Pakistan",2009,3768.17284328983,30058206,78.6873788189898,2.89914007639814,39.5126626033864,1.06,67.834,2.43238739904889,434320.0
IRQ,Iraq,"Middle East, North Africa, Afghanistan & Pakistan",2010,3881.94327045302,31045366,73.4974796202443,2.70935227972459,43.5682899383508,2.5,68.092,1.51055678383297,434320.0
IRQ,Iraq,"Middle East, North Africa, Afghanistan & Pakistan",2011,4030.01686860986,32161424,72.1713282233655,2.30344021962536,51.1945404105542,5.0,68.435,1.03210962743633,434320.0
IRQ,Iraq,"Middle East, North Africa, Afghanistan & Pakistan",2012,4387.90469058707,33654842,73.6086845912812,1.89956836613945,49.8510176490635,7.099999905,68.827,0.593843342065036,434320.0
IRQ,Iraq,"Middle East, North Africa, Afghanistan & Pakistan",2013,4504.82687537354,35281989,67.4100184095672,3.31583096149399,45.579366576846,9.199999809,69.047,0.659969237593402,434128.0
IRQ,Iraq,"Middle East, North Africa, Afghanistan & Pakistan",2014,4446.97343234862,36550059,68.9824868569036,2.9506139914123,46.8543961454295,11.6453267304545,69.679,0.602903851537303,434128.0
IRQ,Iraq,"Middle East, North Africa, Afghanistan & Pakistan",2015,4440.14189252367,37560535,69.5917685983115,5.41292532011925,37.5037172137922,15.21440029,69.977,0.897350382825894,434128.0
IRQ,Iraq,"Middle East, North Africa, Afghanistan & Pakistan",2016,4932.9272911439,38469627,54.588320188677,3.55013476903527,33.2189217237902,19.87719917,68.683,1.38507255799523,434128.0
IRQ,Iraq,"Middle East, North Africa, Afghanistan & Pakistan",2017,4736.32710809857,39337353,59.7809123923157,3.90898492056515,39.2005542312932,25.96920013,69.788,1.56505493136301,434128.0
IRQ,Iraq,"Middle East, North Africa, Afghanistan & Pakistan",2018,4749.00921836896,40265624,65.8017917701083,2.75172485497662,46.1477869076682,33.92810059,71.116,1.01971245441517,434128.0
IRQ,Iraq,"Middle East, North Africa, Afghanistan & Pakistan",2019,4898.14897668582,41192171,68.9899384202806,3.23719485045446,40.609902398822,44.3263465511579,71.245,0.899731010146547,434130.0
IRQ,Iraq,"Middle East, North Africa, Afghanistan & Pakistan",2020,4213.99843766061,42116605,57.742316395146,3.11217889939661,27.4170131896725,53.67779922,69.651,1.31800255831966,434130.0
IRQ,Iraq,"Middle East, North Africa, Afghanistan & Pakistan",2021,4182.50064045825,43071211,61.5032683117218,2.26111174702371,43.4458576871878,65.00219727,70.704,0.871366376417596,434130.0
ISL,Iceland,Europe & Central Asia,1995,36008.5846495164,267468,64.3005949240328,,0.0,11.2,77.9843902439024,,100250.0
ISL,Iceland,Europe & Central Asia,1996,37425.5142753793,268916,68.6955297848167,,0.0,14.8,78.7778048780488,,100250.0
ISL,Iceland,Europe & Central Asia,1997,38657.2763911898,271128,69.2597923595091,,0.0,27.5,78.8853658536585,,100250.0
ISL,Iceland,Europe & Central Asia,1998,40926.715820447,274047,70.7676395257416,,0.0,36.3,79.6024390243903,,100250.0
ISL,Iceland,Europe & Central Asia,1999,42010.9376256893,277381,68.4725808469369,,0.0,41.3,79.3512195121951,,100250.0
ISL,Iceland,Europe & Central Asia,2000,43472.3369951306,281205,70.2477741981669,,0.0,44.470533824288,79.6536585365854,,100250.0
ISL,Iceland,Europe & Central Asia,2001,44545.9822738464,284968,73.9395325755249,,0.0,49.3929953676426,80.690243902439,,100250.0
ISL,Iceland,Europe & Central Asia,2002,44389.5560604909,287523,68.7108314689249,,0.0,79.12,80.5024390243903,,100250.0
ISL,Iceland,Europe & Central Asia,2003,45088.9226082383,289521,67.4009987460124,,0.0,83.14,80.9634146341464,,100250.0
ISL,Iceland,Europe & Central Asia,2004,48101.7116415743,292074,69.7326204452496,,0.0,83.88,80.9975609756098,,100250.0
ISL,Iceland,Europe & Central Asia,2005,50674.4411406649,296734,71.2106793861355,,0.0,87.0,81.5024390243902,,100250.0
ISL,Iceland,Europe & Central Asia,2006,52306.128485789,303782,76.6308537686708,,0.0,89.51,81.1585365853659,,100250.0
ISL,Iceland,Europe & Central Asia,2007,55457.3601614503,311566,73.6249668831341,,0.0,90.6,81.4536585365854,,100250.0
ISL,Iceland,Europe & Central Asia,2008,55360.8136012406,317414,81.9027481853952,,0.0,91.0,81.609756097561,,100250.0
ISL,Iceland,Europe & Central Asia,2009,50581.0846167336,318499,89.00144405735,,0.0,93.0,81.7512195121951,,100250.0
ISL,Iceland,Europe & Central Asia,2010,49528.4864733411,318041,92.4901528110187,,0.0,93.39,81.8975609756097,,100250.0
ISL,Iceland,Europe & Central Asia,2011,50058.8302665144,319014,100.133252648313,,0.0003814338588799,94.8196868008949,82.3585365853659,,100250.0
ISL,Iceland,Europe & Central Asia,2012,50375.4117054195,320716,102.433137099998,,0.0003591955292899,96.2097995545657,82.9170731707317,,100250.0
ISL,Iceland,Europe & Central Asia,2013,51696.0876507326,323764,97.6980221861272,,0.0003660941548138,96.5468,82.0609756097561,,100250.0
ISL,Iceland,Europe & Central Asia,2014,52102.575810195,327386,95.2879194201667,,0.0003471327872405,98.1580233097118,82.8609756097561,,100250.0
ISL,Iceland,Europe & Central Asia,2015,53505.6964079339,330815,94.8888027460231,,0.0002995919855369,98.19999695,82.4682926829268,,100250.0
ISL,Iceland,Europe & Central Asia,2016,56049.2928672039,335439,87.7600165983392,,0.0002523353870072,98.23999786,82.2048780487805,,100250.0
ISL,Iceland,Europe & Central Asia,2017,56657.9800322797,343400,86.3585336945067,,0.0002173865852928,98.2552011867973,82.6609756097561,,100250.0
ISL,Iceland,Europe & Central Asia,2018,57731.6523639512,352721,88.934996973139,,0.0001965373961622,99.0109539916991,82.8609756097561,,100830.0
ISL,Iceland,Europe & Central Asia,2019,57118.8452777198,360563,83.7923659518443,,0.000108843842062,99.5049411693787,83.1634146341463,,100830.0
ISL,Iceland,Europe & Central Asia,2020,52464.3073240589,366463,68.6550233460548,,0.0001087940988939,99.5327519,83.0634146341463,,100830.0
ISL,Iceland,Europe & Central Asia,2021,54285.0209203242,372520,76.2317249850944,,0.0001069677377933,99.68701957,83.1658536585366,,100830.0
ISR,Israel,"Middle East, North Africa, Afghanistan & Pakistan",1995,26052.1113890118,5545000,59.4260802630063,7.52795654363498,0.0036860515573183,0.93,77.4512195121951,0.323621251300499,21640.0
ISR,Israel,"Middle East, North Africa, Afghanistan & Pakistan",1996,26861.1743305822,5692000,58.1637958325213,7.37917726384435,0.0032458848125355,2.17,78.1048780487805,1.957076147807,21640.0
ISR,Israel,"Middle East, North Africa, Afghanistan & Pakistan",1997,27144.221603813,5836000,57.6014513298969,7.17952158691366,0.0040731421263798,4.4,78.0,,21640.0
ISR,Israel,"Middle East, North Africa, Afghanistan & Pakistan",1998,27618.7744807547,5971000,56.9416656287884,6.71359953153999,0.0025643029861351,10.3,78.1487804878049,,21640.0
ISR,Israel,"Middle East, North Africa, Afghanistan & Pakistan",1999,27809.7288829095,6125000,64.7865126543191,6.30231351836919,0.0033660717652714,13.4,78.6585365853659,,21640.0
ISR,Israel,"Middle East, North Africa, Afghanistan & Pakistan",2000,29411.4999428787,6289000,68.3981650564852,6.10001984652015,0.0020191170037844,20.8737899981674,78.9536585365854,,21640.0
ISR,Israel,"Middle East, North Africa, Afghanistan & Pakistan",2001,28804.0396341969,6439000,62.1915859412765,6.29993225373241,0.0011401524186069,17.3786238639049,79.4073170731707,,21640.0
ISR,Israel,"Middle East, North Africa, Afghanistan & Pakistan",2002,28186.5548167752,6570000,65.5319511383591,6.36795930501003,0.0012132308057272,17.7645990630493,79.4512195121951,,21640.0
ISR,Israel,"Middle East, North Africa, Afghanistan & Pakistan",2003,28079.3253966943,6689700,66.9479946684859,6.25286591975287,0.0009493867737231,19.5933936579649,79.6487804878049,,21640.0
ISR,Israel,"Middle East, North Africa, Afghanistan & Pakistan",2004,28870.0080868057,6809000,75.0388690350775,6.13940696015944,0.0355017759427314,22.7704855254035,80.1463414634146,,21640.0
ISR,Israel,"Middle East, North Africa, Afghanistan & Pakistan",2005,29600.1467243332,6930100,78.416693799205,6.05115990349017,0.0596259989806162,25.19400024,80.1512195121951,,21640.0
ISR,Israel,"Middle East, North Africa, Afghanistan & Pakistan",2006,30707.435814097,7053700,78.5311825907368,5.85587278604162,0.105792513747818,27.8810997,80.5536585365854,,21640.0
ISR,Israel,"Middle East, North Africa, Afghanistan & Pakistan",2007,32071.3107404162,7180100,78.9364099576763,6.16232982826306,0.128587398678532,48.1280621948445,80.5048780487805,,21640.0
ISR,Israel,"Middle East, North Africa, Afghanistan & Pakistan",2008,32519.7624461575,7308800,75.4761705381509,6.23951148308826,0.386322234932509,59.39,80.9512195121951,,21640.0
ISR,Israel,"Middle East, North Africa, Afghanistan & Pakistan",2009,32139.1146490917,7485600,61.7597291545045,5.97664891131294,0.309661455072217,63.12,81.4048780487805,,21640.0
ISR,Israel,"Middle East, North Africa, Afghanistan & Pakistan",2010,33307.1044316197,7623600,65.717030394986,5.78907528727422,0.173972024779987,67.5,81.6024390243903,,21640.0
ISR,Israel,"Middle East, North Africa, Afghanistan & Pakistan",2011,34499.9509262825,7765800,69.0009721692523,5.63236402188698,0.280630419352341,68.8738779907441,81.6560975609756,,21640.0
ISR,Israel,"Middle East, North Africa, Afghanistan & Pakistan",2012,34685.0915981013,7910500,70.0759039186632,5.51022054656508,0.270058995740021,70.8,81.7048780487805,,21640.0
ISR,Israel,"Middle East, North Africa, Afghanistan & Pakistan",2013,35436.2912873273,8059500,64.2271703557815,5.44373442389891,0.262662457508262,70.250311945,82.0560975609756,,21640.0
ISR,Israel,"Middle East, North Africa, Afghanistan & Pakistan",2014,36055.08530225,8215700,61.8390527979395,5.63057461102748,0.240636647906702,75.0177531628076,82.1536585365854,,21640.0
ISR,Israel,"Middle East, North Africa, Afghanistan & Pakistan",2015,36138.13561386,8380100,59.0201557126784,5.42297442402595,0.225690565978892,77.3520896572253,82.0512195121951,,21640.0
ISR,Israel,"Middle East, North Africa, Afghanistan & Pakistan",2016,37044.0118623764,8546000,57.9533051643572,5.41748768749926,0.184759592739644,79.6531241815281,82.4073170731707,,21640.0
ISR,Israel,"Middle East, North Africa, Afghanistan & Pakistan",2017,37911.0217281157,8713300,56.4519373834561,5.42682730712043,0.175795530138224,81.5811835871611,82.5512195121951,,21640.0
ISR,Israel,"Middle East, North Africa, Afghanistan & Pakistan",2018,38695.0100079706,8882800,58.8734013354625,5.28819717558874,0.243287805206997,83.7331569615326,82.8024390243903,,21640.0
ISR,Israel,"Middle East, North Africa, Afghanistan & Pakistan",2019,39322.038041422,9054000,56.5281618447823,5.07212719116893,0.189655855195189,86.7878776180583,82.8048780487805,,21640.0
ISR,Israel,"Middle East, North Africa, Afghanistan & Pakistan",2020,37938.3809354755,9215100,51.1403984551453,5.27626408809404,0.272440677318125,90.12734091,82.6487804878049,,21640.0
ISR,Israel,"Middle East, North Africa, Afghanistan & Pakistan",2021,40788.2391785198,9371400,54.8184036562688,4.9349458892043,0.441424749575518,90.29689758,82.5,,21640.0
ITA,Italy,Europe & Central Asia,1995,29408.3209572297,56844303,45.5795026636995,1.45963717676225,0.0793380261253676,0.524,78.1707317073171,,294110.0
ITA,Italy,Europe & Central Asia,1996,29795.6597750915,56860281,42.8020490474117,1.58142783542643,0.0801352460559249,1.02,78.5219512195122,,294110.0
ITA,Italy,Europe & Central Asia,1997,30353.3778243995,56890372,44.4771651978702,1.61893523792895,0.0813185413686656,2.28,78.8243902439024,,294110.0
ITA,Italy,Europe & Central Asia,1998,30892.1758654455,56906744,44.997874273345,1.63621282256544,0.0237533710689864,4.56,78.9756097560976,,294110.0
ITA,Italy,Europe & Central Asia,1999,31405.2609007683,56916317,44.5298402267013,1.67522558920443,0.0382882099882507,14.4,79.4243902439024,,294110.0
ITA,Italy,Europe & Central Asia,2000,32609.66746283,56942108,50.2747311455639,1.7333974080779,0.0913316162596186,23.1108742441037,79.7780487804878,,295718.0
ITA,Italy,Europe & Central Asia,2001,33243.599343976,56976981,49.8632723203495,1.66687444230505,0.102721225949045,27.2221169788811,80.1268292682927,,295718.0
ITA,Italy,Europe & Central Asia,2002,33267.4474482048,57089824,47.8713186791542,1.69394254893483,0.0896298707679109,28.04,80.2292682926829,,295718.0
ITA,Italy,Europe & Central Asia,2003,33110.1698494812,57399184,45.9940859777074,1.69839951235756,0.0826115695211021,29.04,79.9829268292683,,295718.0
ITA,Italy,Europe & Central Asia,2004,33348.9744820456,57828179,47.2663923891771,1.67228931403318,0.077743539369532,33.24,80.7804878048781,,295718.0
ITA,Italy,Europe & Central Asia,2005,33407.6754716472,58166682,49.1221742288618,1.59516123663349,0.10163496355748,35.0,80.7829268292683,,295718.0
ITA,Italy,Europe & Central Asia,2006,33873.0493680093,58399861,52.9235429597012,1.51434317166841,0.12265392810522,37.99,81.2829268292683,,295718.0
ITA,Italy,Europe & Central Asia,2007,34159.9109244074,58756247,54.8280415572531,1.44091823807458,0.116804781880987,40.79,81.4341463414634,,295718.0
ITA,Italy,Europe & Central Asia,2008,33550.6340800063,59211181,54.2142548956671,1.53005124720846,0.151794975884094,44.53,81.4853658536585,,295718.0
ITA,Italy,Europe & Central Asia,2009,31587.0638416305,59555454,45.1414765721604,1.54748909606347,0.0907628030750462,48.83,81.6365853658537,,295718.0
ITA,Italy,Europe & Central Asia,2010,31928.5543621096,59819407,51.6621118138339,1.49431312454622,0.107793453561972,53.68,82.0365853658537,,295718.0
ITA,Italy,Europe & Central Asia,2011,32039.5032494316,60026841,54.4722149449288,1.46829220552997,0.156005817179348,54.3899983018814,82.1878048780488,,295718.0
ITA,Italy,Europe & Central Asia,2012,30953.4147447427,60191247,54.8844952702204,1.41946238544527,0.169645844218462,55.829997993283,82.2390243902439,,295718.0
ITA,Italy,Europe & Central Asia,2013,30330.0221599668,60311613,54.0341846317499,1.39167747666985,0.155477399468545,58.4593,82.690243902439,,295718.0
ITA,Italy,Europe & Central Asia,2014,30325.0287793923,60320707,54.4545299332032,1.27633070266495,0.138451592682719,55.6384602242293,83.090243902439,,295718.0
ITA,Italy,Europe & Central Asia,2015,30639.8829751432,60229605,55.4356858148221,1.20247316488401,0.0819093188563771,58.1417349568747,82.5439024390244,,295718.0
ITA,Italy,Europe & Central Asia,2016,31077.6792675211,60115223,54.4321467018313,1.32773387933426,0.0473051811205066,61.3242527666303,83.2439024390244,,295718.0
ITA,Italy,Europe & Central Asia,2017,31635.52277108,60002252,57.5829940274911,1.35122350161336,0.0639986448910056,63.0773469984291,82.9463414634147,,295718.0
ITA,Italy,Europe & Central Asia,2018,31963.6417148824,59877221,59.2749835128154,1.35443317948295,0.0992013245530201,74.3871829234822,83.3463414634146,,295718.0
ITA,Italy,Europe & Central Asia,2019,32180.4341017428,59729081,58.6941902594738,1.30611671363832,0.0824926231070219,67.8507102874836,83.4975609756098,,295717.0
ITA,Italy,Europe & Central Asia,2020,29469.7989238626,59438851,53.9394839042764,1.72984958969454,0.0559705463881882,70.48342785,82.1951219512195,,295717.0
ITA,Italy,Europe & Central Asia,2021,32267.7091050201,59133173,60.3019776202798,1.66286387777873,0.112009125283042,74.8623274,82.6463414634146,,295717.0
JAM,Jamaica,Latin America & Caribbean ,1995,5514.51252836665,2500151,,0.538709243142773,2.47731483689119,0.109,71.488,1.84490592906684,10830.0
JAM,Jamaica,Latin America & Caribbean ,1996,5455.19334658148,2524463,,0.567656626792595,2.79642441236809,0.591,71.328,0.870530466534775,10830.0
JAM,Jamaica,Latin America & Caribbean ,1997,5343.48049225757,2547848,,0.655054826817414,2.13122112617508,0.798,71.216,0.940782750831626,10830.0
JAM,Jamaica,Latin America & Caribbean ,1998,5174.28295609468,2569736,,0.544947828971664,1.84788667254486,1.98,71.17,0.272456786893083,10830.0
JAM,Jamaica,Latin America & Caribbean ,1999,5187.99579646328,2589795,,0.511051526418673,1.46015515717618,2.36,71.189,-0.201391216626886,10830.0
JAM,Jamaica,Latin America & Caribbean ,2000,5197.39692210665,2607826,,0.486319761296974,1.49212985894039,3.11577802729967,71.281,0.163276749543508,10830.0
JAM,Jamaica,Latin America & Caribbean ,2001,5234.02744397806,2624403,,0.504358949501446,1.52237979807368,3.8630203874764,71.287,0.672610334005369,10830.0
JAM,Jamaica,Latin America & Caribbean ,2002,5305.87658697244,2640572,,0.585431033566746,1.22819587304474,6.1,71.478,0.31304487695511,10830.0
JAM,Jamaica,Latin America & Caribbean ,2003,5467.17406988236,2656623,,0.581596297588658,1.24749541822483,7.8,71.585,0.119039483959586,10830.0
JAM,Jamaica,Latin America & Caribbean ,2004,5507.20135110043,2672225,,0.53596996755953,1.88693412740829,10.0,71.542,0.904393341746839,10830.0
JAM,Jamaica,Latin America & Caribbean ,2005,5525.73577833713,2687066,,0.527663694618897,2.23829379024811,12.80000019,71.493,0.414004160454038,10830.0
JAM,Jamaica,Latin America & Caribbean ,2006,5656.66803579988,2700968,,0.608922318763779,3.34935566603225,16.39999962,71.395,0.359713923822608,10830.0
JAM,Jamaica,Latin America & Caribbean ,2007,5710.53878446758,2713800,,0.65245791026588,3.50487798321465,21.10000038,71.405,0.260833632248937,10830.0
JAM,Jamaica,Latin America & Caribbean ,2008,5639.58974873397,2725635,,0.953354273523125,3.01994685420205,23.6,71.502,0.683448119390598,10830.0
JAM,Jamaica,Latin America & Caribbean ,2009,5372.14234169511,2736995,,0.947227444976472,1.93833915588278,24.3,71.717,1.32969142369479,10830.0
JAM,Jamaica,Latin America & Caribbean ,2010,5271.57221477938,2748568,,0.874179484221201,1.66861545913939,27.67,71.979,1.11858211212153,10830.0
JAM,Jamaica,Latin America & Caribbean ,2011,5339.62170188798,2760494,,0.925165752936644,2.25616145768344,37.438613414848,72.245,0.294638769097247,10830.0
JAM,Jamaica,Latin America & Caribbean ,2012,5284.00852557589,2772430,,0.929536056664277,1.83117834623622,33.79,72.405,0.192078778447544,10830.0
JAM,Jamaica,Latin America & Caribbean ,2013,5289.88438546111,2783687,,0.898967963739861,1.78135528369404,37.1,72.435,0.513924143451507,10830.0
JAM,Jamaica,Latin America & Caribbean ,2014,5307.19165380801,2793749,,0.872784216786518,1.78235182739347,40.4027351046672,72.357,0.705795878318829,10830.0
JAM,Jamaica,Latin America & Caribbean ,2015,5339.30718256806,2802534,,0.872353476007681,1.26600183802715,42.2212211907441,72.214,0.406734512685123,10830.0
JAM,Jamaica,Latin America & Caribbean ,2016,5472.28314023034,2809915,,0.954831298098327,1.28914557442918,44.3668563671334,72.052,0.187684546185974,10830.0
JAM,Jamaica,Latin America & Caribbean ,2017,5586.1365723133,2815764,,0.973433068165328,1.52838623760003,55.0720670507751,71.879,0.400630455851055,10830.0
JAM,Jamaica,Latin America & Caribbean ,2018,5717.87621107532,2820097,,1.33284679598136,1.72957545790371,68.2145170876072,71.606,0.616911402599475,10830.0
JAM,Jamaica,Latin America & Caribbean ,2019,5814.79275311692,2823271,,1.68152578167608,0.364234398807819,70.8410169743356,71.532,0.759329398865791,10830.0
JAM,Jamaica,Latin America & Caribbean ,2020,5317.84145033966,2830739,,1.70647069948671,0.32243252555047,76.38400269,71.452,0.466450960225852,10830.0
JAM,Jamaica,Latin America & Caribbean ,2021,5607.45378253877,2837682,,1.46676867767402,0.457652062306756,82.36071561,69.085,0.385668898688865,10830.0
JOR,Jordan,"Middle East, North Africa, Afghanistan & Pakistan",1995,3606.71295243238,4752096,124.582688188008,4.45424850464514,0.162141365161121,0.0232,70.915,8.38073846499829,88240.0
JOR,Jordan,"Middle East, North Africa, Afghanistan & Pakistan",1996,3561.74921330419,4912516,131.059123299943,6.02691751674709,0.168204730106275,0.0449,71.105,7.68240258037133,88240.0
JOR,Jordan,"Middle East, North Africa, Afghanistan & Pakistan",1997,3582.04875443504,5046285,120.737112880307,6.13150620936661,0.171269414531608,0.599,71.324,6.7577727551641,88240.0
JOR,Jordan,"Middle East, North Africa, Afghanistan & Pakistan",1998,3605.63447052895,5164284,109.052402937716,6.27462165100982,0.171082220315789,1.31,71.521,5.324038734479,88240.0
JOR,Jordan,"Middle East, North Africa, Afghanistan & Pakistan",1999,3648.60665235433,5276444,104.470373639306,6.28223322141843,0.133271801510985,2.53,71.737,5.44303756758123,88240.0
JOR,Jordan,"Middle East, North Africa, Afghanistan & Pakistan",2000,3725.49544709257,5386945,110.328904595996,6.25655642564826,0.154211840900311,2.62327542156362,71.926,6.47313595199905,88240.0
JOR,Jordan,"Middle East, North Africa, Afghanistan & Pakistan",2001,3841.98511846743,5498894,109.285478573786,5.89307853514787,0.158418274554894,4.70571958094159,72.141,4.92817565071732,88240.0
JOR,Jordan,"Middle East, North Africa, Afghanistan & Pakistan",2002,3979.40388653953,5616066,114.03885781572,5.44601446661176,0.123626823797328,6.02553241191204,72.359,5.83035409302976,88240.0
JOR,Jordan,"Middle East, North Africa, Afghanistan & Pakistan",2003,4054.22612609768,5741828,115.706835253918,6.00105948173936,0.134054666661212,8.46600501623938,72.585,12.7956201092504,88240.0
JOR,Jordan,"Middle East, North Africa, Afghanistan & Pakistan",2004,4296.62367370886,5882061,134.621611934395,5.14172128874042,0.127634442261952,11.6587413706379,72.788,5.17422625730433,88240.0
JOR,Jordan,"Middle East, North Africa, Afghanistan & Pakistan",2005,4532.96248258538,6029587,146.908891279018,4.79532278988433,0.122013748794983,12.93290043,72.977,5.49160500938863,88240.0
JOR,Jordan,"Middle East, North Africa, Afghanistan & Pakistan",2006,4596.56909353547,6427371,141.747381831126,4.65932400854871,0.465565080137658,13.86709976,73.225,3.69779343474704,88240.0
JOR,Jordan,"Middle East, North Africa, Afghanistan & Pakistan",2007,4681.17006766931,6827227,145.994246288526,5.85128256624216,0.765508276851273,20.0,73.407,3.57061877144006,88240.0
JOR,Jordan,"Middle East, North Africa, Afghanistan & Pakistan",2008,4902.38348073849,6989866,,5.99497156149729,5.65269978809189,23.0,73.563,2.81658298391387,88240.0
JOR,Jordan,"Middle East, North Africa, Afghanistan & Pakistan",2009,5043.62638729303,7141753,,6.39138388037152,3.86553108888157,26.0,73.707,2.65974313815171,88780.0
JOR,Jordan,"Middle East, North Africa, Afghanistan & Pakistan",2010,5066.49720027725,7297043,,5.74149982771799,1.66596420639584,27.2,73.797,2.93939668476487,88780.0
JOR,Jordan,"Middle East, North Africa, Afghanistan & Pakistan",2011,5085.98005025386,7480424,,5.40164163067694,3.31767245058233,34.9,73.929,3.00871822938904,88780.0
JOR,Jordan,"Middle East, North Africa, Afghanistan & Pakistan",2012,5135.0327939589,7587127,,4.65572090662121,2.90847924194887,37.0,74.087,3.35836865436734,88780.0
JOR,Jordan,"Middle East, North Africa, Afghanistan & Pakistan",2013,5007.76162067161,7991809,,4.19373981956594,1.27909933438596,41.4,74.282,3.73076400278571,88780.0
JOR,Jordan,"Middle East, North Africa, Afghanistan & Pakistan",2014,4703.39944986815,8791710,,4.20345261907888,1.19542288638141,46.2,74.606,6.72300417143875,88780.0
JOR,Jordan,"Middle East, North Africa, Afghanistan & Pakistan",2015,4441.61896013754,9544729,,4.1851629472753,1.39974257822882,54.22000122,75.06,5.10248441565133,88780.0
JOR,Jordan,"Middle East, North Africa, Afghanistan & Pakistan",2016,4326.17261571505,10006367,,4.43550630070496,1.12573697471708,56.15000153,75.55,6.28813144427536,88780.0
JOR,Jordan,"Middle East, North Africa, Afghanistan & Pakistan",2017,4335.92512689541,10234226,,4.6843537414966,0.869000683008148,64.5,76.071,6.57344069938838,88780.0
JOR,Jordan,"Middle East, North Africa, Afghanistan & Pakistan",2018,4320.029787425,10462306,,4.56009087117148,0.719072817629181,65.2,76.491,5.34778852215567,88780.0
JOR,Jordan,"Middle East, North Africa, Afghanistan & Pakistan",2019,4313.80791426608,10671891,,4.56623750321627,0.0428576620025569,70.08470154,76.865,5.53200864655603,88794.0
JOR,Jordan,"Middle East, North Africa, Afghanistan & Pakistan",2020,4188.21240095719,10865228,,4.70457117239125,0.0516759121146319,78.4178009,75.583,6.51781447174815,88794.0
JOR,Jordan,"Middle East, North Africa, Afghanistan & Pakistan",2021,4266.3790298994,11066356,,4.70182146525246,0.0776640966166585,85.999997,74.204,6.80690631635951,88794.0
JPN,Japan,East Asia & Pacific,1995,30504.5332529005,125472000,16.1166693561401,0.90093030549817,0.0169915857297969,1.59,79.5360975609756,,364600.0
JPN,Japan,East Asia & Pacific,1996,31371.432405964,125757000,17.8974380473791,0.894648972187736,0.0191130017731665,4.37,80.219756097561,,364500.0
JPN,Japan,East Asia & Pacific,1997,31723.3382538425,126057000,19.4062642232127,0.904515219581402,0.0176707614143191,9.16,80.4241463414634,,364500.0
JPN,Japan,East Asia & Pacific,1998,31076.4386626557,126400000,18.7651112452697,0.923513329235146,0.0149910656134602,13.4,80.5014634146342,,364500.0
JPN,Japan,East Asia & Pacific,1999,30911.9243180534,126631000,17.9207503513808,0.930179880124356,0.0124886647509315,21.4,80.4609756097561,,364500.0
JPN,Japan,East Asia & Pacific,2000,31779.3788459032,126843000,19.2751936529389,0.91598559605623,0.0139786461492189,29.9907403589142,81.0760975609756,,364500.0
JPN,Japan,East Asia & Pacific,2001,31793.1269485489,127149000,19.2772303804527,0.931672835040444,0.0129922667065723,38.5320608612719,81.4163414634146,,364500.0
JPN,Japan,East Asia & Pacific,2002,31746.2430105713,127445000,20.1432481553025,0.940357532610132,0.0132276622127481,46.5942011179917,81.6907317073171,,364500.0
JPN,Japan,East Asia & Pacific,2003,32115.5810785373,127718000,21.0750119103347,0.940046602477998,0.0142573617958399,48.4352658899653,81.76,,364500.0
JPN,Japan,East Asia & Pacific,2004,32783.1292835489,127761000,23.4324185456932,0.92660402297468,0.0134382291172672,62.3939296327259,82.030243902439,,364500.0
JPN,Japan,East Asia & Pacific,2005,33385.9179590327,127773000,25.9909279228382,0.916916827733627,0.0169460112921917,66.9210661042901,81.9551219512195,,364500.0
JPN,Japan,East Asia & Pacific,2006,33880.6890093456,127854000,29.714872929485,0.9029884189667,0.0193075194044011,68.6852703213795,82.3219512195122,,364500.0
JPN,Japan,East Asia & Pacific,2007,34426.6937124867,128001000,32.4957200262739,0.88498737572599,0.0226743046632534,74.3,82.5070731707317,,364500.0
JPN,Japan,East Asia & Pacific,2008,34008.5915147362,128063000,33.7738026089171,0.907855045566342,0.0239724825485097,75.4,82.5875609756098,,364500.0
JPN,Japan,East Asia & Pacific,2009,31993.8588053706,128047000,24.1730393019729,0.972969565505525,0.0194489662554289,78.0,82.9314634146342,,364500.0
JPN,Japan,East Asia & Pacific,2010,33311.2872381879,128070000,28.2400150860666,0.94903257605427,0.0200968819164694,78.21,82.8426829268293,,364500.0
JPN,Japan,East Asia & Pacific,2011,33306.1802259719,127833000,29.9713853558472,0.974823565427991,0.0216769702777793,79.0541135244739,82.5912195121951,,364500.0
JPN,Japan,East Asia & Pacific,2012,33909.4911855243,127629000,30.174299547803,0.956761841659896,0.0200901706635674,79.4964,83.0960975609756,,364500.0
JPN,Japan,East Asia & Pacific,2013,34636.6924746166,127445000,33.5913694460807,0.940538501428935,0.0232126866090988,88.219428911,83.3319512195122,,364500.0
JPN,Japan,East Asia & Pacific,2014,34996.8796756631,127276000,36.7643250218282,0.957800914762225,0.0280708839630582,89.1068330166075,83.5878048780488,,364500.0
JPN,Japan,East Asia & Pacific,2015,35664.6446110613,127141000,34.7276305886293,0.947283532698529,0.0289687122696025,91.0580283929962,83.7939024390244,,364500.0
JPN,Japan,East Asia & Pacific,2016,35934.4467886662,127076000,30.6562793068554,0.929516775505971,0.0251768652546394,93.1827212821617,83.9848780487805,,364500.0
JPN,Japan,East Asia & Pacific,2017,36547.7357437305,126972000,33.6888336792782,0.913229479099801,0.0384458694582766,91.7265472366635,84.099756097561,,364500.0
JPN,Japan,East Asia & Pacific,2018,36899.3847079435,126811000,35.8035749582494,0.962497363778907,0.0367554022408906,88.7463508901772,84.2109756097561,,364500.0
JPN,Japan,East Asia & Pacific,2019,36837.2583653113,126633000,34.3582972799989,0.992231472747577,0.0932286615908601,92.7303978145525,84.3563414634146,,364500.0
JPN,Japan,East Asia & Pacific,2020,35363.2996951789,126261000,30.5192226892273,1.01676127140466,0.0969972012044505,90.21945812,84.56,,364500.0
JPN,Japan,East Asia & Pacific,2021,36792.556429474,125681593,35.4253927340539,1.06384050244526,0.0473044627668744,82.91407928,84.4456097560976,,364500.0
KAZ,Kazakhstan,Europe & Central Asia,1995,3498.51454364229,16730536,82.522407044045,1.03242166274226,8.00915843020148,0.0113,63.717,0.290907977457572,2699700.0
KAZ,Kazakhstan,Europe & Central Asia,1996,3583.36908423331,16416027,71.2735732877076,1.20199445983379,10.3991875099853,0.0318,63.455,0.569083005116058,2699700.0
KAZ,Kazakhstan,Europe & Central Asia,1997,3728.96386519689,16043251,72.3595506961877,1.11293900645579,8.7953814576426,0.0646,63.318,0.568352099293848,2699700.0
KAZ,Kazakhstan,Europe & Central Asia,1998,3750.56494562659,15647785,65.2041827454395,1.14973828325921,3.40142076798264,0.131,63.349,0.963992459320557,2699700.0
KAZ,Kazakhstan,Europe & Central Asia,1999,3899.65723139778,15455874,82.579151355772,0.819607059409027,11.688309587382,0.464,63.528,1.03136704094902,2699700.0
KAZ,Kazakhstan,Europe & Central Asia,2000,4269.33016782791,15501103,105.699692634521,0.784645080413813,27.3190672987164,0.668594402621264,63.793,1.07759630451675,2699700.0
KAZ,Kazakhstan,Europe & Central Asia,2001,4822.52862802669,15575550,92.8490685069707,0.99981747947367,20.9616871018262,1.00612421099739,64.108,0.710388602031954,2699700.0
KAZ,Kazakhstan,Europe & Central Asia,2002,5267.6990320263,15656677,94.03168564978,0.998337701524197,23.0852806844263,1.67477099516366,64.441,0.800335278488067,2699700.0
KAZ,Kazakhstan,Europe & Central Asia,2003,5724.43199248054,15747380,91.4633324250457,1.02992745863145,22.8777662165405,2.00041475265872,64.753,0.990651274376084,2699700.0
KAZ,Kazakhstan,Europe & Central Asia,2004,6233.29439373307,15850159,96.4091997009336,0.988239740954479,28.2540580317544,2.6503946570164,65.04,0.673764411844739,2699700.0
KAZ,Kazakhstan,Europe & Central Asia,2005,6787.4115548789,15968117,97.7625030243024,1.03632123942771,30.2817584470403,2.961699963,65.356,0.436706106515788,2699700.0
KAZ,Kazakhstan,Europe & Central Asia,2006,7450.39687062615,16103716,91.4535267973373,0.97899879573514,28.7904563121509,3.268399954,65.722,0.24942988210076,2699700.0
KAZ,Kazakhstan,Europe & Central Asia,2007,8036.87599811505,16257214,92.1616330969975,1.29687682152726,26.4915311907324,4.02,66.18,0.284261334664761,2699700.0
KAZ,Kazakhstan,Europe & Central Asia,2008,8216.52181589585,16426525,94.2948046483658,1.15466850608291,33.2480252476327,11.0,66.759,0.296039253892666,2699700.0
KAZ,Kazakhstan,Europe & Central Asia,2009,8218.39912556048,16619846,75.7660674636533,1.10303324145897,21.5858584721869,18.2,67.46,0.286594399206516,2699700.0
KAZ,Kazakhstan,Europe & Central Asia,2010,8704.70655484556,16836810,74.1382658957842,1.01441556484772,21.7441441579602,31.6,68.257,0.154128633546906,2699700.0
KAZ,Kazakhstan,Europe & Central Asia,2011,9223.3021336315,17066002,73.1178570509129,0.93651358475802,25.7688205419371,50.6,69.108,0.121926113431953,2699700.0
KAZ,Kazakhstan,Europe & Central Asia,2012,9531.91477617058,17306106,73.7237324891671,1.04690637071706,21.9826967680593,61.9066274652008,69.939,0.0733020031487019,2699700.0
KAZ,Kazakhstan,Europe & Central Asia,2013,9959.72586930534,17556502,65.4076093299538,1.07808460394627,18.2187488150502,63.30422443,70.719,0.0429132193839245,2699700.0
KAZ,Kazakhstan,Europe & Central Asia,2014,10226.7100539683,17816285,64.9720346513507,1.0416921334727,17.2500802611251,66.0,71.415,0.0466976843998416,2699700.0
KAZ,Kazakhstan,Europe & Central Asia,2015,10196.1226255982,18084169,53.0497288072652,1.1097215472116,9.32876500546085,70.82993359566,72.024,0.0472883297918799,2699700.0
KAZ,Kazakhstan,Europe & Central Asia,2016,10151.423313302,18363600,60.3115965864153,0.933551765285713,11.0336820575133,74.5877264735738,72.549,0.0507015506225212,2699700.0
KAZ,Kazakhstan,Europe & Central Asia,2017,10404.2718646317,18651931,56.825387935971,0.831894968007788,14.897596398127,76.4267482325439,72.996,0.0400135721422297,2699700.0
KAZ,Kazakhstan,Europe & Central Asia,2018,10670.2120148279,18932727,63.5279565118188,0.835625758457601,20.7829646926253,78.9039190578816,73.369,0.0508232311225205,2699700.0
KAZ,Kazakhstan,Europe & Central Asia,2019,10989.6840718388,19209555,64.8586165517565,1.02091636689134,17.9259738525419,81.8776204746284,73.658,0.0343645859254356,2699700.0
KAZ,Kazakhstan,Europe & Central Asia,2020,10565.0359816235,19482117,57.0264423660931,0.907188676192723,12.8406951964892,85.94259898,71.195,0.0481665379510736,2699700.0
KAZ,Kazakhstan,Europe & Central Asia,2021,10873.3915275276,19743603,58.6686085779207,0.819281683646492,26.8423173327291,90.9239507,70.131,0.0338435161019289,2699700.0
KEN,Kenya,Sub-Saharan Africa ,1995,1237.88250467675,26601751,71.7457416403035,1.64671623136492,7.28624749698591,0.000727,55.856,8.40105595391842,569140.0
KEN,Kenya,Sub-Saharan Africa ,1996,1254.21025248674,27344211,57.3121107038102,1.4179547033567,5.49076257603273,0.00884,55.575,5.0445159243037,569140.0
KEN,Kenya,Sub-Saharan Africa ,1997,1226.19542113337,28101768,54.0571168602893,1.34063859838611,4.73298218305284,0.0344,55.478,3.46621800762949,569140.0
KEN,Kenya,Sub-Saharan Africa ,1998,1232.06658106635,28888057,48.8972419400753,1.22012251882916,4.53439348314472,0.0503,55.568,2.97378688678871,569140.0
KEN,Kenya,Sub-Saharan Africa ,1999,1224.63404639886,29733408,48.1922749889095,1.18697414805458,3.26870720401928,0.114,55.866,2.44633264501699,569140.0
KEN,Kenya,Sub-Saharan Africa ,2000,1195.41296851656,30642890,53.3090443862273,1.31374203224597,3.31396754858766,0.318059713612037,56.084,4.08669241685671,569140.0
KEN,Kenya,Sub-Saharan Africa ,2001,1202.29348759987,31619170,55.9468360286644,1.50475490196078,3.14162066789234,0.619782266151425,56.501,3.67963236700844,569140.0
KEN,Kenya,Sub-Saharan Africa ,2002,1171.4262517349,32629808,55.1726722640053,1.63240781121287,3.73954391156623,1.20777388492125,56.759,2.98028481089348,569140.0
KEN,Kenya,Sub-Saharan Africa ,2003,1169.14433674051,33652223,54.132265895729,1.65009984272562,5.08542139634021,2.94190286101524,57.369,3.54783141258978,569140.0
KEN,Kenya,Sub-Saharan Africa ,2004,1191.25443604556,34713455,59.4770033484289,1.61419423692636,4.12367812938474,3.0235280420962,57.947,4.11147397402981,569140.0
KEN,Kenya,Sub-Saharan Africa ,2005,1223.44738472019,35796484,64.4788661639796,1.69058701379422,4.07693603995981,3.101900101,58.51,4.03898539456298,569140.0
KEN,Kenya,Sub-Saharan Africa ,2006,1263.54164666211,36904008,55.2364851257303,1.45517741016444,2.95041850869952,3.599999905,59.059,3.65612352053179,569140.0
KEN,Kenya,Sub-Saharan Africa ,2007,1309.91092948216,38036349,53.8947888046059,1.54791227998168,3.63389849443088,4.400000095,59.407,4.17853561645997,569140.0
KEN,Kenya,Sub-Saharan Africa ,2008,1273.77226103073,39206351,57.5785986473131,1.61585029427424,3.63886873395414,5.199999809,59.955,3.8016391009156,569140.0
KEN,Kenya,Sub-Saharan Africa ,2009,1276.73503486074,40408891,45.9451918127805,1.36507571681354,3.24572373518734,6.1,60.483,4.82052011792212,569140.0
KEN,Kenya,Sub-Saharan Africa ,2010,1340.16467408856,41598567,50.3942873502834,1.3699852575929,2.67307931109746,7.2,60.915,3.7379602418569,569140.0
KEN,Kenya,Sub-Saharan Africa ,2011,1370.58000874482,42758461,58.4022059745625,1.37974304585955,2.9431872828815,8.800000191,61.283,5.90730352065504,569140.0
KEN,Kenya,Sub-Saharan Africa ,2012,1396.30178709756,43888303,51.6236920232481,1.48957729008126,2.90888320855534,10.5,61.537,5.28750697266849,569140.0
KEN,Kenya,Sub-Saharan Africa ,2013,1413.94142522583,44986791,47.4646425127304,1.39539650803677,2.66940200706872,13.0,61.729,6.06795710845407,569140.0
KEN,Kenya,Sub-Saharan Africa ,2014,1450.59338202277,46051440,46.170489362216,1.19943336712808,2.64310943602707,16.5,61.99,4.39259978937947,569140.0
KEN,Kenya,Sub-Saharan Africa ,2015,1489.11959777284,47088526,40.3273846919019,1.20316940776845,2.70967011611946,16.5878548475992,62.279,3.89833576688931,571096.05
KEN,Kenya,Sub-Saharan Africa ,2016,1517.97796057742,48139687,34.8650195731824,1.24730980077159,2.65839831359762,16.6,62.526,2.96509841983156,573052.1
KEN,Kenya,Sub-Saharan Africa ,2017,1542.33773973372,49197766,35.9950578754074,1.23759400127025,2.31435620783369,17.82710075,62.725,3.08196058759201,575008.15
KEN,Kenya,Sub-Saharan Africa ,2018,1596.69045914945,50207107,34.4147531767425,1.20738536752593,1.36132463517161,19.5,62.825,2.74303239010294,576964.2
KEN,Kenya,Sub-Saharan Africa ,2019,1645.70961777862,51202827,31.759461841481,1.1125711791299,1.22718421158535,22.6687733618171,62.939,3.21252306710486,578920.25
KEN,Kenya,Sub-Saharan Africa ,2020,1609.33414078281,52217334,30.3991387830411,1.10843419595019,1.26881196888613,24.7227993,61.596,3.99132572231146,580876.3
KEN,Kenya,Sub-Saharan Africa ,2021,1698.89578271444,53219166,35.0020477795269,1.07720025210221,1.22792857770901,26.96290016,61.225,2.93844138251803,580876.3
KGZ,Kyrgyz Republic,Europe & Central Asia,1995,587.298180667228,4560454,71.8242686635574,3.45861592681371,0.656132793580413,,65.790243902439,15.0871731974758,191800.0
KGZ,Kyrgyz Republic,Europe & Central Asia,1996,619.667768615001,4628438,87.2957738051993,2.9882731534704,0.768717273701564,,66.5439024390244,11.4211696192373,191800.0
KGZ,Kyrgyz Republic,Europe & Central Asia,1997,671.25000816306,4696421,84.4771343003418,3.11226727759184,2.03786738347308,,66.8926829268293,11.0186084445666,191800.0
KGZ,Kyrgyz Republic,Europe & Central Asia,1998,675.058248147575,4769015,94.5092945286033,2.66756189038483,1.41040146698635,0.0728,67.0512195121951,12.5230108186165,191800.0
KGZ,Kyrgyz Republic,Europe & Central Asia,1999,689.414278205464,4840422,99.1994912194321,2.68520638437551,3.38528845392169,0.205,68.6560975609756,17.3238589224711,191800.0
KGZ,Kyrgyz Republic,Europe & Central Asia,2000,718.342832397662,4898362,89.4309316270309,2.87889604776163,4.14777033640901,1.04140114469361,68.5585365853659,15.0152778714451,191800.0
KGZ,Kyrgyz Republic,Europe & Central Asia,2001,749.423779561565,4945073,73.7469123687968,2.34503697046559,3.53276931251188,3.00294132719239,68.7073170731707,8.82805076998452,191800.0
KGZ,Kyrgyz Republic,Europe & Central Asia,2002,742.44300111832,4990704,82.9207290212667,2.7266980460491,3.3096165778063,2.99926518003089,68.1560975609756,10.2413907458208,191800.0
KGZ,Kyrgyz Republic,Europe & Central Asia,2003,786.350474964134,5043308,83.9327828079655,2.86586980182387,3.40243817488708,3.90876626828521,68.2560975609756,9.38595825416129,191800.0
KGZ,Kyrgyz Republic,Europe & Central Asia,2004,831.482103944381,5104713,93.8157321567302,2.84851136977412,3.41530119102061,5.09038530732863,68.1536585365854,9.79946638779272,191800.0
KGZ,Kyrgyz Republic,Europe & Central Asia,2005,820.709519437592,5162640,95.0840046303638,3.07769239002886,3.09969897922061,10.53380013,67.9560975609756,10.0274851284232,191800.0
KGZ,Kyrgyz Republic,Europe & Central Asia,2006,837.138026647346,5218373,120.749981766273,3.16889818198754,1.82532082628667,12.30690002,67.6951219512195,9.7111499009763,191800.0
KGZ,Kyrgyz Republic,Europe & Central Asia,2007,900.02796489729,5268385,137.058387838563,3.05750079106286,1.07230696930492,14.03,67.8951219512195,6.78355235257195,191800.0
KGZ,Kyrgyz Republic,Europe & Central Asia,2008,966.409971184817,5318729,146.106082230139,2.90487239077854,4.30159610201564,15.69999981,68.4512195121951,6.41119948457558,191800.0
KGZ,Kyrgyz Republic,Europe & Central Asia,2009,981.220904665529,5389643,133.379153167955,3.17610058298534,4.45679827426077,16.0,69.1024390243903,6.19731374378293,191800.0
KGZ,Kyrgyz Republic,Europe & Central Asia,2010,962.764789828724,5467059,133.232850492333,3.8461743536872,9.80889830136341,16.29999924,69.3,7.28828104140899,191800.0
KGZ,Kyrgyz Republic,Europe & Central Asia,2011,1005.4831781815,5546587,136.179840420492,3.39883593465625,10.2034319238732,17.5,69.6024390243903,7.90528804748069,191800.0
KGZ,Kyrgyz Republic,Europe & Central Asia,2012,985.8472865972,5652076,139.675937840309,3.20725902845126,3.5809218517523,19.79999924,70.0024390243902,7.31047898751843,191800.0
KGZ,Kyrgyz Republic,Europe & Central Asia,2013,1069.78404438716,5777150,134.026785643922,3.19620405364784,5.71912349278664,23.0,70.2024390243902,7.80451848531129,191800.0
KGZ,Kyrgyz Republic,Europe & Central Asia,2014,1088.58214229508,5905848,125.126181075833,3.37589282594698,4.07203515798825,28.29999924,70.4024390243902,8.75186568238646,191800.0
KGZ,Kyrgyz Republic,Europe & Central Asia,2015,1105.65193844261,6040036,110.961570714633,3.45165293268545,4.25309870186703,30.24699974,70.6512195121951,12.0718184447938,191800.0
KGZ,Kyrgyz Republic,Europe & Central Asia,2016,1128.3161612818,6175338,105.823574017406,3.34401777586688,5.61349048423669,40.52619934,70.9512195121951,8.04742793332613,191800.0
KGZ,Kyrgyz Republic,Europe & Central Asia,2017,1157.18275758067,6306696,100.617445813258,3.10489070193562,8.75574116357044,50.80530167,71.2,6.34221759050988,191800.0
KGZ,Kyrgyz Republic,Europe & Central Asia,2018,1175.0712778747,6444079,98.8755599017608,3.02854515463686,4.67048081477686,62.8,71.4,5.47290098332556,191800.0
KGZ,Kyrgyz Republic,Europe & Central Asia,2019,1201.87701429721,6590211,94.4302823542939,2.71068623481534,7.24320231053747,64.1,71.6,5.17341825639639,191800.0
KGZ,Kyrgyz Republic,Europe & Central Asia,2020,1093.32856461422,6726596,78.9922784304738,3.10718371407588,6.52758010092793,72.0,71.8,5.92816486512365,191800.0
KGZ,Kyrgyz Republic,Europe & Central Asia,2021,1132.5546781282,6851224,100.261376861569,2.840273087853,11.5065410174076,77.11769867,71.9,5.25922031816697,191800.0
KHM,Cambodia,East Asia & Pacific,1995,520.926883186145,10018497,77.7667280459137,3.57731057861843,8.32675194752688,,56.562,14.9560553194209,176520.0
KHM,Cambodia,East Asia & Pacific,1996,511.670349597704,10801270,69.161566797509,3.23845458339129,8.26618207665232,,56.832,11.2370747343871,176520.0
KHM,Cambodia,East Asia & Pacific,1997,496.770551310941,11570982,78.9346444583816,3.00336116231161,7.1281537497844,0.00584,57.266,9.53949459880403,176520.0
KHM,Cambodia,East Asia & Pacific,1998,499.016649050833,12058173,75.6194730009492,2.66204789979779,6.55608221507239,0.0163,57.859,10.0564337288473,176520.0
KHM,Cambodia,East Asia & Pacific,1999,552.901492232643,12265731,94.1768880770207,2.51002908172038,3.39355720847191,0.032,58.611,7.34504534195505,176520.0
KHM,Cambodia,East Asia & Pacific,2000,598.561915252147,12462336,110.397125303731,2.18580351927626,2.46904397167855,0.047022640068885,59.491,9.6685219660836,176520.0
KHM,Cambodia,East Asia & Pacific,2001,632.833573980849,12658484,111.771741244001,1.70559956511647,2.53091563396547,0.0769560555527296,60.457,9.16514789419945,176520.0
KHM,Cambodia,East Asia & Pacific,2002,662.188341283454,12855241,118.269562072288,1.44629083177813,2.59547615171282,0.226983237666204,61.395,9.44180151026818,176520.0
KHM,Cambodia,East Asia & Pacific,2003,719.333494240509,13050968,120.074969093599,1.33610258818851,3.41050263145395,0.260570197574002,62.345,9.10004072411659,176520.0
KHM,Cambodia,East Asia & Pacific,2004,775.847139030978,13244731,131.351481056276,1.17651607638203,3.20411639282305,0.300436644360101,63.256,7.17950093750033,176520.0
KHM,Cambodia,East Asia & Pacific,2005,866.340290123209,13439202,133.551965265648,1.00419041063819,1.80881542802358,0.317321781089656,64.113,6.68088895622077,176520.0
KHM,Cambodia,East Asia & Pacific,2006,947.065220050691,13639028,140.348734318483,0.908700457988102,1.80686995063803,0.468400002,64.886,5.93080027738286,176520.0
KHM,Cambodia,East Asia & Pacific,2007,1030.23117620792,13841770,133.700023826819,0.780175183344973,2.24551946036928,0.49,65.549,6.48986852965811,176520.0
KHM,Cambodia,East Asia & Pacific,2008,1090.57475806147,14053479,130.393510678736,0.678731132114834,3.09984061594357,0.51,66.147,5.21386653287823,176520.0
KHM,Cambodia,East Asia & Pacific,2009,1117.25834194514,14276810,102.2879490147,1.09246347000704,2.86278006732138,0.53,66.747,5.29304736985519,176520.0
KHM,Cambodia,East Asia & Pacific,2010,1155.85236856699,14500726,109.998400607758,1.21559876300051,2.69595952988072,1.26,67.311,4.8098437630479,176520.0
KHM,Cambodia,East Asia & Pacific,2011,1221.38839852454,14722584,109.790505166814,1.1985526648033,3.05094914293833,3.099999905,67.869,4.46430274964809,176520.0
KHM,Cambodia,East Asia & Pacific,2012,1295.25271477893,14945085,116.740233418212,1.21900137646164,2.30628839011523,4.94,68.371,4.71028563639439,176520.0
KHM,Cambodia,East Asia & Pacific,2013,1376.29557595926,15170208,124.887552768657,1.22920405585317,1.91421458050803,6.0,68.755,4.25773754247788,176520.0
KHM,Cambodia,East Asia & Pacific,2014,1464.53115866927,15396772,124.454908526693,1.26114158531483,2.54882052672262,14.0,69.117,3.80232245183667,176520.0
KHM,Cambodia,East Asia & Pacific,2015,1547.32010444393,15623251,122.109596815379,1.34520463175237,1.81768657277543,6.43319107021405,69.398,2.92965715934032,176520.0
KHM,Cambodia,East Asia & Pacific,2016,1645.46671578126,15852803,122.704555602667,1.43955694700576,1.84795765204296,32.3984517141849,69.635,2.85581007702151,176520.0
KHM,Cambodia,East Asia & Pacific,2017,1753.93530504662,16073372,121.155451298689,1.56181647470424,1.93735308627642,32.9002785437986,69.842,3.03472986695866,176520.0
KHM,Cambodia,East Asia & Pacific,2018,1884.28374817086,16274522,118.43765541305,1.63716525982655,0.878243793336486,65.0,69.993,2.46194699258322,176520.0
KHM,Cambodia,East Asia & Pacific,2019,2008.32094006706,16481304,115.736679072448,1.62193704891153,0.714485690319546,52.305878224498,70.127,2.76116393974876,176520.0
KHM,Cambodia,East Asia & Pacific,2020,1908.63427518336,16725474,122.105396346568,1.78010501633067,0.939357675669705,56.37590027,70.059,4.07846110586196,176520.0
KHM,Cambodia,East Asia & Pacific,2021,1938.76436741728,16974305,146.179846509715,1.70160776824328,0.835283715830679,60.76269913,69.301,3.8762284164753,176520.0
KIR,Kiribati,East Asia & Pacific,1995,1566.47266832462,81234,101.957881450808,,0.0789158190468108,,63.146,14.0177061503641,810.0
KIR,Kiribati,East Asia & Pacific,1996,1539.33663487683,82623,86.6836326396114,,0.0706208300301358,,63.47,11.9613604145023,810.0
KIR,Kiribati,East Asia & Pacific,1997,1529.24932474439,84147,93.8161911468459,,0.0607941580180495,,63.797,12.6219804242357,810.0
KIR,Kiribati,East Asia & Pacific,1998,1569.02691581722,85657,85.0146347190889,,0.0525232173565218,0.617,64.1,14.0386934324371,810.0
KIR,Kiribati,East Asia & Pacific,1999,1482.19226993632,87126,100.617113467609,,0.0272437902238661,1.21,64.393,17.4615085014111,810.0
KIR,Kiribati,East Asia & Pacific,2000,1555.58204812097,88613,94.1665241313018,,0.0295842847533442,1.78522547397736,64.674,14.4746387137593,810.0
KIR,Kiribati,East Asia & Pacific,2001,1477.95177621217,90335,110.784733057905,,0.0375979466931401,2.33745894837722,64.918,10.0746033181402,810.0
KIR,Kiribati,East Asia & Pacific,2002,1467.99273241655,92264,125.625496108186,,0.0377433021241735,2.5,65.123,16.8597062870241,810.0
KIR,Kiribati,East Asia & Pacific,2003,1415.54577869304,94175,103.928965237073,,0.0450146573139441,3.0,65.287,11.6064372504565,810.0
KIR,Kiribati,East Asia & Pacific,2004,1378.9583696722,96085,101.359702114731,,0.0451763817247018,3.5,65.416,9.63059568123727,810.0
KIR,Kiribati,East Asia & Pacific,2005,1368.99728765793,98035,123.594268587865,,0.0279208944627771,4.0,65.517,16.5665014708357,810.0
KIR,Kiribati,East Asia & Pacific,2006,1419.38723031361,100017,94.0468138646475,,0.0338018104231589,4.5,65.601,16.2895364923567,810.0
KIR,Kiribati,East Asia & Pacific,2007,1433.35747805619,102068,96.159058729974,,0.0433023683626024,6.0,65.677,14.1292307467406,810.0
KIR,Kiribati,East Asia & Pacific,2008,1361.83599775608,104222,95.4419286649569,,0.07098350763928,7.0,65.746,12.7679169412632,810.0
KIR,Kiribati,East Asia & Pacific,2009,1340.27605600221,106467,97.6360608655351,,0.0731494190069756,8.97,65.808,13.200280371277,810.0
KIR,Kiribati,East Asia & Pacific,2010,1328.78776438805,108704,85.6972657116246,,0.0626677431300746,9.07,65.859,9.32136279735412,810.0
KIR,Kiribati,East Asia & Pacific,2011,1348.0602369873,110647,93.4314038207066,,0.0736138842102225,10.0,65.896,24.1630256840976,810.0
KIR,Kiribati,East Asia & Pacific,2012,1405.5029344967,112284,96.1286959983954,,0.0589178981070894,10.74680042,65.908,21.5472743728443,810.0
KIR,Kiribati,East Asia & Pacific,2013,1493.49148676402,113838,96.7814166724492,,0.0557002717308784,11.5,65.898,20.2389024464747,810.0
KIR,Kiribati,East Asia & Pacific,2014,1492.8508200481,115326,104.187967755713,,0.0889050775265575,12.25,65.869,22.4867187249918,810.0
KIR,Kiribati,East Asia & Pacific,2015,1639.85274740652,116815,109.889098401931,,0.0732783582600832,14.89999962,65.831,17.429426113992,810.0
KIR,Kiribati,East Asia & Pacific,2016,1731.43702001694,118478,111.269790749303,,0.0826063804854857,19.41939926,65.799,17.5791482210244,810.0
KIR,Kiribati,East Asia & Pacific,2017,1768.87874841933,120275,100.49175257732,,0.0929519614955758,25.30960083,65.787,19.5765968756965,810.0
KIR,Kiribati,East Asia & Pacific,2018,1802.34850714657,122084,83.2436102236422,,0.0420866204186192,32.9864006,65.807,19.8013090386558,810.0
KIR,Kiribati,East Asia & Pacific,2019,1834.42627824847,123921,98.3565819131955,,0.0427412418710569,41.79299927,65.866,13.7580670553319,810.0
KIR,Kiribati,East Asia & Pacific,2020,1779.62973024917,126099,78.4012076801363,,0.0569939081063946,52.95090103,65.205,15.3746127833396,810.0
KIR,Kiribati,East Asia & Pacific,2021,1895.61362957222,128377,74.450510015529,,0.043500143330191,67.08760071,64.148,16.2806023488334,810.0
KNA,St. Kitts and Nevis,Latin America & Caribbean ,1995,11743.3784162332,42326,,,0.0,,67.23,1.28914574294117,260.0
KNA,St. Kitts and Nevis,Latin America & Caribbean ,1996,12269.7967435843,42877,,,0.0,1.95,67.488,2.14539994811373,260.0
KNA,St. Kitts and Nevis,Latin America & Caribbean ,1997,12940.7852855874,43428,,,0.0,2.26,67.811,2.03638897837904,260.0
KNA,St. Kitts and Nevis,Latin America & Caribbean ,1998,12710.9629751883,43998,,,0.0,3.34,67.891,1.86867313669541,260.0
KNA,St. Kitts and Nevis,Latin America & Caribbean ,1999,12942.857504219,44601,,,0.0,4.4,68.725,1.25823756241352,260.0
KNA,St. Kitts and Nevis,Latin America & Caribbean ,2000,14039.0281125333,45248,,,0.0,5.86281024037522,69.249,1.018377281627,260.0
KNA,St. Kitts and Nevis,Latin America & Caribbean ,2001,14610.9099610508,45761,,,0.0,7.71472655580319,69.767,2.38901560772579,260.0
KNA,St. Kitts and Nevis,Latin America & Caribbean ,2002,14727.3908829316,46020,,,0.0,21.152381758186,70.194,6.34345550164451,260.0
KNA,St. Kitts and Nevis,Latin America & Caribbean ,2003,14100.3067967234,46176,,,0.0,22.9697842928439,70.614,0.021905625797782,260.0
KNA,St. Kitts and Nevis,Latin America & Caribbean ,2004,14619.795111247,46315,,,0.0,24.7376775443732,70.92,-0.0174502741324861,260.0
KNA,St. Kitts and Nevis,Latin America & Caribbean ,2005,16000.5658929826,46437,,,0.0,34.0,71.151,0.509375025482148,260.0
KNA,St. Kitts and Nevis,Latin America & Caribbean ,2006,16457.8622372067,46569,,,0.0,38.5,71.356,0.855287364050876,260.0
KNA,St. Kitts and Nevis,Latin America & Caribbean ,2007,16508.1437081315,46706,,,0.0,43.5,71.437,0.522293557048573,260.0
KNA,St. Kitts and Nevis,Latin America & Caribbean ,2008,18325.7612670282,46835,,,0.0,49.20000076,71.479,6.29744923640175,260.0
KNA,St. Kitts and Nevis,Latin America & Caribbean ,2009,17671.2547069735,46916,,,0.0,55.70000076,71.488,0.433043032461407,260.0
KNA,St. Kitts and Nevis,Latin America & Caribbean ,2010,17688.0690103409,46846,,,0.0,63.0,71.452,1.64235375731288,260.0
KNA,St. Kitts and Nevis,Latin America & Caribbean ,2011,17958.6813977053,46886,,,0.0,63.20000076,71.4,1.95412674405802,260.0
KNA,St. Kitts and Nevis,Latin America & Caribbean ,2012,17770.4963640576,47033,,,0.0,64.0,71.362,2.71463373681729,260.0
KNA,St. Kitts and Nevis,Latin America & Caribbean ,2013,18773.8926898397,47069,,,0.0,64.59999847,71.29,3.49407037993241,260.0
KNA,St. Kitts and Nevis,Latin America & Caribbean ,2014,20187.8061975481,47089,,,0.0,65.38179779,71.228,,260.0
KNA,St. Kitts and Nevis,Latin America & Caribbean ,2015,20328.8003530109,47087,,,0.0,66.17310333,71.211,,260.0
KNA,St. Kitts and Nevis,Latin America & Caribbean ,2016,21133.6575914414,47075,,,0.0,66.97389984,71.227,,260.0
KNA,St. Kitts and Nevis,Latin America & Caribbean ,2017,21191.6047083703,47050,,,0.0,67.78440094,71.284,,260.0
KNA,St. Kitts and Nevis,Latin America & Caribbean ,2018,21635.4972146482,47008,,,0.0,68.60479736,71.336,,260.0
KNA,St. Kitts and Nevis,Latin America & Caribbean ,2019,22297.7644995701,46952,,,0.0,69.43499756,71.54,,260.0
KNA,St. Kitts and Nevis,Latin America & Caribbean ,2020,18918.8263456611,46870,,,0.0,70.27529907,71.181,,260.0
KNA,St. Kitts and Nevis,Latin America & Caribbean ,2021,19031.8211910603,46763,,,0.0,74.37159729,69.271,,260.0
KOR,"Korea, Rep.",East Asia & Pacific,1995,13924.3044000347,45092991,51.3967337856387,2.8923329861881,0.0287998543883498,0.82,73.7,0.0097568191305887,96460.0
KOR,"Korea, Rep.",East Asia & Pacific,1996,14894.3278834104,45524681,51.6134521171463,2.74347966333348,0.0229053691928052,1.62,74.1512195121951,-0.0236703584451095,96460.0
KOR,"Korea, Rep.",East Asia & Pacific,1997,15682.2717905189,45953580,55.894947743273,2.66338780772064,0.0251878601274824,3.6,74.6024390243903,-0.0272374091782687,96460.0
KOR,"Korea, Rep.",East Asia & Pacific,1998,14800.5091573641,46286503,66.3289851108207,2.79444200391705,0.0408051505349135,6.78,75.0048780487805,-0.0128384913917813,96460.0
KOR,"Korea, Rep.",East Asia & Pacific,1999,16402.9168341094,46616677,57.8948578896383,2.49257721979611,0.0289487867656108,23.6,75.409756097561,-0.0107994827687361,96460.0
KOR,"Korea, Rep.",East Asia & Pacific,2000,17763.1353417297,47008111,64.0588155729056,2.30986337128191,0.03672509222672,44.7,75.909756097561,,96460.0
KOR,"Korea, Rep.",East Asia & Pacific,2001,18460.4288193829,47370164,60.4277386641693,2.28023381667517,0.040290625222942,56.6,76.4121951219512,,96740.0
KOR,"Korea, Rep.",East Asia & Pacific,2002,19775.3800655139,47644736,56.6688767960273,2.16944775379075,0.0319098595850261,59.4,76.7658536585366,,96790.0
KOR,"Korea, Rep.",East Asia & Pacific,2003,20278.0406421178,47892330,59.4242945541732,2.17524124529532,0.034591198170788,65.5,77.2146341463415,,96800.0
KOR,"Korea, Rep.",East Asia & Pacific,2004,21244.8136800528,48082519,67.9270638751076,2.16578832442349,0.0311351033627051,72.7,77.6658536585366,,96820.0
KOR,"Korea, Rep.",East Asia & Pacific,2005,22123.7613066851,48184561,66.1695148242697,2.28040178931092,0.0351493873694118,73.5,78.1682926829268,,96850.0
KOR,"Korea, Rep.",East Asia & Pacific,2006,23162.1860111297,48438292,68.3749509402263,2.29892381866626,0.0375360164351106,78.1,78.6682926829268,,96880.0
KOR,"Korea, Rep.",East Asia & Pacific,2007,24391.7651013448,48683638,71.3239614988013,2.27093537515891,0.0436459140169587,78.8,79.119512195122,,96920.0
KOR,"Korea, Rep.",East Asia & Pacific,2008,24934.5396367691,49054708,92.0833544961819,2.38850767922871,0.0753402292393727,81.0,79.5170731707317,,96990.0
KOR,"Korea, Rep.",East Asia & Pacific,2009,25009.9148311999,49307835,83.1246099057162,2.49990153790778,0.0579313041903032,81.6,79.9682926829268,,97060.0
KOR,"Korea, Rep.",East Asia & Pacific,2010,26623.0487122927,49554112,88.0278677123124,2.36122792330691,0.0746400306743559,83.7,80.1170731707317,,97200.0
KOR,"Korea, Rep.",East Asia & Pacific,2011,27393.455357272,49936638,101.68061646213,2.37114288990647,0.0914175988735794,83.7591201534472,80.5682926829269,,97190.0
KOR,"Korea, Rep.",East Asia & Pacific,2012,27944.0564190045,50199853,101.51727207905,2.39205949733254,0.100818097512262,84.07,80.819512195122,,97310.0
KOR,"Korea, Rep.",East Asia & Pacific,2013,28732.711152033,50428893,94.1675235855873,2.39128707318548,0.0723717153476114,84.77,81.2707317073171,,97426.0
KOR,"Korea, Rep.",East Asia & Pacific,2014,29470.6732991655,50746659,86.9342577972039,2.41327231110109,0.0640735784174601,87.5568264944747,81.7219512195122,,97430.0
KOR,"Korea, Rep.",East Asia & Pacific,2015,30171.7906545222,51014947,75.3881774564907,2.3763712275445,0.0367480142308671,89.8962557995106,82.0243902439024,,97445.0
KOR,"Korea, Rep.",East Asia & Pacific,2016,31005.4072876388,51217803,69.8997221316919,2.3357998421426,0.0331101931364819,92.8430256796075,82.2756097560976,,97489.0
KOR,"Korea, Rep.",East Asia & Pacific,2017,31979.9027302467,51361911,73.1921408264016,2.29813107276094,0.0386022741681957,95.0694218761004,82.6268292682927,,97510.0
KOR,"Korea, Rep.",East Asia & Pacific,2018,32852.8887488942,51585058,74.7075162140824,2.36150967895845,0.0471215171527114,96.0228595797887,82.6268292682927,,97520.0
KOR,"Korea, Rep.",East Asia & Pacific,2019,33496.3113815643,51764822,71.4470632403511,2.51931997944066,0.121453005220381,96.157579184239,83.2268292682927,,97600.0
KOR,"Korea, Rep.",East Asia & Pacific,2020,33215.9298928108,51836239,65.544957860621,2.64297706902012,0.113270922936166,96.50506052,83.4268292682927,,97600.0
KOR,"Korea, Rep.",East Asia & Pacific,2021,34792.9397214598,51769539,75.3063047610912,2.61904941244001,0.049812574781783,97.57132698,83.5268292682927,,97600.0
KWT,Kuwait,"Middle East, North Africa, Afghanistan & Pakistan",1995,33156.8473491495,1681513,94.3196243483405,13.5815813052368,37.3308003874904,0.203,75.979756097561,0.0131908995945086,17820.0
KWT,Kuwait,"Middle East, North Africa, Afghanistan & Pakistan",1996,32417.9627954317,1730246,91.4721447434007,10.2926484718519,41.179195330857,0.856,75.9250487804878,,17820.0
KWT,Kuwait,"Middle East, North Africa, Afghanistan & Pakistan",1997,32152.4367426144,1787683,92.4435465476229,8.0864758714549,39.540480496468,2.17,75.9071463414634,,17820.0
KWT,Kuwait,"Middle East, North Africa, Afghanistan & Pakistan",1998,32306.668723862,1844302,94.9598431670145,8.79655979257573,29.2043847044503,3.05,75.9642926829269,,17820.0
KWT,Kuwait,"Middle East, North Africa, Afghanistan & Pakistan",1999,30798.0947114833,1900030,85.3681145511849,7.59022387888794,34.8365735674978,4.76,76.0779512195122,,17820.0
KWT,Kuwait,"Middle East, North Africa, Afghanistan & Pakistan",2000,31341.9780819419,1954709,86.618324503254,7.15014865654555,51.3644113589282,6.73139576837536,76.2258780487805,,17820.0
KWT,Kuwait,"Middle East, North Africa, Afghanistan & Pakistan",2001,30573.4284224199,2008121,86.8504672897196,7.70062608489699,44.0885830746429,8.55179243431475,76.3843414634146,,17820.0
KWT,Kuwait,"Middle East, North Africa, Afghanistan & Pakistan",2002,30702.2162068121,2059974,81.2251941328732,7.39919407029019,38.1288168486834,10.2489679289296,76.5316341463415,,17820.0
KWT,Kuwait,"Middle East, North Africa, Afghanistan & Pakistan",2003,35169.6335737863,2109881,86.5551755074577,6.54392425039453,40.6360885106068,22.4029383804612,76.6445609756098,,17820.0
KWT,Kuwait,"Middle East, North Africa, Afghanistan & Pakistan",2004,37918.5405829238,2157320,89.2976416790834,5.80446088589746,46.8824794495593,22.9271120360078,76.7276829268293,,17820.0
KWT,Kuwait,"Middle East, North Africa, Afghanistan & Pakistan",2005,40451.2551656974,2236788,92.2426800942645,4.34302594160701,54.13842958264,25.92609978,76.8007804878049,,17820.0
KWT,Kuwait,"Middle East, North Africa, Afghanistan & Pakistan",2006,41137.969927672,2364733,89.7130931980522,3.54264578632145,51.7820031567292,28.79120064,76.8876829268293,,17820.0
KWT,Kuwait,"Middle East, North Africa, Afghanistan & Pakistan",2007,41113.8693942735,2507887,91.7325033915889,3.59032675886877,48.7737107555426,34.79999924,77.0101707317073,,17820.0
KWT,Kuwait,"Middle East, North Africa, Afghanistan & Pakistan",2008,39852.5129115699,2651421,92.6834562516721,3.00607272121515,53.4605112170385,42.0,77.1890487804878,,17820.0
KWT,Kuwait,"Middle East, North Africa, Afghanistan & Pakistan",2009,35124.0853941026,2795484,88.8110649851457,3.97180632341079,39.5907640471852,50.79999924,77.4333658536585,,17820.0
KWT,Kuwait,"Middle East, North Africa, Afghanistan & Pakistan",2010,32568.4981754501,2943372,97.0280216600064,3.7561481418781,48.8263605663801,61.40000153,77.7262195121951,,17820.0
KWT,Kuwait,"Middle East, North Africa, Afghanistan & Pakistan",2011,33545.346271839,3132814,99.1164927646913,3.50139726568748,59.0696960166924,65.7690706867398,78.052243902439,,17820.0
KWT,Kuwait,"Middle East, North Africa, Afghanistan & Pakistan",2012,33578.3309651964,3337109,101.011435104032,3.41374157981372,58.1449073185752,70.44999695,78.3950243902439,,17820.0
KWT,Kuwait,"Middle East, North Africa, Afghanistan & Pakistan",2013,32311.1800008536,3507844,97.6054913328151,3.27153182701652,56.3426547447197,75.45999908,78.7418048780488,,17820.0
KWT,Kuwait,"Middle East, North Africa, Afghanistan & Pakistan",2014,31073.1537300624,3665876,100.037189841844,3.58561842128005,53.9714223132032,78.69999695,79.0803414634146,,17820.0
KWT,Kuwait,"Middle East, North Africa, Afghanistan & Pakistan",2015,29882.2126495698,3834574,98.6999884455485,5.0074693972269,37.3135995019662,82.0,79.3765609756098,,17820.0
KWT,Kuwait,"Middle East, North Africa, Afghanistan & Pakistan",2016,29454.4426388829,4004096,96.1576723758617,5.89351944288143,32.3641255908565,85.59999847,79.6775853658537,,17820.0
KWT,Kuwait,"Middle East, North Africa, Afghanistan & Pakistan",2017,27048.3706935958,4154812,97.840046457409,5.60744536433338,36.7579336114171,97.9999893344615,79.9160731707317,,17820.0
KWT,Kuwait,"Middle East, North Africa, Afghanistan & Pakistan",2018,26706.0191660864,4323515,102.785630655,5.19085473728776,45.1522896110691,99.5988495907557,80.1063658536585,,17820.0
KWT,Kuwait,"Middle East, North Africa, Afghanistan & Pakistan",2019,26580.2264741607,4442316,91.6857123895953,5.32311669292361,39.8386703389064,99.5426764518489,81.969756097561,,17820.0
KWT,Kuwait,"Middle East, North Africa, Afghanistan & Pakistan",2020,25541.5378987908,4400267,82.0125101293052,6.47217283542021,29.2848672951013,99.10587017,78.7609756097561,,17820.0
KWT,Kuwait,"Middle East, North Africa, Afghanistan & Pakistan",2021,26203.2617257856,4360865,82.0003751775886,6.35158136559629,,99.7,78.7365853658537,,17820.0
LAO,Lao PDR,East Asia & Pacific,1995,749.234741728538,4929409,60.5544661404946,5.83419558712492,9.05515087040462,,56.344,14.0236264417838,230800.0
LAO,Lao PDR,East Asia & Pacific,1996,782.683156535545,5045678,63.7571736099789,4.1867068435997,8.5244887824244,,56.821,13.3111117890996,230800.0
LAO,Lao PDR,East Asia & Pacific,1997,819.205851313643,5152011,65.1569707659458,3.83900703742237,7.6394712904328,,57.302,14.2694367458782,230800.0
LAO,Lao PDR,East Asia & Pacific,1998,836.088098507116,5248266,84.2695405093512,2.59421725390312,8.58585542696766,0.00966,57.549,17.075788383791,230800.0
LAO,Lao PDR,East Asia & Pacific,1999,881.634129609675,5340784,80.0584561654881,1.0577425788587,5.13413124126985,0.0378,57.866,17.51966268684,230800.0
LAO,Lao PDR,East Asia & Pacific,2000,917.228038617529,5431212,68.8373013678325,0.791543216650207,4.02461466594692,0.111044032290124,58.317,14.0693108243749,230800.0
LAO,Lao PDR,East Asia & Pacific,2001,954.123505414634,5521482,65.8994368798482,0.717115235195965,4.55666788739825,0.181664460654566,58.887,12.0397091454582,230800.0
LAO,Lao PDR,East Asia & Pacific,2002,994.492241963795,5610889,67.2549028523532,0.583934898389787,4.81089612054397,0.267899241309349,59.302,13.8356236525861,230800.0
LAO,Lao PDR,East Asia & Pacific,2003,1038.71192767783,5697945,60.572095882788,0.492156926196989,6.57889990038597,0.333912466428616,59.643,13.2814208286394,230800.0
LAO,Lao PDR,East Asia & Pacific,2004,1088.76034728831,5781626,66.0797516222837,0.433725286362231,6.13767807292974,0.361434490258043,60.08,10.177923976176,230800.0
LAO,Lao PDR,East Asia & Pacific,2005,1148.68153852071,5869523,71.7926462737852,0.392508608502655,6.59795887828897,0.850399971,60.688,9.03779703531836,230800.0
LAO,Lao PDR,East Asia & Pacific,2006,1228.08927619923,5963200,81.9613754162421,0.343162744772127,13.2819832345904,1.16989994,61.074,9.41179516379337,230800.0
LAO,Lao PDR,East Asia & Pacific,2007,1301.08597549864,6056236,79.2126289035269,0.312173796332908,13.221931484425,1.64,61.694,8.4427418997455,230800.0
LAO,Lao PDR,East Asia & Pacific,2008,1381.73754223953,6148969,81.8491820941317,0.273820907156906,13.0184310702118,3.55,62.248,8.81154099448887,230800.0
LAO,Lao PDR,East Asia & Pacific,2009,1463.3379666846,6241642,76.930826218652,0.217194753335539,10.5912220635737,6.0,63.023,6.57945069153252,230800.0
LAO,Lao PDR,East Asia & Pacific,2010,1564.91068311647,6334194,84.7203378916677,0.204567128983702,14.8104375708519,7.0,63.69,5.24013244255726,230800.0
LAO,Lao PDR,East Asia & Pacific,2011,1666.40086189871,6426590,91.6986958680216,0.212126552452257,15.2722808030825,9.0,64.505,4.55973103778296,230800.0
LAO,Lao PDR,East Asia & Pacific,2012,1774.63585203672,6518978,98.1851264313662,0.199455064976167,12.1203041098296,10.74769974,65.126,4.28512216795288,230800.0
LAO,Lao PDR,East Asia & Pacific,2013,1890.27861294875,6611385,98.1791466159604,0.189895181780941,12.5380892460783,12.5,65.723,3.73359381184096,230800.0
LAO,Lao PDR,East Asia & Pacific,2014,2006.31195444447,6703172,99.0597382933399,,8.12984913076319,14.26000023,66.35,3.73750467191173,230800.0
LAO,Lao PDR,East Asia & Pacific,2015,2121.01339097363,6801645,85.798321703681,,5.52476230566431,18.20000076,66.688,3.41743588657793,230800.0
LAO,Lao PDR,East Asia & Pacific,2016,2234.76098741846,6908802,75.0918909204124,,4.35259193269181,21.87000084,67.014,2.6231518954447,230800.0
LAO,Lao PDR,East Asia & Pacific,2017,2351.57441747595,7018147,,,4.97088233452954,25.51040077,67.345,2.97068008653757,230800.0
LAO,Lao PDR,East Asia & Pacific,2018,2459.97874636195,7128045,,,3.8787583779558,36.27130127,67.594,3.39214245499786,230800.0
LAO,Lao PDR,East Asia & Pacific,2019,2554.95638019245,7237636,,,3.10453941803438,47.03229904,67.911,3.52630395334805,230800.0
LAO,Lao PDR,East Asia & Pacific,2020,2529.74622698761,7346533,,,2.81746694955522,54.0,68.339,2.973532746881,230800.0
LAO,Lao PDR,East Asia & Pacific,2021,2556.58912640405,7453194,,,5.38276112647354,62.0,67.807,3.24954006438519,230800.0
LBN,Lebanon,"Middle East, North Africa, Afghanistan & Pakistan",1995,5542.2265103529,3960735,73.1353869918234,6.71192798911137,0.0098985004633091,0.0716,72.383,1.56656454301319,10230.0
LBN,Lebanon,"Middle East, North Africa, Afghanistan & Pakistan",1996,6054.52911921482,4034781,68.0966127579704,5.66185242685313,0.0088761840500752,0.14,72.614,1.66977679097382,10230.0
LBN,Lebanon,"Middle East, North Africa, Afghanistan & Pakistan",1997,6008.75855385657,4108405,62.0865979381443,4.30515463917526,0.0075443012168788,1.24,72.94,1.62563118314104,10230.0
LBN,Lebanon,"Middle East, North Africa, Afghanistan & Pakistan",1998,6120.45672717024,4181281,54.7171975983785,4.02325225638672,0.0091390672509658,2.72,73.201,1.95944596277473,10230.0
LBN,Lebanon,"Middle East, North Africa, Afghanistan & Pakistan",1999,5982.41788354308,4255277,50.8141707661214,4.77043929225137,0.0014715895180231,5.38,73.513,1.10523829883045,10230.0
LBN,Lebanon,"Middle East, North Africa, Afghanistan & Pakistan",2000,5958.97836750301,4329340,50.1152959262106,5.39210030383447,0.0016071239730831,7.95274373635276,73.895,1.14435462100709,10230.0
LBN,Lebanon,"Middle East, North Africa, Afghanistan & Pakistan",2001,6085.76041420146,4401918,55.5568083587026,5.44789624491027,0.0015354262216763,6.78321977527715,74.354,1.13205209146493,10230.0
LBN,Lebanon,"Middle East, North Africa, Afghanistan & Pakistan",2002,6207.24133893746,4463504,51.0425325574951,4.75330090340514,0.0013729219593797,7.0,74.836,1.11595141808574,10230.0
LBN,Lebanon,"Middle East, North Africa, Afghanistan & Pakistan",2003,6319.76518298647,4525508,54.0908340214699,4.67569110879715,0.0016030395819099,8.0,75.275,3.18963748198811,10230.0
LBN,Lebanon,"Middle East, North Africa, Afghanistan & Pakistan",2004,6633.75258002393,4599279,90.9727970270956,4.51119229815156,0.001457056258517,9.0,75.693,1.31073384177353,10230.0
LBN,Lebanon,"Middle East, North Africa, Afghanistan & Pakistan",2005,6707.18024635316,4671102,92.762656272585,4.47739527979241,0.0013762335145434,10.14000034,76.074,1.0832436594666,10230.0
LBN,Lebanon,"Middle East, North Africa, Afghanistan & Pakistan",2006,6696.37428200596,4751136,91.0693970298409,4.58143085334009,0.0016240034908894,15.0,75.677,3.69376021097113,10230.0
LBN,Lebanon,"Middle East, North Africa, Afghanistan & Pakistan",2007,7179.34520092306,4844118,97.9677079660494,4.64100507400197,0.0013781397853223,18.74,76.732,3.8282324974968,10230.0
LBN,Lebanon,"Middle East, North Africa, Afghanistan & Pakistan",2008,7701.29823027979,4925354,106.625673176194,4.01624119377376,0.001896635571091,22.53,76.956,3.61522283598915,10230.0
LBN,Lebanon,"Middle East, North Africa, Afghanistan & Pakistan",2009,8375.48851252821,4992287,90.3978388619092,4.02886758468434,0.00190954318912,30.13999939,77.262,1.64890731193851,10230.0
LBN,Lebanon,"Middle East, North Africa, Afghanistan & Pakistan",2010,8955.54336184707,5041288,95.0966529416243,4.12394687168443,0.0018807991655535,43.68000031,77.529,1.10232875699537,10230.0
LBN,Lebanon,"Middle East, North Africa, Afghanistan & Pakistan",2011,8936.20027462737,5096020,102.139882412503,4.07375676942933,0.0019349819850085,52.0,77.768,1.19807797990274,10230.0
LBN,Lebanon,"Middle East, North Africa, Afghanistan & Pakistan",2012,8920.8056984673,5235742,88.5455019230591,3.99214379436289,0.001904777259377,61.24980164,77.941,1.62415190864785,10230.0
LBN,Lebanon,"Middle East, North Africa, Afghanistan & Pakistan",2013,8443.53856528784,5743436,86.1743285920565,4.12908273269169,0.0015553293883068,70.5,78.037,1.33215209057863,10230.0
LBN,Lebanon,"Middle East, North Africa, Afghanistan & Pakistan",2014,7830.4151113336,6346990,79.8171565925627,4.71994151384666,0.0022937612324339,73.0,78.148,1.72767194358752,10230.0
LBN,Lebanon,"Middle East, North Africa, Afghanistan & Pakistan",2015,7714.1099998804,6472469,71.8390426347811,4.48517082491055,0.0022882837514628,74.0,78.275,1.95385502507846,10230.0
LBN,Lebanon,"Middle East, North Africa, Afghanistan & Pakistan",2016,8019.1416913426,6323060,67.7236177908116,5.09598055264963,0.0013728364357897,76.11000061,78.306,2.24389669270407,10230.0
LBN,Lebanon,"Middle East, North Africa, Afghanistan & Pakistan",2017,8305.57405425721,6160128,68.4554292593276,4.60339736802672,0.0019955562575097,78.18080139,78.192,2.46700798851377,10230.0
LBN,Lebanon,"Middle East, North Africa, Afghanistan & Pakistan",2018,8388.7235123835,5984119,68.2573073043718,5.05552097445632,0.0010675072128695,80.90000153,78.263,2.64422640246218,10230.0
LBN,Lebanon,"Middle East, North Africa, Afghanistan & Pakistan",2019,8064.04873416236,5794594,62.98091601016,4.73938277788589,0.0013134050460189,81.48120117,78.208,2.45767263477744,10230.0
LBN,Lebanon,"Middle East, North Africa, Afghanistan & Pakistan",2020,6440.82843092922,5702398,50.1298042879627,3.02665836499332,0.0022371878422748,82.0664978,76.299,4.63489186346782,10230.0
LBN,Lebanon,"Middle East, North Africa, Afghanistan & Pakistan",2021,5973.41933892988,5718122,78.8286204025241,1.60905429967969,0.0027640383924288,82.65599823,73.65,6.61592820947018,10230.0
LBR,Liberia,Sub-Saharan Africa ,1995,216.093554614513,2169162,,,,,44.573,66.430910758689,96320.0
LBR,Liberia,Sub-Saharan Africa ,1996,235.435058248512,2232289,,,,,44.945,78.8007779079185,96320.0
LBR,Liberia,Sub-Saharan Africa ,1997,449.286058616964,2412989,,,,0.00449,48.302,20.3664898309913,96320.0
LBR,Liberia,Sub-Saharan Africa ,1998,528.670341826706,2670124,,,,0.0041,49.367,15.7876749251559,96320.0
LBR,Liberia,Sub-Saharan Africa ,1999,609.040903258705,2821684,,,,0.0113,50.412,20.149908665521,96320.0
LBR,Liberia,Sub-Saharan Africa ,2000,754.850917360951,2928117,,,17.8409546807596,0.0177027057169472,51.852,8.72637822533592,96320.0
LBR,Liberia,Sub-Saharan Africa ,2001,754.422355762017,3015338,,,17.2522953084162,0.033812227177592,53.109,5.13408727684783,96320.0
LBR,Liberia,Sub-Saharan Africa ,2002,762.716393927064,3094782,,,23.8997704226428,0.0327133071190699,54.061,7.20457333211745,96320.0
LBR,Liberia,Sub-Saharan Africa ,2003,528.567395543421,3119532,,,34.1776687503452,0.0318689345450327,53.045,17.9430880656839,96320.0
LBR,Liberia,Sub-Saharan Africa ,2004,535.995882066218,3156892,,0.504459308807135,19.7880546295418,0.0310111848040233,55.949,29.2040884737327,96320.0
LBR,Liberia,Sub-Saharan Africa ,2005,539.665378841936,3301015,,0.685063559322034,20.0544068144487,0.551400006,56.765,27.9926818950417,96320.0
LBR,Liberia,Sub-Saharan Africa ,2006,551.377446611852,3490787,,0.351713255184851,17.6485875136497,0.529999971,57.495,26.9808713299037,96320.0
LBR,Liberia,Sub-Saharan Africa ,2007,574.609394348543,3669050,,0.214434523809524,21.5770270088301,0.551400006,58.147,92.1417301912882,96320.0
LBR,Liberia,Sub-Saharan Africa ,2008,591.185378141907,3821003,,0.292064439140811,21.7673829953965,0.529999971,58.675,79.8266900815564,96320.0
LBR,Liberia,Sub-Saharan Africa ,2009,603.256211077605,3943028,,0.381841359773371,22.0777491215739,2.0,59.106,31.4618034046796,96320.0
LBR,Liberia,Sub-Saharan Africa ,2010,621.783295071575,4058890,,0.456866734486267,18.3646624868945,2.3,59.358,75.3986597696327,96320.0
LBR,Liberia,Sub-Saharan Africa ,2011,646.908727016597,4221178,,0.535918803418803,23.2729658968842,2.5,59.486,33.5328392449361,96320.0
LBR,Liberia,Sub-Saharan Africa ,2012,674.360011422232,4373043,,0.567439252336449,26.7116015359801,2.599999905,59.785,22.402586627864,96320.0
LBR,Liberia,Sub-Saharan Africa ,2013,717.007280358975,4470239,,0.496435611038108,28.3711783328734,3.200000048,59.992,18.6365586036506,96320.0
LBR,Liberia,Sub-Saharan Africa ,2014,707.157694930142,4564293,,0.470258899676375,26.1806367790867,5.409999847,59.21,25.9137562208539,96320.0
LBR,Liberia,Sub-Saharan Africa ,2015,692.590082351257,4659431,,0.478622250970246,19.4462580281234,10.0,59.248,37.1369897351232,96320.0
LBR,Liberia,Sub-Saharan Africa ,2016,668.031513175601,4755608,,0.451842751842752,20.1143619477823,15.69999981,60.483,26.2776114785617,96320.0
LBR,Liberia,Sub-Saharan Africa ,2017,671.260899835355,4848925,,0.4015507377296,21.3240563239483,16.29999924,60.777,20.4541240938977,96320.0
LBR,Liberia,Sub-Saharan Africa ,2018,665.875439637137,4944726,,0.405300245098039,14.0250297312743,17.27770042,60.999,19.8929132854865,96320.0
LBR,Liberia,Sub-Saharan Africa ,2019,636.699384824869,5043721,,0.418863636363636,14.2604895547102,19.89579964,61.232,19.6427553859774,96320.0
LBR,Liberia,Sub-Saharan Africa ,2020,605.025475431411,5149463,,0.424794204807376,17.4661654481066,22.91069984,61.267,22.624434513459,96320.0
LBR,Liberia,Sub-Saharan Africa ,2021,621.927983063426,5259323,,0.847050441721288,21.9156000871056,26.38229942,61.166,18.4318877986033,96320.0
LBY,Libya,"Middle East, North Africa, Afghanistan & Pakistan",1995,10839.2802241884,4906843,51.5917602996255,,27.6263736322292,,70.641,0.0223152126486668,1759540.0
LBY,Libya,"Middle East, North Africa, Afghanistan & Pakistan",1996,10891.8055687803,4987393,52.5451559934319,,31.8950825846373,,70.736,0.0130297821906599,1759540.0
LBY,Libya,"Middle East, North Africa, Afghanistan & Pakistan",1997,11284.7780739062,5064639,48.6324121846067,4.07802671566895,27.1875818919465,,70.72,0.0129536299942554,1759540.0
LBY,Libya,"Middle East, North Africa, Afghanistan & Pakistan",1998,10722.8700734717,5140704,40.2527075812274,5.29744153194161,18.6892394203827,,70.657,0.0200170816953923,1759540.0
LBY,Libya,"Middle East, North Africa, Afghanistan & Pakistan",1999,10643.1452796026,5218038,34.8016301090735,3.7838602447132,20.2027250357524,0.134,70.601,0.015110671346417,1759540.0
LBY,Libya,"Middle East, North Africa, Afghanistan & Pakistan",2000,10853.8059516526,5305021,45.2810937659422,3.14686367358096,34.2584472905959,0.187042622337565,70.542,,1759540.0
LBY,Libya,"Middle East, North Africa, Afghanistan & Pakistan",2001,10467.8776146012,5403639,43.1734496124031,2.41350785849837,30.3865708781182,0.366533175284228,70.653,,1759540.0
LBY,Libya,"Middle East, North Africa, Afghanistan & Pakistan",2002,10170.3095776338,5508410,78.8597570352145,2.06923852022456,49.6150940004484,2.24441822165946,70.788,,1759540.0
LBY,Libya,"Middle East, North Africa, Afghanistan & Pakistan",2003,11267.0627623548,5619398,90.6127305175491,2.07204807151526,48.7223667831708,2.81451798740855,70.996,,1759540.0
LBY,Libya,"Middle East, North Africa, Afghanistan & Pakistan",2004,11529.1086646221,5736693,96.1293320792401,2.07107445674837,55.8476922630083,3.53283816154549,71.21,,1759540.0
LBY,Libya,"Middle East, North Africa, Afghanistan & Pakistan",2005,12628.896152656,5858798,90.8608896854615,1.52811115994456,62.3347404677918,3.91779995,71.439,0.0508876864337293,1759540.0
LBY,Libya,"Middle East, North Africa, Afghanistan & Pakistan",2006,13176.7758911904,5980211,97.7381011197381,1.12033540648601,62.2912324061948,4.301099777,71.632,0.0624574035135564,1759540.0
LBY,Libya,"Middle East, North Africa, Afghanistan & Pakistan",2007,13712.9602583972,6104380,102.732315500893,0.946677517254647,61.3668774257785,4.72199937850513,71.788,0.0281854337222457,1759540.0
LBY,Libya,"Middle East, North Africa, Afghanistan & Pakistan",2008,13403.0004645911,6235430,103.242158045544,1.48985108130425,66.0598935506205,9.0,71.936,0.0848814000373836,1759540.0
LBY,Libya,"Middle East, North Africa, Afghanistan & Pakistan",2009,12549.0854345521,6366686,107.620930501039,,51.7322646352647,10.80000019,72.071,0.0652290062298329,1759540.0
LBY,Libya,"Middle East, North Africa, Afghanistan & Pakistan",2010,12913.9334939386,6497839,98.077213074239,,55.9661611105459,14.0,72.196,0.0100993189004349,1759540.0
LBY,Libya,"Middle East, North Africa, Afghanistan & Pakistan",2011,6569.59477578957,6343203,63.0054352895288,,37.5617320657366,14.0,69.95,1.32938412532718,1759540.0
LBY,Libya,"Middle East, North Africa, Afghanistan & Pakistan",2012,12599.258882136,6179328,98.2243189168448,3.74560382719202,59.1030408512754,15.19999981,72.188,0.0961495307332879,1759540.0
LBY,Libya,"Middle East, North Africa, Afghanistan & Pakistan",2013,10126.314927806,6304628,106.334360918106,7.63933084825893,47.7413993201726,16.5,72.339,0.171916809375947,1759540.0
LBY,Libya,"Middle East, North Africa, Afghanistan & Pakistan",2014,7644.24843947404,6427252,76.5248826381117,15.4795763013832,31.016947831293,17.76000023,71.3,0.362842576028605,1759540.0
LBY,Libya,"Middle East, North Africa, Afghanistan & Pakistan",2015,7458.48917756374,6531819,56.9049073326883,,16.3921988648858,25.0,71.644,0.3150326435354,1759540.0
LBY,Libya,"Middle East, North Africa, Afghanistan & Pakistan",2016,7236.16409923502,6632126,41.1101760615135,,12.2468654255016,35.0,71.799,0.354282002595638,1759540.0
LBY,Libya,"Middle East, North Africa, Afghanistan & Pakistan",2017,9435.60060040046,6738770,47.5489661921214,,22.1587604827104,47.5,72.721,0.631026065156879,1759540.0
LBY,Libya,"Middle East, North Africa, Afghanistan & Pakistan",2018,10020.9165751361,6849055,63.7811335968183,,31.6168598912657,47.5,73.151,0.390672294656074,1759540.0
LBY,Libya,"Middle East, North Africa, Afghanistan & Pakistan",2019,8768.4104874586,6951033,78.9939691850138,,34.4990280272661,71.40409851,72.941,0.414591017228459,1759540.0
LBY,Libya,"Middle East, North Africa, Afghanistan & Pakistan",2020,6102.79864032512,7045399,50.9757934373319,,11.4789831280341,74.35810089,72.388,0.622734219719418,1759540.0
LBY,Libya,"Middle East, North Africa, Afghanistan & Pakistan",2021,7731.35448152581,7135175,164.284069967105,,61.0347089411103,77.438797,72.062,0.993399118031291,1759540.0
LCA,St. Lucia,Latin America & Caribbean ,1995,8822.50069854295,148208,,,0.0160082469418573,0.306,71.172,7.05383321141514,610.0
LCA,St. Lucia,Latin America & Caribbean ,1996,8945.86353079673,150436,,,0.0114865782856756,0.67,70.963,5.41642502465864,610.0
LCA,St. Lucia,Latin America & Caribbean ,1997,8759.56755308065,152569,,,0.0156353334470298,0.992,70.778,3.50571388382371,610.0
LCA,St. Lucia,Latin America & Caribbean ,1998,9183.3516374622,154677,,,0.012500182728039,1.3,70.68,0.787275798707387,610.0
LCA,St. Lucia,Latin America & Caribbean ,1999,9306.76032489833,156702,,,0.0102278901654394,1.93,70.692,3.09283284958866,610.0
LCA,St. Lucia,Latin America & Caribbean ,2000,9198.93894352203,158616,,,0.0103818193524413,5.09048334139327,70.779,1.24924097312625,610.0
LCA,St. Lucia,Latin America & Caribbean ,2001,8795.54582090658,160237,,,0.0108995599318409,8.18186395448366,71.367,1.93156373496997,610.0
LCA,St. Lucia,Latin America & Caribbean ,2002,8755.45939353129,161641,,,0.0097636863054187,14.6418357746777,71.707,3.85407446378703,610.0
LCA,St. Lucia,Latin America & Caribbean ,2003,9054.06778374517,162976,,,0.0095526213923689,20.9824734633424,72.188,1.66103862287063,610.0
LCA,St. Lucia,Latin America & Caribbean ,2004,9637.37801390276,164239,,,0.0092364470227292,21.395212362765,72.453,-2.17218427717637,610.0
LCA,St. Lucia,Latin America & Caribbean ,2005,9527.58469430542,165450,,,0.0085464231572233,21.5675829464215,72.544,1.00487686663783,610.0
LCA,St. Lucia,Latin America & Caribbean ,2006,10045.6504032593,166639,,,0.011003542472601,24.5,72.794,1.53582890388666,610.0
LCA,St. Lucia,Latin America & Caribbean ,2007,10147.4432459936,167758,,,0.0107765868867244,27.89999962,72.86,1.53274256319564,610.0
LCA,St. Lucia,Latin America & Caribbean ,2008,10583.4310172598,168808,,,0.0106419166715498,30.0,72.963,1.22184514941903,610.0
LCA,St. Lucia,Latin America & Caribbean ,2009,10219.8024011561,169869,,,0.0099301138119444,31.0,72.946,2.87482237956327,610.0
LCA,St. Lucia,Latin America & Caribbean ,2010,10191.3146827694,170906,,,0.0213939960854132,32.5,72.768,2.22345012625112,610.0
LCA,St. Lucia,Latin America & Caribbean ,2011,10576.8979743596,171801,,,0.0171733829693113,34.0,72.962,2.27888337245728,610.0
LCA,St. Lucia,Latin America & Caribbean ,2012,10517.2777635533,172587,,,0.0164637996812387,45.865,72.86,1.71760811927733,610.0
LCA,St. Lucia,Latin America & Caribbean ,2013,10279.4155096001,173369,,,0.0211912988549864,49.3871994,72.687,1.62323168935186,610.0
LCA,St. Lucia,Latin America & Caribbean ,2014,10369.9382566513,174138,,,0.0254436551499196,53.17969894,72.676,1.17858855891073,610.0
LCA,St. Lucia,Latin America & Caribbean ,2015,10334.9860823918,174905,,,0.0186627705111545,57.26330185,72.932,0.829975003233282,610.0
LCA,St. Lucia,Latin America & Caribbean ,2016,10644.1612913407,175646,,,0.0242375524260307,58.22259903,72.552,0.86632084503199,610.0
LCA,St. Lucia,Latin America & Caribbean ,2017,10960.4843512477,176342,,,0.0188680203388547,59.16009903,72.522,0.817275786657435,610.0
LCA,St. Lucia,Latin America & Caribbean ,2018,11233.8883578457,177017,,,0.0120179605482605,60.11259842,72.655,0.436932927319386,610.0
LCA,St. Lucia,Latin America & Caribbean ,2019,11077.9479823807,177661,,,0.0105301058741755,61.08050156,72.249,1.63400801496246,610.0
LCA,St. Lucia,Latin America & Caribbean ,2020,8512.8183987353,178250,,,0.0193601689591786,62.06399918,72.308,6.60545785464546,610.0
LCA,St. Lucia,Latin America & Caribbean ,2021,9447.30059244639,178522,,,0.0134294898917373,63.06330109,69.119,5.47947172285862,610.0
LIE,Liechtenstein,Europe & Central Asia,1995,,30776,,,0.010176303597128,,77.390243902439,,160.0
LIE,Liechtenstein,Europe & Central Asia,1996,,31033,,,0.0072753159824442,,76.8365853658537,,160.0
LIE,Liechtenstein,Europe & Central Asia,1997,,31232,,,0.0065714066918675,,76.0463414634146,,160.0
LIE,Liechtenstein,Europe & Central Asia,1998,,31668,,,0.0056913363072156,,77.7463414634146,,160.0
LIE,Liechtenstein,Europe & Central Asia,1999,,32221,,,0.0020089822943615,,79.109756097561,,160.0
LIE,Liechtenstein,Europe & Central Asia,2000,,32645,,,0.0093639016686967,36.5152298938015,76.8268292682927,,160.0
LIE,Liechtenstein,Europe & Central Asia,2001,,33194,,,0.0084335659994596,45.1168526483592,79.2756097560976,,160.0
LIE,Liechtenstein,Europe & Central Asia,2002,,33694,,,0.009402943199006,59.4707106749926,79.6365853658537,,160.0
LIE,Liechtenstein,Europe & Central Asia,2003,,34079,,,0.0088299639687457,58.8096918372148,79.9609756097561,,160.0
LIE,Liechtenstein,Europe & Central Asia,2004,,34447,,,0.0068004142295357,64.0074481394199,81.7707317073171,,160.0
LIE,Liechtenstein,Europe & Central Asia,2005,,34753,,,0.0066042110749556,63.37139893,80.6682926829268,,160.0
LIE,Liechtenstein,Europe & Central Asia,2006,,35037,,,0.008422648241767,64.21420288,80.9487804878049,,160.0
LIE,Liechtenstein,Europe & Central Asia,2007,,35262,,,0.0094323468192063,65.0802002,81.2951219512195,,160.0
LIE,Liechtenstein,Europe & Central Asia,2008,,35473,,,0.0109235111204393,70.0,82.6829268292683,,160.0
LIE,Liechtenstein,Europe & Central Asia,2009,,35742,,,0.0097866846718103,75.0,81.5,,160.0
LIE,Liechtenstein,Europe & Central Asia,2010,,36022,,,0.0092406353821315,80.0,81.8414634146342,,160.0
LIE,Liechtenstein,Europe & Central Asia,2011,,36312,,,0.0081728906806275,85.0,81.7926829268293,,160.0
LIE,Liechtenstein,Europe & Central Asia,2012,,36657,,,0.0065523869477647,89.40769958,82.3829268292683,,160.0
LIE,Liechtenstein,Europe & Central Asia,2013,,36984,,,0.0052938315075899,93.80000305,82.2609756097561,,160.0
LIE,Liechtenstein,Europe & Central Asia,2014,,37248,,,0.0059928843723109,95.20999908,82.0731707317073,,160.0
LIE,Liechtenstein,Europe & Central Asia,2015,167187.15730982,37494,,,0.0019411089416187,96.6411972,82.6560975609756,,160.0
LIE,Liechtenstein,Europe & Central Asia,2016,,37716,,,0.0020723262556876,98.09390259,82.2585365853659,,160.0
LIE,Liechtenstein,Europe & Central Asia,2017,,37962,,,0.0018650693100522,99.54660034,83.7463414634147,,160.0
LIE,Liechtenstein,Europe & Central Asia,2018,,38246,,,0.0032783809389003,,83.0414634146342,,160.0
LIE,Liechtenstein,Europe & Central Asia,2019,,38563,,,0.0017966893294533,93.14610291,84.1609756097561,,160.0
LIE,Liechtenstein,Europe & Central Asia,2020,,38901,,,0.00147146668515,94.34999847,81.6585365853659,,160.0
LIE,Liechtenstein,Europe & Central Asia,2021,,39182,,,,95.56939697,84.4024390243902,,160.0
LKA,Sri Lanka,South Asia,1995,1681.35052898879,17564068,81.6350490886111,5.86113224274153,0.387053556444352,0.00548,69.746,3.66629332894124,62710.0
LKA,Sri Lanka,South Asia,1996,1712.0081548794,17905018,78.8739637143809,5.51978316113981,0.353077482876767,0.0545,69.841,2.53738663935396,62710.0
LKA,Sri Lanka,South Asia,1997,1787.41017656806,18248200,80.1375533095503,4.63060207374592,0.211594304589763,0.162,69.934,1.70126944145386,62710.0
LKA,Sri Lanka,South Asia,1998,1836.3894592448,18596003,78.4949891255872,4.64346408117958,0.188090082261484,0.296,70.134,2.07274952928182,62710.0
LKA,Sri Lanka,South Asia,1999,1880.10677681974,18944731,78.7514783496374,4.0301638395602,0.214152119083607,0.348,70.427,1.17953165378338,62710.0
LKA,Sri Lanka,South Asia,2000,1956.93310021177,19293054,88.636441704913,5.03387296841704,0.190956032913517,0.647410010940963,71.179,1.36660169707145,62710.0
LKA,Sri Lanka,South Asia,2001,1896.48251385291,19600362,80.8986015327576,4.28699058949232,0.196220474071304,0.793821864362622,71.804,1.71940575287857,62710.0
LKA,Sri Lanka,South Asia,2002,1951.22522418199,19805752,76.3351317826517,3.34258944021437,0.203787939938968,1.05042270585318,72.271,1.53439884082235,62710.0
LKA,Sri Lanka,South Asia,2003,2052.03044701403,19951521,75.336247330543,2.86891182725842,0.196684504988527,1.45858022842408,72.442,2.81077268912255,62710.0
LKA,Sri Lanka,South Asia,2004,2149.10628192765,20087605,79.4829449011187,2.99735847919569,0.147494466742975,1.44615998041486,68.022,1.99608348514963,62710.0
LKA,Sri Lanka,South Asia,2005,2268.6880085282,20216524,73.6039729580533,2.6395333951407,0.124198914028397,1.792000055,73.073,4.31312694150171,62710.0
LKA,Sri Lanka,South Asia,2006,2426.34872826822,20352411,71.2611784883009,2.79877359903086,0.16417428202828,2.53756612897332,72.825,2.45710839996253,62710.0
LKA,Sri Lanka,South Asia,2007,2573.54361719411,20492545,68.6065116601391,3.26060835702917,0.196497793780255,3.88,72.983,1.58302899170181,62710.0
LKA,Sri Lanka,South Asia,2008,2708.58593724377,20629378,63.369043608222,3.24360178402603,0.168491007991096,4.824500084,72.556,1.59645103747308,62710.0
LKA,Sri Lanka,South Asia,2009,2787.27350463737,20756435,49.1491415308235,3.16189871004304,0.154024920053947,5.868500233,70.298,1.4585533321979,62710.0
LKA,Sri Lanka,South Asia,2010,2993.01410960302,20879089,,2.70074784039336,0.181247741101714,6.912399769,74.463,0.791121293254658,62710.0
LKA,Sri Lanka,South Asia,2011,3232.37349786435,21009048,,2.68531865302989,0.161869001521806,7.956399918,74.74,0.913001012913372,62710.0
LKA,Sri Lanka,South Asia,2012,3484.79048392653,21169458,,2.15519951243996,0.137234670569948,9.00039959,75.187,0.708981023186298,62710.0
LKA,Sri Lanka,South Asia,2013,3728.93585962083,20585000,,2.15404824269909,0.111206626762233,10.04440022,75.546,0.535949198804481,62710.0
LKA,Sri Lanka,South Asia,2014,3929.92061307909,20778000,,2.41264701190051,0.106716230120525,10.5000026214106,75.757,0.609036232858831,62710.0
LKA,Sri Lanka,South Asia,2015,4057.71582716521,20970000,46.9179708088698,2.41701116575955,0.116815682766825,15.26249981,75.99,0.535713390028935,61893.0
LKA,Sri Lanka,South Asia,2016,4214.74117217382,21209000,46.4715370250761,1.97935533284589,0.120808775080832,22.19,76.136,0.435256702543502,61893.0
LKA,Sri Lanka,South Asia,2017,4436.00789131029,21453000,47.1404098001494,1.97692843257215,0.0888765377568958,25.07550049,76.239,0.343462394384879,61893.0
LKA,Sri Lanka,South Asia,2018,4493.03574617534,21670000,49.8093967520437,1.73469354853576,0.064834147164453,28.33620071,76.485,-0.268631697411072,61864.0
LKA,Sri Lanka,South Asia,2019,4455.78188788143,21803000,49.4255238852768,1.75219928060225,0.0722571812304566,32.02090073,76.698,0.222993670967185,61864.47
LKA,Sri Lanka,South Asia,2020,4227.23314530167,21919000,37.0891188568192,1.73988733298184,0.0850400982115445,36.18473435,76.928,0.267429104335168,61860.0
LKA,Sri Lanka,South Asia,2021,4357.97224978578,22156000,41.2288463294978,1.71265688710699,0.0832444969793704,44.45308724,76.278,0.179454134456974,61860.0
LSO,Lesotho,Sub-Saharan Africa ,1995,641.758711944969,1951437,,3.24188937641956,4.06747678186792,,56.368,8.41208817337243,30360.0
LSO,Lesotho,Sub-Saharan Africa ,1996,670.469581774155,1972418,,2.82467366309587,4.42866982662492,0.00285,55.136,8.14809582970017,30360.0
LSO,Lesotho,Sub-Saharan Africa ,1997,689.806218455005,1988130,,2.71217734729986,4.03080585288478,0.00558,53.733,6.92268858635006,30360.0
LSO,Lesotho,Sub-Saharan Africa ,1998,696.935973937753,1998049,,2.85192846653195,4.62753146057726,0.011,52.029,5.18812929642856,30360.0
LSO,Lesotho,Sub-Saharan Africa ,1999,698.441087182066,2003234,,3.56245119166974,3.37253238663395,0.0538,50.385,2.65004221377673,30360.0
LSO,Lesotho,Sub-Saharan Africa ,2000,725.263668707773,2003913,,3.28492612837033,3.45870923985656,0.211806070361977,48.783,3.28753352242803,30360.0
LSO,Lesotho,Sub-Saharan Africa ,2001,752.243212493971,2000853,,2.74417802299373,3.61294719864822,0.261150063093855,47.153,4.6509004328661,30360.0
LSO,Lesotho,Sub-Saharan Africa ,2002,760.033443180306,1994679,,2.5163929527429,4.64972989607064,1.08394313737534,45.95,6.85513116395266,30360.0
LSO,Lesotho,Sub-Saharan Africa ,2003,798.540500554454,1985059,,2.36900091916458,5.46817367450901,1.53249659019509,44.921,4.7816297439777,30360.0
LSO,Lesotho,Sub-Saharan Africa ,2004,817.793597897186,1971129,,2.13166293812828,3.85504573954824,2.17552433931097,44.039,4.5978504213821,30360.0
LSO,Lesotho,Sub-Saharan Africa ,2005,853.960500629797,1953076,,2.0492596155836,3.46065787841255,2.580199957,43.611,3.13456099134935,30360.0
LSO,Lesotho,Sub-Saharan Africa ,2006,893.750686627156,1945063,,2.07422499066906,3.06843905736909,2.97970818724486,43.182,3.17320250288469,30360.0
LSO,Lesotho,Sub-Saharan Africa ,2007,927.26863327342,1953268,165.048948833372,2.36815458611088,5.0525676359588,3.44543125970873,43.66,5.58303022407835,30360.0
LSO,Lesotho,Sub-Saharan Africa ,2008,971.881366821351,1966541,161.126590593391,1.547920805645,5.45904125705999,3.58,44.304,6.04825057542569,30360.0
LSO,Lesotho,Sub-Saharan Africa ,2009,952.747929746529,1980883,158.894737585637,2.722681670282,5.90302783789186,3.72,45.055,5.33230480410812,30360.0
LSO,Lesotho,Sub-Saharan Africa ,2010,995.233432451681,1996251,150.102435487333,3.16252874160214,3.93439968984273,3.859999895,46.045,7.60001264823895,30360.0
LSO,Lesotho,Sub-Saharan Africa ,2011,1031.99721564343,2014009,149.796606699153,2.25552295756199,3.88951380908295,7.0,46.93,8.31212755687192,30360.0
LSO,Lesotho,Sub-Saharan Africa ,2012,1086.39034816283,2034354,150.208575358438,2.14823978786685,4.7058759222187,10.0,48.235,9.55026688054369,30360.0
LSO,Lesotho,Sub-Saharan Africa ,2013,1093.95323489272,2056504,133.36548975517,2.02653187465999,5.10158145699247,15.0,49.547,11.7943509912759,30360.0
LSO,Lesotho,Sub-Saharan Africa ,2014,1100.04993684215,2080089,126.292475360578,1.95379607639772,5.59052228450031,22.0,50.786,3.94076200989537,30360.0
LSO,Lesotho,Sub-Saharan Africa ,2015,1121.19851342518,2104611,129.722773082867,1.86575300076387,6.21135692867531,25.0,51.83,3.27724277605361,30360.0
LSO,Lesotho,Sub-Saharan Africa ,2016,1147.58748801671,2130422,136.31524774176,1.96388842698486,7.27012601835192,32.4538569477365,52.908,4.66827392862323,30360.0
LSO,Lesotho,Sub-Saharan Africa ,2017,1097.82166812752,2157110,146.366771329494,2.27081453102287,6.29773888103094,39.0,53.874,5.55962457961521,30360.0
LSO,Lesotho,Sub-Saharan Africa ,2018,1068.44462913373,2183603,144.434955465602,1.99938292931215,3.60958084633478,40.79999924,54.638,5.05319346138565,30360.0
LSO,Lesotho,Sub-Saharan Africa ,2019,1040.99351014117,2209405,140.51663349168,1.87540421655185,3.73425482845294,42.301733569273,55.249,5.00070383911339,30360.0
LSO,Lesotho,Sub-Saharan Africa ,2020,944.834128375429,2235727,141.096605062998,1.88146803172144,4.55548495060365,43.65750122,55.133,7.04467569914159,30360.0
LSO,Lesotho,Sub-Saharan Africa ,2021,955.221236301503,2261542,139.186479465407,1.53556597959744,4.31788190525398,45.05670166,54.209,6.40953816705608,30360.0
LTU,Lithuania,Europe & Central Asia,1995,4924.09667530707,3629102,84.5445654964236,0.451480223246298,1.44273154708812,,69.0063414634147,,62680.0
LTU,Lithuania,Europe & Central Asia,1996,5211.10025197912,3601613,92.813796697758,0.501283930563048,1.39565861276589,0.277,70.1080487804878,,62680.0
LTU,Lithuania,Europe & Central Asia,1997,5685.44901491024,3575137,99.6494889661181,0.743584548384698,1.01885217696713,0.978,70.9090243902439,,62680.0
LTU,Lithuania,Europe & Central Asia,1998,6154.17245640636,3549331,89.3653045985264,1.22394047483022,0.702714839275153,1.97,71.219512195122,,62680.0
LTU,Lithuania,Europe & Central Asia,1999,6129.99843995634,3524238,74.5847357424933,0.965770667320066,0.835114128882281,2.92,71.5707317073171,,62680.0
LTU,Lithuania,Europe & Central Asia,2000,6384.30865426374,3499536,83.1914942748116,1.21549030890811,1.00761756848222,6.42706749477765,72.0195121951219,,62680.0
LTU,Lithuania,Europe & Central Asia,2001,6854.52512826671,3470818,93.4871373685836,1.36102583365379,0.950531620904502,7.17935699381369,71.6585365853659,,62680.0
LTU,Lithuania,Europe & Central Asia,2002,7374.0979710116,3443067,100.332229474818,1.27093846223477,0.809312518866469,17.69,71.7609756097561,,62680.0
LTU,Lithuania,Europe & Central Asia,2003,8218.69336289848,3415213,98.0914043206711,1.12083381901602,0.731872390939613,25.91,72.0609756097561,,62680.0
LTU,Lithuania,Europe & Central Asia,2004,8851.92598922347,3377075,104.072070698543,1.19104062508646,0.655048870768867,31.23,71.9609756097561,,62680.0
LTU,Lithuania,Europe & Central Asia,2005,9692.86853763267,3322528,117.449691165186,1.16311841256451,0.590099054196955,36.22,71.2536585365854,,62680.0
LTU,Lithuania,Europe & Central Asia,2006,10577.2145522871,3269909,124.613633047292,1.16779179996757,0.550049584611631,43.9,71.0560975609756,,62680.0
LTU,Lithuania,Europe & Central Asia,2007,11889.3545234657,3231294,116.295810328172,1.112731351206,0.480122912458821,49.9,70.9,,62680.0
LTU,Lithuania,Europe & Central Asia,2008,12324.5197331387,3198231,126.759707831841,1.13081118398085,0.439415086610715,55.22,71.8121951219512,,62675.0
LTU,Lithuania,Europe & Central Asia,2009,10612.9204044582,3162916,105.040251236614,1.07973512828669,0.401930501280375,59.76,72.9146341463415,,62675.0
LTU,Lithuania,Europe & Central Asia,2010,10884.1161852582,3097282,131.626507396009,0.890423906680536,0.524773473420892,62.12,73.2682926829268,,62675.0
LTU,Lithuania,Europe & Central Asia,2011,11836.7200384033,3028115,149.645306927215,0.797082443059276,0.55272441723569,63.6399774002179,73.5634146341464,,62674.0
LTU,Lithuania,Europe & Central Asia,2012,12516.6184065667,2989139,156.638925650513,0.769173393857888,0.50334215016971,67.2299893276414,73.8634146341464,,62674.0
LTU,Lithuania,Europe & Central Asia,2013,13145.8069309969,2961250,156.626637927418,0.766528272772994,0.451433196719953,68.4529,73.9146341463415,,62675.0
LTU,Lithuania,Europe & Central Asia,2014,13753.1895982305,2937253,143.290115780694,0.883731669079507,0.435666728185002,72.1335378644566,74.5170731707317,,62650.0
LTU,Lithuania,Europe & Central Asia,2015,14269.8039878287,2911109,138.195575009601,1.13486085095513,0.355871871770943,71.3780590101754,74.3219512195122,,62650.0
LTU,Lithuania,Europe & Central Asia,2016,14823.107153522,2877325,134.690449650877,1.48013833220254,0.3377588483904,74.3766455618662,74.6707317073171,,62642.0
LTU,Lithuania,Europe & Central Asia,2017,15695.9993288456,2842639,144.918393101325,1.71214117320754,0.408008846501474,77.6152565124514,75.4804878048781,,62641.0
LTU,Lithuania,Europe & Central Asia,2018,16604.9021440809,2819200,147.202132525221,1.94787932963701,0.378395633092732,79.7225827680518,75.6804878048781,,62630.0
LTU,Lithuania,Europe & Central Asia,2019,17431.7239081591,2811089,148.374996011818,1.98419011931355,0.334182488318804,81.5818683764046,76.2829268292683,,62620.0
LTU,Lithuania,Europe & Central Asia,2020,17443.65526328,2810369,135.796565563519,2.04915558023028,0.310782585398606,83.05554724,75.0292682926829,,62620.0
LTU,Lithuania,Europe & Central Asia,2021,18572.2895051093,2808380,154.726303914099,1.94955292042791,0.28612663033099,86.93054425,74.0365853658537,,62610.0
LUX,Luxembourg,Europe & Central Asia,1995,74900.1497246575,408625,189.544445888796,0.61631229536522,0.0182970118168961,1.59,76.5121951219512,,
LUX,Luxembourg,Europe & Central Asia,1996,74920.5623621812,414225,195.63690664815,0.611795282179392,0.0189317592423706,5.55,76.519512195122,,
LUX,Luxembourg,Europe & Central Asia,1997,77997.2016345512,419450,212.088757931917,0.619164073380448,0.0160989433345421,7.14,76.880487804878,,
LUX,Luxembourg,Europe & Central Asia,1998,82174.3606082355,424700,236.569988891965,0.641796393004664,0.0174167394238165,11.7,77.0170731707317,,
LUX,Luxembourg,Europe & Central Asia,1999,87700.5125529005,430475,239.922499577691,0.58038083885115,0.0174432275436708,17.4,77.7707317073171,,
LUX,Luxembourg,Europe & Central Asia,2000,92533.1393756479,436300,272.412027714553,0.546329291336707,0.0190086228380903,22.8873279731211,77.8731707317073,,2574.46
LUX,Luxembourg,Europe & Central Asia,2001,94249.1625853478,441525,270.765343819583,0.677211501251718,0.0187875662300189,36.163422506306,77.8243902439025,,2574.46
LUX,Luxembourg,Europe & Central Asia,2002,96275.0321314871,446175,250.689192191641,0.588787408670377,0.0172526782204699,39.84,77.9658536585366,,2574.46
LUX,Luxembourg,Europe & Central Asia,2003,97603.4028137275,451630,244.977946060528,0.606265558712765,0.0150664520035236,54.55,77.7268292682927,,2574.46
LUX,Luxembourg,Europe & Central Asia,2004,100296.956996628,458095,265.226884855637,0.605730957855837,0.0096572013111368,65.88,79.1219512195122,,2574.46
LUX,Luxembourg,Europe & Central Asia,2005,101226.109631791,465158,284.077242335139,0.58477615707441,0.009842585563947,70.0,79.4317073170732,,2574.46
LUX,Luxembourg,Europe & Central Asia,2006,105618.332853323,472637,305.879493786271,0.52078771268481,0.0208984835862011,72.51,79.2878048780488,,2574.46
LUX,Luxembourg,Europe & Central Asia,2007,112422.146493735,479993,307.485020085196,0.50162400683642,0.032962175967571,78.92,79.3829268292683,,2574.46
LUX,Luxembourg,Europe & Central Asia,2008,110096.656683086,488650,292.21348078343,0.364912794964823,0.176060660673067,82.23,80.5390243902439,,2574.46
LUX,Luxembourg,Europe & Central Asia,2009,104576.122195434,497783,263.532701541684,0.371311757115607,0.166374142577648,87.31,80.6365853658537,,2574.46
LUX,Luxembourg,Europe & Central Asia,2010,106545.854916218,506953,293.671876906939,0.441009496679635,0.072919743736028,90.62,80.6317073170732,,2574.46
LUX,Luxembourg,Europe & Central Asia,2011,105292.012346074,518347,308.714453874162,0.376775588804359,0.111627780528827,90.0298585646936,80.9878048780488,,2574.46
LUX,Luxembourg,Europe & Central Asia,2012,104489.298083328,530946,311.786835204686,0.358937251707305,0.124315483837715,91.9499237417387,81.3926829268293,,2574.46
LUX,Luxembourg,Europe & Central Asia,2013,105340.41498623,543360,320.533506316768,0.358492375793951,0.0654807999878363,93.7765,81.8,,2574.46
LUX,Luxembourg,Europe & Central Asia,2014,105585.401767492,556319,333.428836459172,0.366856825936978,0.0511247766010698,94.6702052774766,82.2292682926829,,2574.46
LUX,Luxembourg,Europe & Central Asia,2015,105462.012584423,569604,351.13195404466,0.415571527949753,0.0121647269251085,96.3767141704759,82.2926829268293,,2574.46
LUX,Luxembourg,Europe & Central Asia,2016,108351.452194449,582014,348.437409376889,0.378949157263331,0.0100663139177463,98.1366986657616,82.6853658536585,,2574.46
LUX,Luxembourg,Europe & Central Asia,2017,107142.05542835,596336,353.793991980303,0.495110917223231,0.0096095712694907,97.3629603241751,82.0951219512195,,2574.46
LUX,Luxembourg,Europe & Central Asia,2018,106788.661202756,607950,361.865445198667,0.500655642661875,0.0131614123128893,97.061298705829,82.2951219512195,,2574.46
LUX,Luxembourg,Europe & Central Asia,2019,107591.899505248,620001,382.66078058442,0.546198379988419,0.0088735676250666,97.120635693272,82.6390243902439,,2574.46
LUX,Luxembourg,Europe & Central Asia,2020,105274.182260744,630419,375.581394826026,0.578077082223964,0.0066635976651569,98.45962893,82.1439024390244,,2574.46
LUX,Luxembourg,Europe & Central Asia,2021,110873.115269021,640064,397.506180867971,0.47124923612019,0.0047513675751151,98.66086333,82.5975609756098,,2574.46
LVA,Latvia,Europe & Central Asia,1995,4661.66840092451,2485056,76.2500012714636,0.831537179120737,2.44180951754329,,66.3912195121951,,62227.0
LVA,Latvia,Europe & Central Asia,1996,4822.90414861125,2457222,92.5618241635257,0.657943813358724,2.53584473218075,0.813,68.7765853658537,,62227.0
LVA,Latvia,Europe & Central Asia,1997,5317.97997604979,2432851,90.9261555867307,0.59826833706743,2.11836519777713,2.05,69.3492682926829,,62227.0
LVA,Latvia,Europe & Central Asia,1998,5719.98918281481,2410019,93.0486575859765,0.604779500640058,1.92134622351435,3.32,69.0121951219512,,62227.0
LVA,Latvia,Europe & Central Asia,1999,5929.26767237825,2390482,82.1505568188769,0.772368809222116,2.83041483508877,4.39,69.7429268292683,,62227.0
LVA,Latvia,Europe & Central Asia,2000,6336.38296707987,2367550,83.6121321100556,0.901766970575075,2.59232171929407,6.31906208267861,70.3146341463415,,62227.0
LVA,Latvia,Europe & Central Asia,2001,6833.4354323157,2337170,88.1768278184248,1.06180323433191,2.08081083066916,7.21934580836289,70.7609756097561,,62227.0
LVA,Latvia,Europe & Central Asia,2002,7443.22944659059,2310173,85.9772056778195,1.59179944261207,1.73987716796356,21.94,70.9609756097561,,62227.0
LVA,Latvia,Europe & Central Asia,2003,8149.00183600084,2287955,88.5815580418672,1.68220334950968,1.74608259393462,26.98,71.2658536585366,,62227.0
LVA,Latvia,Europe & Central Asia,2004,8957.23393555082,2263122,97.2352655771748,1.65869012027526,1.58950445564584,38.58,72.0268292682927,,62227.0
LVA,Latvia,Europe & Central Asia,2005,10106.2626157732,2238799,104.517156602918,1.67142105821102,1.32114799728074,46.0,71.3560975609756,,62227.0
LVA,Latvia,Europe & Central Asia,2006,11507.4648265658,2218357,105.695342080455,1.79995995043083,1.18009886224217,53.63,70.8658536585366,,62227.0
LVA,Latvia,Europe & Central Asia,2007,12810.0409502542,2200325,100.880910871828,1.63649936606571,0.97630494810674,59.17,71.019512195122,,62227.0
LVA,Latvia,Europe & Central Asia,2008,12506.6945041012,2177322,95.7681628438571,1.7043587604961,0.709564360327675,63.41,72.419512195122,,62227.0
LVA,Latvia,Europe & Central Asia,2009,10675.425174228,2141669,88.8320494963692,1.41593498753712,0.890309028980383,66.84,73.0804878048781,,62227.0
LVA,Latvia,Europe & Central Asia,2010,10500.8666223014,2097555,110.86235386272,1.10611728003503,1.28308782693054,68.42,73.4829268292683,,62227.0
LVA,Latvia,Europe & Central Asia,2011,11018.5152421583,2059709,129.734758014485,1.1073762662641,1.3327725371957,69.7499545592245,73.5756097560976,,62227.0
LVA,Latvia,Europe & Central Asia,2012,11971.0107466522,2034319,133.211503650958,0.942934638140067,1.43134807722777,73.1199437663748,73.7780487804878,,62227.0
LVA,Latvia,Europe & Central Asia,2013,12353.5386135301,2012647,129.677184929099,0.972846248892055,1.14413699673137,75.2344,73.9829268292683,,62227.0
LVA,Latvia,Europe & Central Asia,2014,12731.6771959342,1993782,130.042252244959,0.978038880665435,1.13104352407128,75.8261041383556,74.1243902439024,,62227.0
LVA,Latvia,Europe & Central Asia,2015,13321.9753140616,1977527,126.380014406006,1.07352247572393,1.00340965640665,79.2005829239344,74.4804878048781,,62227.0
LVA,Latvia,Europe & Central Asia,2016,13787.3367440023,1959537,123.330518429659,1.50174457900413,0.983550850681886,79.8420977843089,74.580487804878,,62227.0
LVA,Latvia,Europe & Central Asia,2017,14382.8612727134,1942248,128.714003328884,1.65275736814609,1.20722108099256,80.1140770037369,74.6292682926829,,62227.0
LVA,Latvia,Europe & Central Asia,2018,15120.0698171804,1927174,128.234095559822,2.13473002218592,1.07351315071964,83.5771748630956,74.7829268292683,,62227.0
LVA,Latvia,Europe & Central Asia,2019,15328.3859933295,1913822,125.29163170793,2.09016802211357,1.18938805075522,86.13545644343,75.3878048780488,,62227.0
LVA,Latvia,Europe & Central Asia,2020,14900.7295718866,1900449,123.88319804656,2.22759521686375,1.27458711674516,88.89796078,75.1853658536585,,62230.0
LVA,Latvia,Europe & Central Asia,2021,16070.1680032322,1884490,136.796615414819,2.15577987505149,1.16511975350878,91.17964988,72.9804878048781,,62230.0
MAC,"Macao SAR, China",East Asia & Pacific,1995,34162.0125862687,409300,125.366036122689,,0.0026598693592288,0.28,76.7585365853659,-0.0577423844888417,20.0
MAC,"Macao SAR, China",East Asia & Pacific,1996,33543.2536281767,415100,122.344072480498,,0.0027224573939201,0.727,77.5439024390244,0.0046103934069544,20.0
MAC,"Macao SAR, China",East Asia & Pacific,1997,33273.3263570517,417300,123.265644140025,,0.0024700951416263,2.36,77.6463414634146,0.0051366692238758,20.0
MAC,"Macao SAR, China",East Asia & Pacific,1998,31376.4225649646,422300,124.887979200089,,0.0020694104566123,7.0,78.2463414634146,0.0076864219355598,20.0
MAC,"Macao SAR, China",East Asia & Pacific,1999,30270.8085696141,427400,132.256708202737,,0.0011470133912426,9.21,78.9951219512195,0.0052168569079363,20.0
MAC,"Macao SAR, China",East Asia & Pacific,2000,31772.6302531656,430600,147.76978681921,,0.0010998941278363,13.6085897418451,80.1829268292683,,20.0
MAC,"Macao SAR, China",East Asia & Pacific,2001,32441.6760183581,433900,150.023588329221,,0.0012515633431334,22.5212167700561,80.5878048780488,,26.0
MAC,"Macao SAR, China",East Asia & Pacific,2002,34967.8914561813,438400,152.382640999662,,0.0012929490667541,25.1718801643395,80.9463414634146,,27.0
MAC,"Macao SAR, China",East Asia & Pacific,2003,38581.6976189322,443600,150.78839554326,,0.0016655458426564,25.7421239826498,81.0439024390244,,27.0
MAC,"Macao SAR, China",East Asia & Pacific,2004,47665.9330386643,454700,148.903750204961,,0.0014200657384636,31.4840973824121,80.9926829268293,,28.0
MAC,"Macao SAR, China",East Asia & Pacific,2005,49470.940295748,473500,136.372221937073,,0.0008132896970519,34.86289978,81.3414634146341,,28.0
MAC,"Macao SAR, China",East Asia & Pacific,2006,53240.2045750276,498900,128.785689078596,,0.0007628488278371,46.4,81.7292682926829,,28.6
MAC,"Macao SAR, China",East Asia & Pacific,2007,58376.1176047275,520900,130.670598794717,,0.0009144388702092,47.32699966,81.7292682926829,,29.2
MAC,"Macao SAR, China",East Asia & Pacific,2008,58146.3285846714,540700,126.607131209269,,0.0013469057589084,49.24,82.0268292682927,,29.2
MAC,"Macao SAR, China",East Asia & Pacific,2009,59528.8350159491,535000,113.55459255005,,0.0012231624231877,54.0,82.1756097560976,,29.5
MAC,"Macao SAR, China",East Asia & Pacific,2010,74195.0577762344,537000,119.938411439898,,0.0009053361108603,55.198,82.2731707317073,,29.7
MAC,"Macao SAR, China",East Asia & Pacific,2011,88168.9713699088,549600,122.886868700544,,0.000918692177244,60.2036967182195,82.4707317073171,,29.9
MAC,"Macao SAR, China",East Asia & Pacific,2012,93192.885853941,567900,123.711349167944,,0.0006377731448666,61.31,82.4707317073171,,29.9
MAC,"Macao SAR, China",East Asia & Pacific,2013,99054.4980289716,591900,121.375076167887,,0.0005215709086089,65.8,82.7219512195122,,30.3
MAC,"Macao SAR, China",East Asia & Pacific,2014,92383.8434915276,621700,118.580835443557,,0.0007077545799929,69.7809492200465,83.0219512195122,,30.3
MAC,"Macao SAR, China",East Asia & Pacific,2015,69902.9605741233,642900,119.250436813256,,0.0006767019414542,77.6001318608868,83.2243902439024,,30.4
MAC,"Macao SAR, China",East Asia & Pacific,2016,68391.3415491921,652500,112.890232741859,,0.0007663392910052,81.6429854646415,83.2756097560976,,30.5
MAC,"Macao SAR, China",East Asia & Pacific,2017,75650.1261840452,648400,115.454662557842,,0.0008165772439153,83.1740890688259,83.5268292682927,,30.8
MAC,"Macao SAR, China",East Asia & Pacific,2018,79178.6506290559,658900,116.568676845013,,0.0003784953720108,83.7940896091516,83.6780487804878,,32.9
MAC,"Macao SAR, China",East Asia & Pacific,2019,75724.6078280261,672000,115.23129893555,,0.0003453027487693,86.4679257062588,83.9292682926829,,32.9
MAC,"Macao SAR, China",East Asia & Pacific,2020,33853.7761550109,685400,123.43437444297,,0.0009236191197855,87.46230316,84.1292682926829,,32.9
MAC,"Macao SAR, China",East Asia & Pacific,2021,41634.2386139903,682500,171.31597082054,,0.000724556273813,88.46810492,83.7292682926829,,33.0
MAF,St. Martin (French part),Latin America & Caribbean ,1995,,29470,,,,,75.714,,
MAF,St. Martin (French part),Latin America & Caribbean ,1996,,29443,,,,,75.885,,
MAF,St. Martin (French part),Latin America & Caribbean ,1997,,29323,,,,,76.105,,
MAF,St. Martin (French part),Latin America & Caribbean ,1998,,29107,,,,,76.338,,
MAF,St. Martin (French part),Latin America & Caribbean ,1999,,29284,,,,,76.565,,
MAF,St. Martin (French part),Latin America & Caribbean ,2000,,29996,,,,,76.793,,
MAF,St. Martin (French part),Latin America & Caribbean ,2001,,30803,,,,,77.009,,
MAF,St. Martin (French part),Latin America & Caribbean ,2002,,31604,,,,,77.219,,
MAF,St. Martin (French part),Latin America & Caribbean ,2003,,32395,,,,,77.419,,
MAF,St. Martin (French part),Latin America & Caribbean ,2004,,33171,,,,,77.612,,
MAF,St. Martin (French part),Latin America & Caribbean ,2005,,33928,,,,,77.802,,
MAF,St. Martin (French part),Latin America & Caribbean ,2006,,34658,,,,,77.989,,
MAF,St. Martin (French part),Latin America & Caribbean ,2007,,35337,,,,,78.16,,
MAF,St. Martin (French part),Latin America & Caribbean ,2008,,35958,,,,,78.326,,
MAF,St. Martin (French part),Latin America & Caribbean ,2009,,36502,,,,,78.513,,
MAF,St. Martin (French part),Latin America & Caribbean ,2010,,36856,,,,,78.752,,
MAF,St. Martin (French part),Latin America & Caribbean ,2011,,37069,,,0.0,,79.016,,50.0
MAF,St. Martin (French part),Latin America & Caribbean ,2012,,37276,,,,,79.302,,50.0
MAF,St. Martin (French part),Latin America & Caribbean ,2013,,37419,,,,,79.528,,50.0
MAF,St. Martin (French part),Latin America & Caribbean ,2014,,37450,,,0.0,,79.727,,50.0
MAF,St. Martin (French part),Latin America & Caribbean ,2015,,37369,,,,,79.829,,50.0
MAF,St. Martin (French part),Latin America & Caribbean ,2016,,37175,,,,,79.885,,50.0
MAF,St. Martin (French part),Latin America & Caribbean ,2017,,36837,,,,,78.762,,50.0
MAF,St. Martin (French part),Latin America & Caribbean ,2018,,36012,,,,,80.029,,50.0
MAF,St. Martin (French part),Latin America & Caribbean ,2019,,34267,,,,,80.078,,50.0
MAF,St. Martin (French part),Latin America & Caribbean ,2020,,31786,,,,,80.085,,50.0
MAF,St. Martin (French part),Latin America & Caribbean ,2021,,29961,,,,,80.206,,50.0
MAR,Morocco,"Middle East, North Africa, Afghanistan & Pakistan",1995,1705.4482421875,26399429,51.7150253841236,4.34741049396921,0.468832543723716,0.00371,64.725,1.324215077826,446300.0
MAR,Morocco,"Middle East, North Africa, Afghanistan & Pakistan",1996,1886.67224121094,26808107,47.0955434479783,3.94909292657436,0.380019625009187,0.00568,65.226,1.54250352580202,446300.0
MAR,Morocco,"Middle East, North Africa, Afghanistan & Pakistan",1997,1828.96862792969,27213337,51.1501546486104,4.19265940634305,0.396019219633816,0.0216,65.616,1.23533915341754,446300.0
MAR,Morocco,"Middle East, North Africa, Afghanistan & Pakistan",1998,1931.74047851563,27621648,45.6723595943991,3.4563343607373,0.418094042033356,0.142,66.008,1.16236658401693,446300.0
MAR,Morocco,"Middle East, North Africa, Afghanistan & Pakistan",1999,1935.47875976563,28027179,48.578876486646,2.42076323622306,0.27890729826742,0.176,66.404,1.49852401298007,446300.0
MAR,Morocco,"Middle East, North Africa, Afghanistan & Pakistan",2000,1957.14135742188,28423435,53.4403058388785,2.68517230679106,0.305325348108431,0.693791244805455,66.794,1.05879737625584,446300.0
MAR,Morocco,"Middle East, North Africa, Afghanistan & Pakistan",2001,2078.96606445313,28814643,53.4915710187871,3.72613588276971,0.208998473305515,1.37143810096418,67.2,1.14586195589302,446300.0
MAR,Morocco,"Middle East, North Africa, Afghanistan & Pakistan",2002,2127.50708007813,29198142,54.31012791421,3.49178799247956,0.194633365567,2.37325319241544,67.582,0.78487913562408,446300.0
MAR,Morocco,"Middle East, North Africa, Afghanistan & Pakistan",2003,2229.576171875,29571415,52.3318582669923,3.49420754151271,0.242738945207909,3.35336668122363,67.958,1.01920567222469,446300.0
MAR,Morocco,"Middle East, North Africa, Afghanistan & Pakistan",2004,2301.08178710938,29953018,55.5516384744536,3.24946757487646,0.57019059079328,11.6079347729582,68.272,1.19097855399681,446300.0
MAR,Morocco,"Middle East, North Africa, Afghanistan & Pakistan",2005,2342.15478515625,30358144,61.4938276863235,3.25799678207968,0.739189609529312,15.0844445240204,68.748,1.0683153723933,446300.0
MAR,Morocco,"Middle East, North Africa, Afghanistan & Pakistan",2006,2489.99291992188,30771178,64.6721977787154,3.10979654916899,1.17487783805592,19.7711915653115,69.157,1.4588914192153,446300.0
MAR,Morocco,"Middle East, North Africa, Afghanistan & Pakistan",2007,2540.615234375,31186468,71.3496467796657,3.04695366406602,1.4811164112028,21.5,69.62,1.40682774236991,446300.0
MAR,Morocco,"Middle East, North Africa, Afghanistan & Pakistan",2008,2648.58569335938,31606767,77.8344716425602,3.18350142755722,6.0135640292616,33.1,70.051,1.43010154551018,446300.0
MAR,Morocco,"Middle East, North Africa, Afghanistan & Pakistan",2009,2710.66650390625,32030778,62.3709560152269,3.28865184646812,4.04625319267701,41.3,70.454,1.04728545388857,446300.0
MAR,Morocco,"Middle East, North Africa, Afghanistan & Pakistan",2010,2767.04223632813,32467016,69.541979610144,3.39079610106242,5.52351711568337,52.0,70.821,0.975143061791613,446300.0
MAR,Morocco,"Middle East, North Africa, Afghanistan & Pakistan",2011,2879.53930664063,32912588,76.8258714906247,3.29749523520352,7.44006663292583,46.107482597,71.263,1.32899201020771,446300.0
MAR,Morocco,"Middle East, North Africa, Afghanistan & Pakistan",2012,2927.45043945313,33355241,78.2221018956072,3.46275007931538,6.48582252084039,55.4160531914894,71.674,1.40170236233179,446300.0
MAR,Morocco,"Middle East, North Africa, Afghanistan & Pakistan",2013,3008.185546875,33787571,73.8577565315318,3.80578290120645,4.55138703939471,56.0,72.117,1.75759088133939,446300.0
MAR,Morocco,"Middle East, North Africa, Afghanistan & Pakistan",2014,3051.458984375,34204780,71.8935667539398,3.39845864113579,3.52679771804417,56.7746379160074,72.522,1.91895310437175,446300.0
MAR,Morocco,"Middle East, North Africa, Afghanistan & Pakistan",2015,3146.24780273438,34607588,67.2886759253849,2.95999792230728,2.61402225287558,57.0799993486116,72.894,1.39671951053223,446300.0
MAR,Morocco,"Middle East, North Africa, Afghanistan & Pakistan",2016,3124.42504882813,35023457,71.1226603816864,2.98211832955753,2.89821223160529,58.271236420398,73.228,1.8743767714641,446300.0
MAR,Morocco,"Middle East, North Africa, Afghanistan & Pakistan",2017,3242.64428710938,35446392,74.1733578786573,2.94588992031474,3.29989896331367,61.7622120123071,73.608,2.07998478121315,446300.0
MAR,Morocco,"Middle East, North Africa, Afghanistan & Pakistan",2018,3304.7119140625,35839760,77.2548875243989,2.90288871579444,2.41389789515822,64.8038651924043,73.946,0.652413486101861,446300.0
MAR,Morocco,"Middle East, North Africa, Afghanistan & Pakistan",2019,3364.73950195313,36210898,75.9981158798422,2.86579837978571,0.321780512925498,84.1203630467602,74.245,0.592828129335347,446300.0
MAR,Morocco,"Middle East, North Africa, Afghanistan & Pakistan",2020,3090.89428710938,36584208,68.8438033904364,3.97969764255599,0.296128236742874,84.12036305,73.133,1.52210244830714,446300.0
MAR,Morocco,"Middle East, North Africa, Afghanistan & Pakistan",2021,3309.130859375,36954442,75.5234171756506,3.74975618124605,0.391702933228196,88.13031937,73.385,0.710644111622585,446300.0
MCO,Monaco,Europe & Central Asia,1995,107691.036957759,31609,,,0.0,,80.902,,2.027
MCO,Monaco,Europe & Central Asia,1996,108107.402207478,31837,,,0.0,,81.133,,2.027
MCO,Monaco,Europe & Central Asia,1997,109746.977932279,32063,,,0.0,,81.358,,2.027
MCO,Monaco,Europe & Central Asia,1998,112873.551469376,32267,,,0.0,,81.605,,2.027
MCO,Monaco,Europe & Central Asia,1999,116084.526849631,32410,,,0.0,,81.826,,2.027
MCO,Monaco,Europe & Central Asia,2000,120456.449755199,32455,,,0.0,42.1848634460346,82.121,,2.027
MCO,Monaco,Europe & Central Asia,2001,123122.065080301,32447,,,0.0,46.6461423640265,82.485,,2.027
MCO,Monaco,Europe & Central Asia,2002,124481.821747795,32422,,,0.0,48.0471171729696,83.055,,2.027
MCO,Monaco,Europe & Central Asia,2003,126022.179894764,32374,,,0.0,49.4911689195459,83.613,,2.027
MCO,Monaco,Europe & Central Asia,2004,129403.344170518,32307,,,0.0,52.4901966838546,84.151,,2.027
MCO,Monaco,Europe & Central Asia,2005,132253.156279139,32210,,,0.0,55.46480179,84.34,,2.027
MCO,Monaco,Europe & Central Asia,2006,140615.112736683,32057,,,0.0,61.47600174,84.194,,2.027
MCO,Monaco,Europe & Central Asia,2007,162028.404533603,31837,,,0.0,64.37770081,83.903,,2.027
MCO,Monaco,Europe & Central Asia,2008,163243.675530457,31836,,,0.0,67.25,83.827,,2.027
MCO,Monaco,Europe & Central Asia,2009,142375.465128834,32364,,,0.0,70.1,84.187,,2.027
MCO,Monaco,Europe & Central Asia,2010,141814.720026733,33163,,,0.0,75.0,84.644,,2.027
MCO,Monaco,Europe & Central Asia,2011,148272.642343465,33946,,,0.0,80.30000305,85.01,,2.027
MCO,Monaco,Europe & Central Asia,2012,146472.609057682,34711,,,0.0,87.0,85.045,,2.027
MCO,Monaco,Europe & Central Asia,2013,157167.901201149,35447,,,0.0,90.69999695,85.056,,2.027
MCO,Monaco,Europe & Central Asia,2014,165288.122704322,36128,,,0.0,92.40000153,85.093,,2.027
MCO,Monaco,Europe & Central Asia,2015,170437.021128628,36757,,,0.0,93.36329651,85.323,,2.027
MCO,Monaco,Europe & Central Asia,2016,173120.108465128,37276,,,0.0,95.20819855,85.63,,2.027
MCO,Monaco,Europe & Central Asia,2017,165781.701248644,37678,,,0.0,97.0530014,85.878,,2.027
MCO,Monaco,Europe & Central Asia,2018,173041.679774743,38154,,,0.0,,86.084,,2.027
MCO,Monaco,Europe & Central Asia,2019,185582.66851648,38109,,,0.0,98.0,86.151,,2.027
MCO,Monaco,Europe & Central Asia,2020,161262.850134167,38050,,,0.0,98.57080078,86.089,,2.027
MCO,Monaco,Europe & Central Asia,2021,194674.686164262,38527,,,0.0,99.07759857,85.113,,2.084
MDA,Moldova,Europe & Central Asia,1995,1511.95831765054,2953200,128.016386523173,0.925966651311053,0.296026513447815,0.00346,66.218,,32930.0
MDA,Moldova,Europe & Central Asia,1996,1425.9518091471,2947293,129.237536040111,0.906693656299238,0.292635675217652,0.00464,66.248,,32930.0
MDA,Moldova,Europe & Central Asia,1997,1454.80861555923,2936413,127.560400247842,0.90277252095021,0.262545841972771,0.0281,66.484,3.27606875219578,32920.0
MDA,Moldova,Europe & Central Asia,1998,1360.18161095544,2935227,116.803124451539,0.624855228169175,0.22036155853904,0.261,66.84,2.30221425977779,32910.0
MDA,Moldova,Europe & Central Asia,1999,1316.43254916007,2930622,117.527935193889,0.511299142949014,0.351298723227498,0.601,67.205,8.90388982966818,32900.0
MDA,Moldova,Europe & Central Asia,2000,1346.91567176561,2924668,126.163100130478,0.395141963645816,0.314995330975289,1.28284641670022,67.462,9.06966401718982,32880.0
MDA,Moldova,Europe & Central Asia,2001,1432.2768928234,2918135,124.500739599353,0.402592295464743,0.215340731521014,1.48781295215565,67.672,7.49022587072931,32880.0
MDA,Moldova,Europe & Central Asia,2002,1547.57421231612,2911385,129.839525501535,0.419846605695363,0.227964199126278,3.78724279887342,67.793,7.82379543834688,32880.0
MDA,Moldova,Europe & Central Asia,2003,1654.36629303195,2903198,140.056529925052,0.416381264465176,0.260076624122249,7.40754458415897,67.9,5.38316435300482,32870.0
MDA,Moldova,Europe & Central Asia,2004,1781.19145323724,2896023,132.69906968032,0.360979036536125,0.211322275281976,10.629390841654,68.017,4.05930458375243,32880.0
MDA,Moldova,Europe & Central Asia,2005,1919.44550763748,2888985,143.023568469138,0.400235101204801,0.194137366155948,14.6302704551796,68.197,5.00299847359018,32890.0
MDA,Moldova,Europe & Central Asia,2006,2017.17730062908,2880967,137.154763819994,0.48263447637712,0.297372393044233,19.6206477051634,68.423,5.90129892559785,32890.0
MDA,Moldova,Europe & Central Asia,2007,2082.51260097669,2874299,142.720539023021,0.516193541658915,0.199605642635997,20.45,68.674,5.61792779547053,32890.0
MDA,Moldova,Europe & Central Asia,2008,2249.22589719372,2868833,134.4216013477,0.6085356171256,0.22497712039963,23.39,69.0,4.48431455665732,32890.0
MDA,Moldova,Europe & Central Asia,2009,2116.94357544097,2865213,110.363326850495,0.457886649076119,0.207982951961716,27.5,69.406,4.27745866528224,32890.0
MDA,Moldova,Europe & Central Asia,2010,2269.51116145996,2862354,87.9378518951573,0.262879174562087,0.13247898619691,29.68000031,69.876,5.44436286619093,32850.0
MDA,Moldova,Europe & Central Asia,2011,2402.94446306051,2860699,98.6175965326556,0.272949600366091,0.168687807572078,32.06999969,70.173,5.13457291778247,32850.0
MDA,Moldova,Europe & Central Asia,2012,2389.08666147529,2860324,96.3064098336294,0.27407991661782,0.168529747001159,34.65000153,70.344,4.99498126621651,32860.0
MDA,Moldova,Europe & Central Asia,2013,2605.85029986142,2859558,95.6872968332383,0.281261545863777,0.282675631947635,37.43999863,70.291,3.35567223606184,32880.0
MDA,Moldova,Europe & Central Asia,2014,2737.80185056647,2857815,94.2282919690928,0.293185445408591,0.305194557556724,66.9999982002077,70.241,5.06430814956935,32880.0
MDA,Moldova,Europe & Central Asia,2015,2749.55137054338,2835978,88.9664154565323,0.295624500989931,0.329718543865743,69.0000044661932,70.118,3.79019186956943,32880.0
MDA,Moldova,Europe & Central Asia,2016,2910.95486872376,2803186,89.0046837188671,0.344191282076352,0.268595627765572,70.9999991066624,70.179,3.10965613526426,32880.0
MDA,Moldova,Europe & Central Asia,2017,3085.33305844263,2755189,88.6233902754378,0.324532007174344,0.260534449680804,71.76709747,70.375,2.41509139749894,32890.0
MDA,Moldova,Europe & Central Asia,2018,3267.9961042872,2707203,87.4467874275648,0.332323743240549,0.262039473546905,72.54239655,70.236,2.20320952750088,32885.3
MDA,Moldova,Europe & Central Asia,2019,3438.67732670712,2664224,87.6322371148906,0.362122379105516,0.249756859922812,73.32610321,70.181,2.7695639727145,32885.9
MDA,Moldova,Europe & Central Asia,2020,3188.91691602699,2635130,79.265722119158,0.385463275729941,0.245939852669041,74.11830139,69.914,4.40597951537938,32884.6
MDA,Moldova,Europe & Central Asia,2021,3688.16729442144,2595809,88.4708865399267,0.370579924924369,0.235942049452034,74.91899872,68.991,4.27850066744328,32890.0
MDG,Madagascar,Sub-Saharan Africa ,1995,454.537946632781,14051275,45.3744915678324,0.859887969729569,7.72187580414643,,54.845,8.15528585421383,581540.0
MDG,Madagascar,Sub-Saharan Africa ,1996,449.6280870806,14510711,35.8824601668345,1.23763444173934,6.10099854193451,0.0037,55.477,7.43723180456956,581540.0
MDG,Madagascar,Sub-Saharan Africa ,1997,451.303199370831,14990814,36.8737477819441,1.48191235942607,5.98372525542255,0.0143,56.127,20.0975821794062,581540.0
MDG,Madagascar,Sub-Saharan Africa ,1998,453.886174768872,15489364,37.3321870147971,1.34892749207597,5.7146849652343,0.0626,56.803,11.2096861226147,581540.0
MDG,Madagascar,Sub-Saharan Africa ,1999,460.034389996571,16000506,40.9244120208063,1.21022921655833,3.51113304202429,0.169,57.434,8.55611172175423,581540.0
MDG,Madagascar,Sub-Saharan Africa ,2000,465.529509827021,16516338,42.7771226639725,1.21751390900084,3.28334073398533,0.196394691006341,57.974,7.07311247487637,581540.0
MDG,Madagascar,Sub-Saharan Africa ,2001,478.40561494987,17032939,41.0351260923859,1.43584760245284,2.78738585949357,0.222511586178292,58.674,6.99268648676868,581540.0
MDG,Madagascar,Sub-Saharan Africa ,2002,406.70122213637,17549913,50.1816919379298,1.31316157379668,3.50534579179508,0.339720154596142,59.17,7.16403279005939,581540.0
MDG,Madagascar,Sub-Saharan Africa ,2003,433.601040301214,18071854,34.030602917475,1.32475732452129,5.21855839818452,0.423252419277809,59.693,8.66289932055244,581540.0
MDG,Madagascar,Sub-Saharan Africa ,2004,443.278654985967,18606608,48.7753818852156,1.2482266720781,6.16053834340743,0.525353654946669,60.168,25.0975791352521,581540.0
MDG,Madagascar,Sub-Saharan Africa ,2005,450.955230911228,19159707,59.1300849357677,1.07194154854732,5.46552559841922,0.567700028,60.664,15.9695393458985,581540.0
MDG,Madagascar,Sub-Saharan Africa ,2006,461.540337897729,19730909,62.1028389370244,0.977431205130634,5.6245995828571,0.607599974,61.14,12.5531773752348,581540.0
MDG,Madagascar,Sub-Saharan Africa ,2007,473.785462328449,20318583,66.7027353570049,0.961181513313121,6.43424742692885,0.649999976,61.533,10.6276994695394,581540.0
MDG,Madagascar,Sub-Saharan Africa ,2008,490.963935389518,20923840,74.357353960806,0.962892092840992,5.80936537783052,1.649999976,61.992,7.97337244702909,581540.0
MDG,Madagascar,Sub-Saharan Africa ,2009,457.789754866068,21547280,62.4116975958196,0.738132953446095,6.87903891334948,1.629999995,62.304,4.58824881870444,581540.0
MDG,Madagascar,Sub-Saharan Africa ,2010,447.417143030687,22183340,57.8748945101807,0.570214687272478,5.80844502636667,1.700000048,62.597,3.91987521681523,581540.0
MDG,Madagascar,Sub-Saharan Africa ,2011,441.755158414121,22822300,56.4830925951893,0.623191026336477,5.89544167157359,1.899999976,62.86,3.94426003688728,581795.0
MDG,Madagascar,Sub-Saharan Africa ,2012,442.641500123543,23462438,52.6517140811255,0.592764957720632,6.69129717051904,2.299999952,63.007,3.28778810703724,581795.0
MDG,Madagascar,Sub-Saharan Africa ,2013,440.674658903628,24109290,56.3675817900932,0.578559931839726,6.77436297702956,3.0,63.161,4.16060518537766,581800.0
MDG,Madagascar,Sub-Saharan Africa ,2014,443.343869908205,24764348,61.9694322111234,0.556391260884791,7.17890334828133,3.700000048,63.261,4.81130588709127,581800.0
MDG,Madagascar,Sub-Saharan Africa ,2015,445.320069480568,25426702,61.2203788365078,0.520469241195104,8.60993537983163,4.173999786,63.362,6.18902936328174,581800.0
MDG,Madagascar,Sub-Saharan Africa ,2016,451.15659433146,26099952,60.8346984831423,0.501387044175783,8.77277190379424,4.713699818,63.431,5.4328152533716,581800.0
MDG,Madagascar,Sub-Saharan Africa ,2017,456.851859574031,26788375,65.3434015072915,0.506222289767563,7.63973631390415,6.406000137,63.433,6.07559729989975,581800.0
MDG,Madagascar,Sub-Saharan Africa ,2018,459.330367799543,27494926,67.8415046683582,0.532102174287315,5.16989441363436,7.747799873,63.491,5.6501932786507,581800.0
MDG,Madagascar,Sub-Saharan Africa ,2019,467.27741349648,28219554,62.6013230457128,0.545343037675691,4.7078522848274,9.379400253,63.504,5.37087495303583,581800.0
MDG,Madagascar,Sub-Saharan Africa ,2020,422.924255422319,28953556,49.0107073650291,0.673153896375499,5.65950524677075,11.35470009,62.706,10.2606988245525,581800.0
MDG,Madagascar,Sub-Saharan Africa ,2021,431.599103077746,29691083,55.2158585927485,0.67886477563931,5.5311886434036,13.74590015,62.516,7.5871610410107,581800.0
MDV,Maldives,South Asia,1995,5580.26342049427,256649,,,0.012285604764237,0.0,66.962,13.8495522529179,300.0
MDV,Maldives,South Asia,1996,5888.07241870662,262347,,,0.0111959054937224,0.227,67.734,6.18275564491356,300.0
MDV,Maldives,South Asia,1997,6254.75856992657,267707,,,0.0085329418073917,0.309,68.517,4.88446807737102,300.0
MDV,Maldives,South Asia,1998,6599.87173747822,272723,,,0.0080736429158796,0.57,69.303,4.85025789676095,300.0
MDV,Maldives,South Asia,1999,6889.01246088686,277412,,,0.0075231814360662,1.12,70.157,5.44957620823469,300.0
MDV,Maldives,South Asia,2000,7037.08546104613,282019,,,0.007423436692389,2.2038729393788,70.892,3.05281427920012,300.0
MDV,Maldives,South Asia,2001,6647.6503820039,286767,,,0.0054179920724473,3.61729064930367,71.659,2.63755114667062,300.0
MDV,Maldives,South Asia,2002,7012.25568873173,291616,,,0.0053446467461586,5.3477651689359,72.36,2.46281736696525,300.0
MDV,Maldives,South Asia,2003,7845.29307409315,296491,,,0.0051584851379866,5.97659284988557,73.263,1.67244743683499,300.0
MDV,Maldives,South Asia,2004,8174.41607301248,301413,,,0.0046846246567159,6.58825487530861,73.008,2.23164634968809,300.0
MDV,Maldives,South Asia,2005,7141.88377049891,306429,,,0.0049199101042997,6.86960506696215,74.785,6.39247244288083,300.0
MDV,Maldives,South Asia,2006,8620.72814678183,313851,,,0.0050085444738124,11.0363527828647,75.256,2.22172337192531,300.0
MDV,Maldives,South Asia,2007,8933.17166363858,324479,,,0.0073317212601864,16.3,75.711,2.12797521091113,300.0
MDV,Maldives,South Asia,2008,9396.49733610486,336170,,,0.0055548534293441,23.2,75.999,2.66019634342812,300.0
MDV,Maldives,South Asia,2009,8313.4098369723,348275,,,0.0052940747221331,24.8,76.371,1.39172775825161,300.0
MDV,Maldives,South Asia,2010,8569.52494600725,360792,,,0.0089659443934931,26.53,76.756,2.93861494348655,300.0
MDV,Maldives,South Asia,2011,9005.81391375104,373674,,,0.0090711343084652,34.0,77.141,2.00942732343081,300.0
MDV,Maldives,South Asia,2012,8907.66134868182,386818,,,0.0075357798063129,38.93009949,77.512,2.17031123338267,300.0
MDV,Maldives,South Asia,2013,9213.32791442475,400070,,,0.0053091845265809,44.09999847,77.847,0.740356241243841,300.0
MDV,Maldives,South Asia,2014,9612.07861806739,413617,165.97925116043,,0.0051749615676244,49.27999878,78.187,0.674495125023793,300.0
MDV,Maldives,South Asia,2015,9644.90655028145,428154,143.720506661302,,0.0058691981993841,54.4620018,78.607,0.631752673849256,300.0
MDV,Maldives,South Asia,2016,9909.07669723415,443308,144.380212278942,,0.0066332699905883,59.47750092,78.913,0.559856419848434,300.0
MDV,Maldives,South Asia,2017,10263.2991147672,458287,141.912110574952,,0.005250919040168,64.95500183,79.228,1.04660758444596,300.0
MDV,Maldives,South Asia,2018,10793.8941325367,473099,142.491128546618,,0.0025839646267691,70.93689728,79.433,2.67574750529586,300.0
MDV,Maldives,South Asia,2019,11194.9253748064,487731,137.125230875185,,0.002748905294044,77.46970367,79.707,1.3855696929649,300.0
MDV,Maldives,South Asia,2020,7295.60220956454,502118,114.361902904327,,0.0050240698343818,79.09780121,78.713,9.15960333068238,300.0
MDV,Maldives,South Asia,2021,9759.2219360708,516154,142.607296696261,,0.0037018224234721,81.95760345,78.052,2.40576785962369,300.0
MEX,Mexico,Latin America & Caribbean ,1995,7970.64038489585,90862455,43.6658317263397,0.411044545371404,3.70622014950634,0.103,70.703,0.111922500321981,1943950.0
MEX,Mexico,Latin America & Caribbean ,1996,8320.65295687947,92452702,47.7678235339067,0.43569107787377,4.11473850462351,0.2,71.088,0.0730355859649952,1943950.0
MEX,Mexico,Latin America & Caribbean ,1997,8770.8448154628,94021207,46.4918755715735,0.417243861215643,3.18057074248256,0.627,71.472,0.0222844074525077,1943950.0
MEX,Mexico,Latin America & Caribbean ,1998,9161.89527775798,95575245,48.0318841400179,0.405987604918763,1.74627703760617,1.27,71.792,0.0055210869837671,1943950.0
MEX,Mexico,Latin America & Caribbean ,1999,9264.977292523,97115707,48.0122495761105,0.420263793911023,2.3736230088796,1.86,72.203,0.0074311014773697,1943950.0
MEX,Mexico,Latin America & Caribbean ,2000,9581.96970202823,98625552,49.9104091872497,0.4085181378342,3.5781826113811,5.08138415338066,72.562,-0.0055657206996464,1943950.0
MEX,Mexico,Latin America & Caribbean ,2001,9398.35074347946,100099099,44.7401090123173,0.405679210443065,2.60164301698472,7.0380231165045,72.912,0.0126502384095443,1943950.0
MEX,Mexico,Latin America & Caribbean ,2002,9242.27886122367,101548624,45.209829259652,0.391316389699324,2.74840903518892,11.9,73.106,0.0169273061004973,1943950.0
MEX,Mexico,Latin America & Caribbean ,2003,9221.99666685464,102978515,48.7004168690455,0.386714351968895,3.35934793986578,12.9,73.308,0.0152758099654012,1943950.0
MEX,Mexico,Latin America & Caribbean ,2004,9421.28976132695,104394131,52.0406200335632,0.348326583014086,4.19499035807608,14.1,73.432,0.0167380649553544,1943950.0
MEX,Mexico,Latin America & Caribbean ,2005,9491.51730268004,105811504,52.5626446570451,0.340404650226474,5.58648727639514,17.20999908,73.627,0.0221195982837529,1943950.0
MEX,Mexico,Latin America & Caribbean ,2006,9813.82804186659,107253666,54.4821160886169,0.297483414235144,6.1411361184755,19.52000046,73.746,0.0244683173771819,1943950.0
MEX,Mexico,Latin America & Caribbean ,2007,9877.69532636562,108774360,55.2585243990368,0.383092431979546,5.75685331700591,20.81,73.796,0.0103670853922545,1943950.0
MEX,Mexico,Latin America & Caribbean ,2008,9826.34218448486,110374288,56.3652818731773,0.37317675556547,6.7408329915323,21.71,73.695,0.0129411697241231,1943950.0
MEX,Mexico,Latin America & Caribbean ,2009,9074.11881448129,111999721,54.5917421356323,0.478488795822754,4.17264386033762,26.34,73.628,0.020092954593022,1943950.0
MEX,Mexico,Latin America & Caribbean ,2010,9389.06722076504,113623895,59.2733845336286,0.433229899207479,4.9517973655552,31.05,73.718,0.0398787977239566,1943950.0
MEX,Mexico,Latin America & Caribbean ,2011,9575.93437734618,115243504,62.1623872764498,0.447386999972132,7.12685649981166,37.1762954125184,73.921,0.0798776211114356,1943950.0
MEX,Mexico,Latin America & Caribbean ,2012,9782.51776251839,116818208,64.2579318938989,0.455502051174913,6.64761771453207,39.75,74.128,0.0331985037756861,1943950.0
MEX,Mexico,Latin America & Caribbean ,2013,9738.71059661101,118343573,62.6916747661852,0.48764287589738,5.63992841356242,43.46,74.289,0.0436301815720617,1943950.0
MEX,Mexico,Latin America & Caribbean ,2014,9862.4812534745,119784261,64.0984090315875,0.495321031372806,4.74356172979305,44.3856962723411,74.404,0.0611756092718449,1943950.0
MEX,Mexico,Latin America & Caribbean ,2015,10021.2386113616,121072306,70.4129746799259,0.45074282393045,2.18360553071428,57.4310429923633,74.431,0.0271415639964758,1943950.0
MEX,Mexico,Latin America & Caribbean ,2016,10100.5021195819,122251351,75.6903034088551,0.480046272445401,1.97524669608099,59.5404459967255,74.376,0.0747199269179264,1943950.0
MEX,Mexico,Latin America & Caribbean ,2017,10193.7727188313,123400057,76.95212604414,0.424849155540147,2.36148896456378,53.0317886110982,74.261,0.0650211139127928,1943950.0
MEX,Mexico,Latin America & Caribbean ,2018,10296.8690940459,124573711,80.212661650262,0.464611544931539,2.8911069990433,56.6595667981289,74.301,0.0448764768202123,1943950.0
MEX,Mexico,Latin America & Caribbean ,2019,10159.4448367696,125762982,77.4619722509459,0.509337628297564,2.09126302062882,69.6321092705209,74.53,0.0415218389208899,1943950.0
MEX,Mexico,Latin America & Caribbean ,2020,9234.64362226594,126799054,76.8545557151738,0.717690608258695,1.55983378352436,71.49017499,70.449,0.0732682764739702,1943950.0
MEX,Mexico,Latin America & Caribbean ,2021,9728.05680024504,127648148,83.0692976264524,0.659404192954647,3.64307338835023,75.62650476,69.75,0.0440393635274843,1943950.0
MHL,Marshall Islands,East Asia & Pacific,1995,3791.20498901919,48266,106.864260168011,,0.0,0.0,62.515,21.8443596800141,180.0
MHL,Marshall Islands,East Asia & Pacific,1996,3365.11122501281,48775,113.293943603529,,0.0,0.0371,62.765,51.7114939707434,180.0
MHL,Marshall Islands,East Asia & Pacific,1997,3117.27400069023,49259,107.516697046996,,0.0,,63.015,39.3312349357125,180.0
MHL,Marshall Islands,East Asia & Pacific,1998,3067.73739364805,49717,111.950823636278,,0.0,,63.218,29.9562226080224,180.0
MHL,Marshall Islands,East Asia & Pacific,1999,2997.54989841042,50202,107.997734492788,,0.0,0.966,63.421,40.1624726098272,180.0
MHL,Marshall Islands,East Asia & Pacific,2000,3040.59677355737,50706,130.083116724792,,0.0,1.53427179624871,63.323,31.6722205954009,180.0
MHL,Marshall Islands,East Asia & Pacific,2001,3224.7911898754,51123,118.734360460794,,0.0,1.7066140776699,63.735,42.7774844769552,180.0
MHL,Marshall Islands,East Asia & Pacific,2002,3322.41127856101,51425,102.320551682328,,0.0,2.33544457522934,63.848,33.6785792076952,180.0
MHL,Marshall Islands,East Asia & Pacific,2003,3256.97244330835,51639,117.024674269896,,0.0,2.5697503671072,63.956,31.5008094066354,180.0
MHL,Marshall Islands,East Asia & Pacific,2004,3234.15265200518,51791,114.023100075245,,0.0,3.59977681383754,64.044,29.5552399964499,180.0
MHL,Marshall Islands,East Asia & Pacific,2005,3284.78403267445,51906,124.701014492754,,0.0,3.8787023977433,64.112,31.4277678744744,180.0
MHL,Marshall Islands,East Asia & Pacific,2006,3285.12078781351,51992,112.408519553073,,0.0,3.79559021427832,64.207,30.4998168608845,180.0
MHL,Marshall Islands,East Asia & Pacific,2007,3403.47842798117,52035,114.527707641196,,0.0,3.950000048,64.259,27.798052997609,180.0
MHL,Marshall Islands,East Asia & Pacific,2008,3146.26177205458,52030,122.046793997271,,0.0,4.599999905,64.3,28.1088214920616,180.0
MHL,Marshall Islands,East Asia & Pacific,2009,3262.26955535477,52019,128.862235449735,,0.0,5.599999905,64.395,31.9900632403385,180.0
MHL,Marshall Islands,East Asia & Pacific,2010,3441.31888402121,52044,144.804965859714,,0.0,7.0,64.498,12.4670722443524,180.0
MHL,Marshall Islands,East Asia & Pacific,2011,3433.06297801838,51907,153.240162507255,,0.0,10.0,64.641,40.5371686537489,180.0
MHL,Marshall Islands,East Asia & Pacific,2012,3420.91444796671,51419,157.517100166021,,0.0,12.5,64.776,40.0797440946444,180.0
MHL,Marshall Islands,East Asia & Pacific,2013,3602.92811901896,50681,161.91974248927,,0.0,14.0,64.954,42.2638496694745,180.0
MHL,Marshall Islands,East Asia & Pacific,2014,3620.77275283155,49796,149.853494623656,,0.0,16.79999924,65.11,24.4604419813797,180.0
MHL,Marshall Islands,East Asia & Pacific,2015,3764.34426229508,48800,138.489820359281,,0.0,19.28240013,65.292,23.5609610547318,180.0
MHL,Marshall Islands,East Asia & Pacific,2016,3946.8444109078,47709,116.326362735382,,0.0,29.78779984,65.477,4.91938856120395,180.0
MHL,Marshall Islands,East Asia & Pacific,2017,4190.93468589482,46529,125.145250350959,,0.0,38.70119858,65.673,27.7616696554888,180.0
MHL,Marshall Islands,East Asia & Pacific,2018,4542.34293916308,45285,128.482272727273,,0.0,43.88249969,65.87,20.306241561246,180.0
MHL,Marshall Islands,East Asia & Pacific,2019,5162.81500670348,44007,153.007728638901,,0.0,49.75749969,66.047,23.347893760125,180.0
MHL,Marshall Islands,East Asia & Pacific,2020,5172.57528216176,42706,107.825971877585,,0.0,56.41910172,65.387,63.7482773294687,180.0
MHL,Marshall Islands,East Asia & Pacific,2021,5455.31704015278,41367,120.056192355466,,0.0,63.97259903,65.421,37.4067160811946,180.0
MKD,North Macedonia,Europe & Central Asia,1995,2876.0722287817,1998534,72.0437886613838,,0.434615252562727,0.0407,71.8487804878049,1.68836249080793,25430.0
MKD,North Macedonia,Europe & Central Asia,1996,2889.88516353778,2012553,57.9231431142338,2.81367674231936,0.361260336057013,0.076,72.4951219512195,2.29571556272755,25430.0
MKD,North Macedonia,Europe & Central Asia,1997,2954.5238308875,1996869,71.8342589043406,2.12824694412777,0.556824232687975,0.504,72.4463414634146,2.54690080290719,25430.0
MKD,North Macedonia,Europe & Central Asia,1998,3038.13983382569,2007523,76.5874821175197,2.09823976120451,0.331264716180782,1.0,72.2975609756098,2.82617908247955,25430.0
MKD,North Macedonia,Europe & Central Asia,1999,3154.84918240006,2017142,72.6249786897251,1.71382060586219,0.34566348834686,1.5,72.790243902439,7.30438139909652,25430.0
MKD,North Macedonia,Europe & Central Asia,2000,3283.37934095351,2026350,80.1601473580914,1.850821459557,0.416376119896184,2.48556631640066,72.9463414634147,6.77466023861814,25430.0
MKD,North Macedonia,Europe & Central Asia,2001,3169.32514368931,2034882,71.4782105684389,6.10039562766158,0.240279102689032,3.46818460849398,73.4365853658537,6.72490001057368,25430.0
MKD,North Macedonia,Europe & Central Asia,2002,3240.11064526089,2020157,71.5334846721143,2.64559751876128,0.2486522972454,17.33,73.0390243902439,6.89364248023741,25430.0
MKD,North Macedonia,Europe & Central Asia,2003,3307.92040834712,2022725,71.0693204909674,2.34170115867248,0.284074310222365,19.07,73.2414634146342,5.4459036796964,25430.0
MKD,North Macedonia,Europe & Central Asia,2004,3473.76544811451,2016186,80.8704849956907,2.38010407130392,0.529949571288064,24.44,73.5975609756098,4.67471177385576,25430.0
MKD,North Macedonia,Europe & Central Asia,2005,3657.56307699216,2005330,85.8410034787176,2.02926330577443,0.472471662771118,26.45000076,73.6975609756098,3.69787443046887,25430.0
MKD,North Macedonia,Europe & Central Asia,2006,3866.74650622977,1994287,92.5516664675666,1.83653768735825,2.22591304574127,28.62,73.8951219512195,2.93908332928029,25430.0
MKD,North Macedonia,Europe & Central Asia,2007,4140.63354809364,1982933,106.092966003288,1.95006969471653,5.5649093281405,36.29999924,73.8,2.53967213582815,25230.0
MKD,North Macedonia,Europe & Central Asia,2008,4392.5507164151,1971493,111.570054713298,1.74234086894233,0.94997727771704,46.04,74.4,2.07157425468668,25230.0
MKD,North Macedonia,Europe & Central Asia,2009,4405.20045750867,1958782,87.1767537660809,1.68816456224776,0.785735826282886,51.77,74.4463414634146,2.08057224907736,25220.0
MKD,North Macedonia,Europe & Central Asia,2010,4582.36517512347,1946298,97.8810691156562,1.38215461102863,1.48054751512056,51.9,74.9975609756098,2.09161491839497,25220.0
MKD,North Macedonia,Europe & Central Asia,2011,4711.13027870081,1937398,113.19191013947,1.26218709982742,1.31901217415565,56.7,75.1,1.8655590413937,25220.0
MKD,North Macedonia,Europe & Central Asia,2012,4708.05168535923,1929821,112.214834702155,1.22531966171625,1.17381157835713,57.449947312961,74.9024390243903,1.54927705032839,25220.0
MKD,North Macedonia,Europe & Central Asia,2013,4863.68088666968,1922716,104.857229956305,1.16943718855289,1.1286016514686,65.24,75.4,1.86269647239152,25220.0
MKD,North Macedonia,Europe & Central Asia,2014,5053.75001236367,1917557,112.537928969299,1.09296080025624,1.18602847424584,68.0584815397496,75.4512195121951,1.90067498234215,25220.0
MKD,North Macedonia,Europe & Central Asia,2015,5262.68671928674,1912430,113.698443879103,0.99342769175221,0.935040215942746,70.3802030766689,75.4024390243902,2.19872776022047,25220.0
MKD,North Macedonia,Europe & Central Asia,2016,5429.94678358359,1906313,116.185408418026,0.970115977909212,0.866322047138143,72.1568144676058,75.4,1.64281465111346,25220.0
MKD,North Macedonia,Europe & Central Asia,2017,5510.81862920922,1898657,124.13728389629,0.895041406541028,0.804308286542463,74.5168241807954,75.9536585365854,1.38078889306985,25220.0
MKD,North Macedonia,Europe & Central Asia,2018,5698.39334484489,1889051,133.215207648008,0.943108732670231,0.424659195176793,79.1677551850871,76.6487804878049,1.4017004899327,25220.0
MKD,North Macedonia,Europe & Central Asia,2019,5961.58475399191,1876262,138.576231840539,1.15911628553257,0.146172211539348,81.4128827618364,76.6024390243903,1.16863429316816,25220.0
MKD,North Macedonia,Europe & Central Asia,2020,5743.72649424581,1856124,128.241244322257,1.24058656980426,0.144963330218282,81.40553811,74.3951219512195,2.38800508619165,25220.0
MKD,North Macedonia,Europe & Central Asia,2021,6064.92315120022,1837114,146.721411484074,1.45370889108625,0.136921063560563,81.873703,73.2463414634146,2.53403324240999,25220.0
MLI,Mali,Sub-Saharan Africa ,1995,630.924447490876,10185365,45.0810713222269,1.49701708229888,6.17667816210642,,48.292,16.2481328245564,1220190.0
MLI,Mali,Sub-Saharan Africa ,1996,656.777675999074,10407278,38.9934967645734,1.42841059416252,6.17985749617785,0.00206,48.5,13.272032598718,1220190.0
MLI,Mali,Sub-Saharan Africa ,1997,668.480326665269,10646495,45.0487038453973,1.49685223773671,6.75534560859442,0.0101,49.086,12.7712122259628,1220190.0
MLI,Mali,Sub-Saharan Africa ,1998,695.126372030565,10919573,39.8302450902699,1.40463231082634,6.45326618117715,0.0198,49.592,9.02318801628131,1220190.0
MLI,Mali,Sub-Saharan Africa ,1999,707.881746305403,11227415,40.5393029673842,1.49228992788343,3.8524723913247,0.0609,50.06,8.75722509026983,1220190.0
MLI,Mali,Sub-Saharan Africa ,2000,682.497420451512,11559290,44.6657609797786,1.47864974445751,5.46367811888986,0.142545755049184,50.605,8.24982891737086,1220190.0
MLI,Mali,Sub-Saharan Africa ,2001,766.960343250964,11912158,49.3239069918871,1.29517222790027,5.3525949253061,0.185897413256084,51.3,8.88663779459408,1220190.0
MLI,Mali,Sub-Saharan Africa ,2002,766.073669039402,12288050,46.3529227420157,1.26885043144455,6.81256049490343,0.2270455784917,51.995,9.54350165989689,1220190.0
MLI,Mali,Sub-Saharan Africa ,2003,814.808466518784,12684955,46.8915346664544,1.4193331132051,5.30099092296633,0.310364443230575,52.632,10.2145803851276,1220190.0
MLI,Mali,Sub-Saharan Africa ,2004,800.501816705242,13102409,44.0120986426998,1.42199884362637,3.89561485181635,0.432819639900985,53.253,9.30444664792316,1220190.0
MLI,Mali,Sub-Saharan Africa ,2005,794.373328212082,13538647,44.9124085072514,1.38431204093435,2.79148479768263,0.507099986,53.792,10.0330205472776,1220190.0
MLI,Mali,Sub-Saharan Africa ,2006,797.10053288464,13990139,49.0190773451934,1.39141541039687,7.41659931305695,0.729600012,54.305,10.9274845711045,1220190.0
MLI,Mali,Sub-Saharan Africa ,2007,784.893915013531,14457775,46.8977916237168,1.35503402826002,7.86264147796427,0.81,54.756,10.8535150645932,1220190.0
MLI,Mali,Sub-Saharan Africa ,2008,787.156518982091,14940782,53.6430193085481,1.46571486807421,6.91973321599543,1.57,55.187,8.68047102049378,1220190.0
MLI,Mali,Sub-Saharan Africa ,2009,803.486738930068,15435539,40.5413815808137,1.41866425479876,8.60703288880241,1.799999952,55.588,8.41876364421715,1220190.0
MLI,Mali,Sub-Saharan Africa ,2010,821.181286586904,15945198,48.8166953656891,1.37456680820104,7.66975245102324,2.0,55.993,7.61113580198066,1220190.0
MLI,Mali,Sub-Saharan Africa ,2011,818.399030997125,16469049,43.1814699134793,1.2410333300729,8.91011559605289,2.2,56.367,8.45624339391803,1220190.0
MLI,Mali,Sub-Saharan Africa ,2012,786.323471337187,16957033,49.4252356224725,1.19640574526633,12.1110881558093,2.799999952,56.696,6.9450034139284,1220190.0
MLI,Mali,Sub-Saharan Africa ,2013,788.819448208696,17459615,54.603243985999,1.16137913160626,8.51315574828752,3.5,57.052,9.12545390884819,1220190.0
MLI,Mali,Sub-Saharan Africa ,2014,813.97566128646,18020267,51.0786821873053,1.51593383195421,7.24892090404468,7.0,57.482,7.40162290676923,1220190.0
MLI,Mali,Sub-Saharan Africa ,2015,838.11986940103,18593022,53.5751760102265,2.36017445199795,7.42711000514874,10.32999992,57.852,7.86033701875036,1220190.0
MLI,Mali,Sub-Saharan Africa ,2016,860.75307554569,19191289,53.6126193604252,2.58613087357125,8.99083015150657,14.0,58.286,7.36216405357478,1220190.0
MLI,Mali,Sub-Saharan Africa ,2017,878.561348378099,19813011,49.4919984941972,3.02860111373814,7.81614668872422,18.89999962,58.562,7.63757179674661,1220190.0
MLI,Mali,Sub-Saharan Africa ,2018,892.978322787306,20442030,50.6998462523276,2.82359553728652,7.74269774600288,21.39999962,58.873,7.84036507419255,1220190.0
MLI,Mali,Sub-Saharan Africa ,2019,909.751069706998,21068405,53.9987132798636,2.75271658139503,7.85842877214771,24.96030045,59.217,9.18392582641081,1220190.0
MLI,Mali,Sub-Saharan Africa ,2020,872.389426815267,21713836,56.0415474422019,3.39955821425498,9.46967710138959,29.11300087,58.858,7.85280228909771,1220190.0
MLI,Mali,Sub-Saharan Africa ,2021,872.332509422409,22388630,56.7150525565465,3.38177520702573,18.4178821970492,33.95650101,59.116,6.48984920982866,1220190.0
MLT,Malta,"Middle East, North Africa, Afghanistan & Pakistan",1995,12336.7855166478,377419,177.062370993843,0.839629966950651,0.0,0.225,77.290243902439,0.242758534673748,320.0
MLT,Malta,"Middle East, North Africa, Afghanistan & Pakistan",1996,12719.0092297471,379905,164.0985980519,0.871057168117547,0.0,1.05,77.3414634146342,1.8579199303645,320.0
MLT,Malta,"Middle East, North Africa, Afghanistan & Pakistan",1997,13286.7107759756,382791,155.659194191704,0.822349255968959,0.0,3.92,77.7390243902439,0.580965028129653,320.0
MLT,Malta,"Middle East, North Africa, Afghanistan & Pakistan",1998,13877.2477535633,385287,157.046511127364,0.725207281017275,0.0,6.5,77.5878048780488,0.545589568314402,320.0
MLT,Malta,"Middle East, North Africa, Afghanistan & Pakistan",1999,14446.3492424862,387578,165.170976366334,0.68064007256322,0.0,7.76,77.5,0.596135488296,320.0
MLT,Malta,"Middle East, North Africa, Afghanistan & Pakistan",2000,17178.3693621174,390087,189.601220243957,0.628078156689517,0.0,13.1137087111024,78.3487804878049,0.54075809453877,320.0
MLT,Malta,"Middle East, North Africa, Afghanistan & Pakistan",2001,16920.7229743513,393028,161.325358236484,0.666190034371232,0.0,17.8778483243348,78.8439024390244,0.0411167064079679,320.0
MLT,Malta,"Middle East, North Africa, Afghanistan & Pakistan",2002,17255.4217709726,395969,162.524076304792,0.637560681968479,0.0,28.92,78.7390243902439,0.243728403548943,320.0
MLT,Malta,"Middle East, North Africa, Afghanistan & Pakistan",2003,17775.4180936551,398582,154.574162373723,0.629824750823065,0.0,31.64,78.5463414634146,,320.0
MLT,Malta,"Middle East, North Africa, Afghanistan & Pakistan",2004,17728.3576050982,401268,155.889918180937,0.663925031267677,0.0,34.62,79.2536585365854,,320.0
MLT,Malta,"Middle East, North Africa, Afghanistan & Pakistan",2005,18123.2601873346,403834,157.548497906438,0.822526574900827,0.0107363531671732,41.24,79.3,,320.0
MLT,Malta,"Middle East, North Africa, Afghanistan & Pakistan",2006,18479.2043785147,405308,182.434054006847,0.655773991501952,0.0121328675494815,40.41,79.4390243902439,,320.0
MLT,Malta,"Middle East, North Africa, Afghanistan & Pakistan",2007,19342.3162783941,406724,184.831332722969,0.618983130615608,0.0056509041515729,46.9,79.7926829268293,,320.0
MLT,Malta,"Middle East, North Africa, Afghanistan & Pakistan",2008,20064.4517895547,409379,185.749523071551,0.613354639613187,0.0067133791839848,50.08,79.6365853658537,,320.0
MLT,Malta,"Middle East, North Africa, Afghanistan & Pakistan",2009,19635.9067186725,412477,163.556849698349,0.676723897394339,0.0041791563907397,58.86,80.2414634146342,,320.0
MLT,Malta,"Middle East, North Africa, Afghanistan & Pakistan",2010,20750.6382477568,414508,178.232954637612,0.646212685652893,0.0,63.0,81.3975609756098,,320.0
MLT,Malta,"Middle East, North Africa, Afghanistan & Pakistan",2011,20867.9213022084,416268,192.02734125861,0.571705680644883,0.0,68.0198237885462,80.7463414634146,,320.0
MLT,Malta,"Middle East, North Africa, Afghanistan & Pakistan",2012,21529.3882643778,420028,199.213864790311,0.519475728040563,0.0,68.1998742928975,80.7463414634146,,320.0
MLT,Malta,"Middle East, North Africa, Afghanistan & Pakistan",2013,22626.4876843887,424810,187.432252396507,0.498340372182382,0.0,68.9138,81.7463414634146,,320.0
MLT,Malta,"Middle East, North Africa, Afghanistan & Pakistan",2014,23866.0555833557,433481,181.301126701735,0.476026297334065,0.0,73.1141157845193,81.8951219512195,,320.0
MLT,Malta,"Middle East, North Africa, Afghanistan & Pakistan",2015,25529.6693210673,444220,207.196020605057,0.456932902032034,0.0,75.9600189752747,81.7975609756098,,320.0
MLT,Malta,"Middle East, North Africa, Afghanistan & Pakistan",2016,25969.4999809345,454505,213.35947198583,0.496660141239844,0.0,78.0751488032182,82.3536585365854,,320.0
MLT,Malta,"Middle East, North Africa, Afghanistan & Pakistan",2017,28546.6464943104,467106,213.047591305197,0.456702678272601,0.0,81.0119110762945,82.1951219512195,,320.0
MLT,Malta,"Middle East, North Africa, Afghanistan & Pakistan",2018,29536.7913868949,483903,228.098551105175,0.414176632611117,0.0,81.6580442928014,82.2487804878049,,320.0
MLT,Malta,"Middle East, North Africa, Afghanistan & Pakistan",2019,29522.6480165028,503912,233.070440941958,0.491258185670287,0.0,85.7785963798031,82.6585365853659,,320.0
MLT,Malta,"Middle East, North Africa, Afghanistan & Pakistan",2020,27861.80732148,515490,242.361190373928,0.527674290511624,0.0,86.85876183,82.0975609756098,,320.0
MLT,Malta,"Middle East, North Africa, Afghanistan & Pakistan",2021,31419.5031714693,518150,220.072294790099,0.446085155562138,0.0,87.46977742,82.2585365853659,,320.0
MMR,Myanmar,East Asia & Pacific,1995,211.265635944507,42605338,,3.68483237946254,19.0675432411162,,58.671,3.03627753543425,653540.0
MMR,Myanmar,East Asia & Pacific,1996,222.013359775898,43154860,,3.49342786434001,16.9886099764758,,59.169,0.807205416300684,653540.0
MMR,Myanmar,East Asia & Pacific,1997,231.587954116039,43708798,,2.31372237705347,15.0830712313948,,59.523,1.29267867424907,653540.0
MMR,Myanmar,East Asia & Pacific,1998,242.132148131424,44257793,,2.53962410781848,14.6521009115073,,59.896,1.12122544469121,653540.0
MMR,Myanmar,East Asia & Pacific,1999,265.455335144782,44787724,,2.1389500494262,9.29372690499582,0.000152,60.107,0.955079752948007,653540.0
MMR,Myanmar,East Asia & Pacific,2000,298.590464506047,45290841,,2.30851230754143,10.8456569216916,,60.357,1.18686340766385,653540.0
MMR,Myanmar,East Asia & Pacific,2001,328.973872708996,45771139,,1.94785828446242,15.8304411877684,0.0002892773808485,60.64,1.94224812432238,653540.0
MMR,Myanmar,East Asia & Pacific,2002,364.855800192477,46232653,,1.48187129901045,17.4019189724924,0.0004264935063618,60.925,1.75740985259587,653540.0
MMR,Myanmar,East Asia & Pacific,2003,411.498764121919,46667192,,2.07081478779187,20.1839434402257,0.0240641491408465,61.196,1.19511885269231,653540.0
MMR,Myanmar,East Asia & Pacific,2004,463.330135715332,47068772,,1.92006952835836,18.8644610196514,0.024337392002823,61.443,1.1690288065403,653420.0
MMR,Myanmar,East Asia & Pacific,2005,522.099544784661,47438365,,1.66965386990714,18.7820488600823,0.065200001,61.72,1.20886112259001,653360.0
MMR,Myanmar,East Asia & Pacific,2006,586.085579927418,47785135,,,17.7577369198911,0.18204833106115,62.026,1.0051313685165,653470.0
MMR,Myanmar,East Asia & Pacific,2007,651.729730890268,48125043,,,15.8146237862238,0.217128445069958,62.367,0.970907258752306,653520.0
MMR,Myanmar,East Asia & Pacific,2008,714.620419017338,48390793,,,13.9641200526851,0.22,56.364,1.6784078431374,653310.0
MMR,Myanmar,East Asia & Pacific,2009,785.634853157894,48660459,,,8.97077901763052,0.219999999,63.095,0.964778867120792,653300.0
MMR,Myanmar,East Asia & Pacific,2010,854.932478016035,49024382,,,7.98804207462158,0.25,63.479,0.716150395434044,653260.0
MMR,Myanmar,East Asia & Pacific,2011,895.512538750361,49419820,,,7.3614633514873,0.98,63.859,0.633626340853335,653290.0
MMR,Myanmar,East Asia & Pacific,2012,953.123081923425,49837446,,4.12480380212694,5.95623957618071,1.399999976,64.251,0.876575596171047,653150.0
MMR,Myanmar,East Asia & Pacific,2013,1024.69060473254,50262658,,4.11633459177026,5.85283366421301,1.799999952,64.617,6.74398222371237,653080.0
MMR,Myanmar,East Asia & Pacific,2014,1099.24387750099,50681634,,3.78953444074754,7.88242876018736,7.400000095,64.994,2.21388317607396,653080.0
MMR,Myanmar,East Asia & Pacific,2015,1166.73305546337,51089056,,4.30136045141842,6.61317909325215,10.89999962,65.288,2.03219192691644,653080.0
MMR,Myanmar,East Asia & Pacific,2016,1225.37913970989,51495696,,4.08929730356682,6.8108721648708,16.0,65.64,2.49239522610567,652780.0
MMR,Myanmar,East Asia & Pacific,2017,1290.5640902569,51894938,,3.64194876170774,7.82010371696471,23.621081950267,65.909,2.41148816400628,652750.0
MMR,Myanmar,East Asia & Pacific,2018,1361.5683126412,52272247,,2.3597905591242,6.70278022169487,29.37899971,66.232,2.59431559555477,652700.0
MMR,Myanmar,East Asia & Pacific,2019,1440.98988236734,52640713,,2.18974000019248,5.88188183004994,36.54050064,66.457,2.81510738497529,652700.0
MMR,Myanmar,East Asia & Pacific,2020,1301.31386350667,53016522,,3.12332883859715,4.66301426840348,45.4477005,66.612,3.70442473587733,652670.0
MMR,Myanmar,East Asia & Pacific,2021,1136.9956605414,53387102,,4.07092298980473,8.6785038087485,,65.553,2.30907199287479,652670.0
MNE,Montenegro,Europe & Central Asia,1995,,611712,,,,,73.5649268292683,,
MNE,Montenegro,Europe & Central Asia,1996,,611003,,,,,73.4447317073171,,
MNE,Montenegro,Europe & Central Asia,1997,4448.0424963957,609520,,,,,73.3429756097561,,
MNE,Montenegro,Europe & Central Asia,1998,4680.26362026027,607662,,,,,73.2877804878049,,
MNE,Montenegro,Europe & Central Asia,1999,4251.94145360234,606001,,,,,73.1438780487805,,
MNE,Montenegro,Europe & Central Asia,2000,4391.36753581801,604950,87.9252021443203,,0.0,,73.3968048780488,,
MNE,Montenegro,Europe & Central Asia,2001,4421.83790075206,607389,100.409386075314,,0.0,,73.5801951219512,,
MNE,Montenegro,Europe & Central Asia,2002,4488.00506787032,609828,95.2294000160253,,0.0,,73.9652195121951,,
MNE,Montenegro,Europe & Central Asia,2003,4581.10485010973,612267,77.5983890107329,,0.0744036174229074,,74.0557317073171,0.450307087920643,
MNE,Montenegro,Europe & Central Asia,2004,4775.39661599401,613353,100.109654967142,,0.255159492728589,25.3500686036232,74.2056097560976,0.92156672567198,
MNE,Montenegro,Europe & Central Asia,2005,4967.68285096118,614261,104.625139256659,2.69436332580307,0.642225982273086,27.10000038,73.9829268292683,0.169082198550788,
MNE,Montenegro,Europe & Central Asia,2006,5386.53580727982,615025,118.177129375183,2.29071316307389,1.02392931506709,28.89999962,73.8390243902439,3.45654469645759,13450.0
MNE,Montenegro,Europe & Central Asia,2007,5763.03765244158,615875,128.844214152476,1.74405848731746,0.953270459073836,30.79999924,74.3390243902439,2.83594993077626,13450.0
MNE,Montenegro,Europe & Central Asia,2008,6149.68269228913,616969,132.48054069386,1.87218246206494,1.5026500197436,32.90000153,75.1365853658537,2.25796433271145,13450.0
MNE,Montenegro,Europe & Central Asia,2009,5768.65438505628,618294,99.8255760432413,1.84376127299691,0.376838225796534,35.09999847,75.1439024390244,1.83575181748162,13450.0
MNE,Montenegro,Europe & Central Asia,2010,5917.91510729977,619428,98.8684992495822,1.81434774678489,1.13777818472308,37.5,75.990243902439,1.82419317656,13450.0
MNE,Montenegro,Europe & Central Asia,2011,6110.65726880215,620345,106.752728264703,1.74896930267889,1.44368759270254,35.6115412460109,76.0829268292683,2.78685050107181,13450.0
MNE,Montenegro,Europe & Central Asia,2012,5948.37632539014,621418,108.779987603414,1.65646177250839,0.935069599243676,56.8387825490631,76.3,2.48956555836133,13450.0
MNE,Montenegro,Europe & Central Asia,2013,6138.24865275199,622587,103.785966371179,1.45226142609027,0.672962195676965,60.31,76.490243902439,2.5987575214161,13450.0
MNE,Montenegro,Europe & Central Asia,2014,6272.08821761355,623744,100.438431458711,1.47227234869517,0.781260837765096,63.8868840056697,76.3390243902439,2.1638873211696,13450.0
MNE,Montenegro,Europe & Central Asia,2015,6421.00005731419,624651,104.12510886943,1.40371759825531,0.731313641257514,68.1197860085679,76.6024390243903,2.43834292279606,13450.0
MNE,Montenegro,Europe & Central Asia,2016,6634.38197201003,625353,104.135954584294,1.41128063506996,0.837536371542947,69.8816468416779,76.5414634146342,1.95026792777297,13450.0
MNE,Montenegro,Europe & Central Asia,2017,6840.90834101224,625982,106.711366689116,1.36277677368932,1.33941998042343,71.2723325399382,76.6853658536585,2.40618986258688,13450.0
MNE,Montenegro,Europe & Central Asia,2018,7159.46778433252,626438,111.098935509174,1.36929487275714,0.837441665171651,71.5171004874886,77.8853658536585,2.84114816797103,13450.0
MNE,Montenegro,Europe & Central Asia,2019,7470.29237568568,626753,110.0161238696,1.33441196432034,0.616491593549262,73.4766657478691,76.6829268292683,1.74185953194185,13450.0
MNE,Montenegro,Europe & Central Asia,2020,6351.95187949313,626590,87.8612027134909,1.73802726045562,0.723002993565649,77.60879306,75.9317073170732,4.28341745713552,13450.0
MNE,Montenegro,Europe & Central Asia,2021,7198.3012265441,625053,105.719249175045,1.55528019503059,0.637197671980386,82.21969752,73.8243902439024,2.2567983103226,13450.0
MNG,Mongolia,East Asia & Pacific,1995,1499.26495210763,2224945,82.1036587592106,1.62050592646532,12.7224494661582,0.00881,60.892512195122,10.7467817057216,1547438.742
MNG,Mongolia,East Asia & Pacific,1996,1509.32921132514,2259507,77.9740756901741,1.77694736936813,6.75909440795854,0.0182,60.994,12.4068623107243,1547438.742
MNG,Mongolia,East Asia & Pacific,1997,1546.08098489924,2291750,99.9914490021753,1.63873482170006,8.03449122945997,0.113,61.414512195122,15.7023580088058,1547438.742
MNG,Mongolia,East Asia & Pacific,1998,1575.67716165836,2323809,107.351210779428,1.90653754569999,3.9651366893904,0.146,62.0830731707317,15.2724715669375,1547438.742
MNG,Mongolia,East Asia & Pacific,1999,1601.31353865438,2356813,112.241338547745,1.8350123058221,3.29386885807561,0.508,62.7895365853659,16.6962118845225,1547438.742
MNG,Mongolia,East Asia & Pacific,2000,1598.31282040605,2388299,121.886609754208,2.02248060815309,5.22235025250685,1.25565200358112,63.2104878048781,16.3974362506615,1547438.742
MNG,Mongolia,East Asia & Pacific,2001,1625.46152259484,2417751,115.81832687888,1.78165840784985,5.74160516265939,1.65323823906982,63.3917073170732,14.4788452152441,1547438.742
MNG,Mongolia,East Asia & Pacific,2002,1680.65335337555,2449027,118.517253113943,1.79556721143698,4.4989917153818,2.0395726034818,63.540243902439,13.1862272939499,1547438.968
MNG,Mongolia,East Asia & Pacific,2003,1775.64906676137,2480374,120.299393514881,1.50969431652769,4.59850143279864,,63.5753658536585,13.4845724382227,1554686.058
MNG,Mongolia,East Asia & Pacific,2004,1942.36263694017,2508412,131.329318233554,1.38273006263926,14.9665125748657,,64.630243902439,11.0795005439362,1554444.019
MNG,Mongolia,East Asia & Pacific,2005,2060.26168223171,2536407,122.381459889773,1.01728588491723,16.7845880489393,9.0,65.2807317073171,7.89729685767689,1554444.091
MNG,Mongolia,East Asia & Pacific,2006,2209.74321787628,2567168,112.929983096983,0.961656696108958,28.4255991071812,9.0,65.9021951219512,5.41024927486921,1557459.093
MNG,Mongolia,East Asia & Pacific,2007,2403.72416258662,2601850,117.880426425377,1.05327216611992,27.4768520904907,9.0,66.5934146341464,5.12601302144805,1557459.093
MNG,Mongolia,East Asia & Pacific,2008,2576.71295838607,2643201,121.198013401183,0.823306745414827,30.7370693872761,9.800000191,67.2460975609756,4.23206243850226,1557465.087
MNG,Mongolia,East Asia & Pacific,2009,2498.72967493254,2691115,107.813757166177,0.629698225139809,23.7157273322455,10.0,67.9690243902439,6.99090327225126,1557465.134
MNG,Mongolia,East Asia & Pacific,2010,2611.67326563924,2738622,103.350031656557,0.762997245666295,35.907762365776,10.2,68.5056097560976,3.86996703907043,1557292.418
MNG,Mongolia,East Asia & Pacific,2011,3010.81642672623,2786317,126.999228633482,0.837270236688781,42.2166543859938,12.4999911084745,69.109268292683,3.53273882651551,1557251.947
MNG,Mongolia,East Asia & Pacific,2012,3318.16496597089,2839705,109.588564338415,0.924305618490081,22.2729540576189,16.4,69.500243902439,3.93650386313531,1557251.947
MNG,Mongolia,East Asia & Pacific,2013,3628.90708069575,2899011,100.311989662943,0.822311489894261,18.6702255850788,17.699984237,70.0980487804878,3.62649542431166,1557253.053
MNG,Mongolia,East Asia & Pacific,2014,3830.35892049593,2963113,109.322311877187,0.85972525833079,16.08653421855,19.9424474349209,70.5831707317073,2.82132923537257,1557252.921
MNG,Mongolia,East Asia & Pacific,2015,3838.92126989984,3026864,89.653663477814,0.875507832442284,9.87899879376714,22.5000041337688,70.810243902439,2.21864333198472,1557255.4
MNG,Mongolia,East Asia & Pacific,2016,3817.91962716702,3088856,101.055237224997,0.863910995114833,10.050012393618,22.2657705007562,70.2239024390244,3.17409515351423,1557255.4
MNG,Mongolia,East Asia & Pacific,2017,3956.2049437134,3148917,115.932901867963,0.762153816975996,17.0883999734036,23.71430016,70.5434146341463,7.75507453241401,1557255.4
MNG,Mongolia,East Asia & Pacific,2018,4183.85566447661,3208189,126.355873241513,0.668952463384853,19.8676151919941,47.1300018848989,70.8270731707317,2.79316739093683,1557255.0
MNG,Mongolia,East Asia & Pacific,2019,4337.8167085432,3267673,124.396514621165,0.661538119118052,14.7739570464507,51.079994082603,71.0531707317073,2.46300068011568,1557258.0
MNG,Mongolia,East Asia & Pacific,2020,4066.03410882791,3327204,112.838647629317,0.709909468541962,13.4736928829141,62.50002848,71.3490243902439,5.83620477559177,1557506.803
MNG,Mongolia,East Asia & Pacific,2021,4063.53669849245,3383741,119.098078437771,0.619505072530135,33.1372162654312,81.60682285,71.6451219512195,2.17080029675054,1557507.0
MNP,Northern Mariana Islands,East Asia & Pacific,1995,,48176,,,,,71.938,,460.0
MNP,Northern Mariana Islands,East Asia & Pacific,1996,,51706,,,,,72.442,,460.0
MNP,Northern Mariana Islands,East Asia & Pacific,1997,,56596,,,,,72.947,,460.0
MNP,Northern Mariana Islands,East Asia & Pacific,1998,,61337,,,,,73.573,,460.0
MNP,Northern Mariana Islands,East Asia & Pacific,1999,,65916,,,,,74.262,,460.0
MNP,Northern Mariana Islands,East Asia & Pacific,2000,,68356,,,,,74.9,,460.0
MNP,Northern Mariana Islands,East Asia & Pacific,2001,,67984,,,,,75.419,,460.0
MNP,Northern Mariana Islands,East Asia & Pacific,2002,24066.5361573445,66778,151.947040498442,,0.0,,75.934,,460.0
MNP,Northern Mariana Islands,East Asia & Pacific,2003,24650.0405531909,65421,152.703793381759,,0.0,,76.505,,460.0
MNP,Northern Mariana Islands,East Asia & Pacific,2004,24445.4618441919,63938,178.099173553719,,0.0,,76.789,,460.0
MNP,Northern Mariana Islands,East Asia & Pacific,2005,21882.2927935415,62354,174.552309142319,,0.0,,77.307,,460.0
MNP,Northern Mariana Islands,East Asia & Pacific,2006,20940.1619770428,60682,159.69696969697,,0.0,,77.688,,460.0
MNP,Northern Mariana Islands,East Asia & Pacific,2007,20117.7037335229,58941,128.571428571429,,0.0,,77.863,,460.0
MNP,Northern Mariana Islands,East Asia & Pacific,2008,18451.3905458787,57150,100.851970181044,,0.0,,77.938,,460.0
MNP,Northern Mariana Islands,East Asia & Pacific,2009,15710.5807282039,55325,84.5283018867925,,0.0,,77.903,,460.0
MNP,Northern Mariana Islands,East Asia & Pacific,2010,16293.3059496259,54091,92.6157697121402,,0.0,,77.8,,460.0
MNP,Northern Mariana Islands,East Asia & Pacific,2011,15226.1308805108,53608,105.075445816187,,0.0,,77.688,,460.0
MNP,Northern Mariana Islands,East Asia & Pacific,2012,15457.4258192247,53234,114.879356568365,,0.0,,77.566,,460.0
MNP,Northern Mariana Islands,East Asia & Pacific,2013,16015.0349164338,52758,120.077720207254,,0.0,,77.452,,460.0
MNP,Northern Mariana Islands,East Asia & Pacific,2014,16869.5270385638,52178,119.831730769231,,0.0,,77.377,,460.0
MNP,Northern Mariana Islands,East Asia & Pacific,2015,17665.1007493109,51514,122.747252747253,,0.0,,77.36,,460.0
MNP,Northern Mariana Islands,East Asia & Pacific,2016,23158.5744988538,50773,152.845528455285,,0.0,,77.392,,460.0
MNP,Northern Mariana Islands,East Asia & Pacific,2017,28989.3470221339,49959,131.410256410256,,0.0,,77.47,,460.0
MNP,Northern Mariana Islands,East Asia & Pacific,2018,23756.6075820248,49077,108.762490392006,,0.0,,77.51,,460.0
MNP,Northern Mariana Islands,East Asia & Pacific,2019,21451.4401636511,48129,104.749787955895,,0.0,,77.844,,460.0
MNP,Northern Mariana Islands,East Asia & Pacific,2020,15410.1186923944,47528,78.9838337182448,,,,78.03,,460.0
MNP,Northern Mariana Islands,East Asia & Pacific,2021,16365.016735395,46979,78.8840262582057,,,,78.16,,460.0
MOZ,Mozambique,Sub-Saharan Africa ,1995,212.086249862904,15960530,63.7735360253924,1.09304195371498,19.4861261399571,,46.546,36.0135939063935,786380.0
MOZ,Mozambique,Sub-Saharan Africa ,1996,227.198486695187,16492480,51.0292925616374,0.894205564420208,14.4718745782002,0.00304,47.121,22.5187188448406,786380.0
MOZ,Mozambique,Sub-Saharan Africa ,1997,247.184945629196,16949982,43.2986819731024,0.862075979464516,11.2193510071238,0.0118,47.8,19.8028350122359,786380.0
MOZ,Mozambique,Sub-Saharan Africa ,1998,266.672705397492,17340464,39.0075460593046,0.887476838774871,10.2634941473695,0.0202,48.212,19.1808072143196,786380.0
MOZ,Mozambique,Sub-Saharan Africa ,1999,291.560018665606,17734506,45.5276131355411,0.899191140105439,5.9357267119748,0.0563,48.837,13.2870098752409,786380.0
MOZ,Mozambique,Sub-Saharan Africa ,2000,287.390630344484,18129653,47.9208808015891,0.933474909084702,6.21223527949675,0.109592530041641,49.476,15.8143619924716,786380.0
MOZ,Mozambique,Sub-Saharan Africa ,2001,317.185703581034,18537729,50.4153095777265,0.895889123487939,6.28945069549311,0.160031946644069,50.259,17.7251147244034,786380.0
MOZ,Mozambique,Sub-Saharan Africa ,2002,340.13537022259,18958338,73.309162757423,0.89920614095398,7.15607959007746,0.259612611253739,50.879,41.4648484887191,786380.0
MOZ,Mozambique,Sub-Saharan Africa ,2003,356.521157404125,19392475,70.1683599479183,0.90789369830672,10.0969874352829,0.419538843913707,51.383,16.3527561841075,786380.0
MOZ,Mozambique,Sub-Saharan Africa ,2004,377.064958084878,19840313,72.0520001612374,0.978051637223721,7.99532685365388,0.679447835392438,51.855,16.0226663920446,786380.0
MOZ,Mozambique,Sub-Saharan Africa ,2005,391.699758163976,20304569,72.0092609780982,0.701900109021606,7.51808300528586,0.854399979,52.322,15.1593576051145,786380.0
MOZ,Mozambique,Sub-Saharan Africa ,2006,420.526462764726,20787087,67.3498976872689,0.603997650979439,8.50524215312992,0.842954488044236,52.748,18.4999542250262,786380.0
MOZ,Mozambique,Sub-Saharan Africa ,2007,442.049574057751,21287635,66.1203821840516,0.634745730219107,9.80505322870557,0.91,53.255,17.4658493314862,786380.0
MOZ,Mozambique,Sub-Saharan Africa ,2008,460.94729485679,21819036,64.981416499828,0.647887786238704,10.2039173979552,1.56,53.799,16.2324094509745,786380.0
MOZ,Mozambique,Sub-Saharan Africa ,2009,475.788178051193,22391745,67.898572768141,0.687406495551449,10.0220013623256,2.68,54.4,16.805089196664,786380.0
MOZ,Mozambique,Sub-Saharan Africa ,2010,494.162859074785,22999235,73.8373532681892,0.869180245993684,10.2684840762505,4.17,55.04,16.0523056595868,786380.0
MOZ,Mozambique,Sub-Saharan Africa ,2011,514.869957191994,23649039,84.4062119333019,0.813112431836901,11.3709466025082,4.599999905,55.733,14.3793863526581,786380.0
MOZ,Mozambique,Sub-Saharan Africa ,2012,540.2945177803,24337846,105.934588060511,0.833531162295525,11.9192598207508,5.0,56.46,12.4706011814047,786380.0
MOZ,Mozambique,Sub-Saharan Africa ,2013,559.393953685688,25051611,109.38537659913,0.918079927497185,11.6325534065914,5.5,57.189,13.4934095145826,786380.0
MOZ,Mozambique,Sub-Saharan Africa ,2014,585.266716133984,25788475,116.356855242217,0.96645825007793,11.9039028509476,6.0,57.965,11.8472671221558,786380.0
MOZ,Mozambique,Sub-Saharan Africa ,2015,610.563774706589,26547572,98.7612036510901,0.826910016335521,12.2160721685778,6.5,58.711,11.4346704878573,786380.0
MOZ,Mozambique,Sub-Saharan Africa ,2016,620.779714954555,27337105,110.394358201481,0.919413170302599,16.3133886142564,7.0,59.455,12.9612205859853,786380.0
MOZ,Mozambique,Sub-Saharan Africa ,2017,618.397694360334,28166393,105.745640702087,0.984570977671917,18.0510410834352,7.7963266079129,60.148,14.0170423074241,786380.0
MOZ,Mozambique,Sub-Saharan Africa ,2018,621.153734194787,29018644,124.607457525372,1.30860718971448,16.3975888133586,10.89999962,60.79,12.3794840047796,786380.0
MOZ,Mozambique,Sub-Saharan Africa ,2019,617.13932000195,29884380,105.591171401921,1.38807982041907,12.6767242973038,12.47929955,61.306,12.092576467105,786380.0
MOZ,Mozambique,Sub-Saharan Africa ,2020,591.804059985932,30783688,99.906146051979,2.02272611905463,11.8639361284365,14.28740025,61.39,18.3358986998219,786380.0
MOZ,Mozambique,Sub-Saharan Africa ,2021,588.215854695416,31707800,112.078964458333,1.91141353069573,14.9074768559672,16.35759926,60.268,14.4437331804925,786380.0
MRT,Mauritania,Sub-Saharan Africa ,1995,1422.1984656624,2312017,73.416940256179,2.26015463356202,3.79533707491117,,58.861,11.4121657928492,1030700.0
MRT,Mauritania,Sub-Saharan Africa ,1996,1475.48821595821,2358188,70.4558897549272,2.62634120713694,4.04042241145453,,58.915,12.6269754446962,1030700.0
MRT,Mauritania,Sub-Saharan Africa ,1997,1384.62072172965,2411306,62.7495635657126,2.96726008736906,4.10615710498008,0.00417,59.417,11.4448386536281,1030700.0
MRT,Mauritania,Sub-Saharan Africa ,1998,1386.65535143801,2474651,51.3910125506772,1.86244096675618,5.83623168206126,0.0406,59.89,8.05810449666055,1030700.0
MRT,Mauritania,Sub-Saharan Africa ,1999,1399.6677525752,2541698,49.016938039756,2.27363788853198,3.39847601062594,0.118,60.443,11.0488559315186,1030700.0
MRT,Mauritania,Sub-Saharan Africa ,2000,1307.91078676112,2613441,58.9403747670668,2.92800544546355,3.27487284480144,0.192031462434805,61.044,12.4703679430554,1030700.0
MRT,Mauritania,Sub-Saharan Africa ,2001,1265.81694335882,2678760,60.7012124604715,4.00238442248896,6.76491230332295,0.261448551967195,61.662,16.4974411465154,1030700.0
MRT,Mauritania,Sub-Saharan Africa ,2002,1255.23785465583,2738655,56.7855296001806,2.73938350984677,7.673552402895,0.363229414608579,62.249,19.8297302708288,1030700.0
MRT,Mauritania,Sub-Saharan Africa ,2003,1311.83928290699,2802046,55.3180243332438,3.99527571653134,4.46007581951187,0.424004895843197,62.805,12.3693194720635,1030700.0
MRT,Mauritania,Sub-Saharan Africa ,2004,1342.01926086998,2868664,75.2188046787959,3.83812011166649,8.86006911174684,0.481470438230954,63.369,8.02179410407934,1030700.0
MRT,Mauritania,Sub-Saharan Africa ,2005,1422.08355395812,2939059,88.2350995596491,3.05155577623304,19.3863218849001,0.670000017,63.92,6.29204825531456,1030700.0
MRT,Mauritania,Sub-Saharan Africa ,2006,1641.14052210995,3013660,82.7885012130323,2.69364721669718,25.6238205360937,0.979700029,64.493,5.62564555029419,1030700.0
MRT,Mauritania,Sub-Saharan Africa ,2007,1567.52103874761,3093059,86.0640556779132,,32.0888421353342,1.433599949,64.885,8.14041480089303,1030700.0
MRT,Mauritania,Sub-Saharan Africa ,2008,1518.05671993749,3183269,94.1202110004251,3.059333957503,38.3954688806903,1.870000005,65.233,8.77390661583978,1030700.0
MRT,Mauritania,Sub-Saharan Africa ,2009,1472.73229282851,3284448,82.0086176018151,3.13532417025639,20.8447858815571,2.279999971,65.485,7.8880775336841,1030700.0
MRT,Mauritania,Sub-Saharan Africa ,2010,1463.84763242531,3390965,93.4207451334608,,33.2699514566613,4.0,65.661,5.65308587623872,1030700.0
MRT,Mauritania,Sub-Saharan Africa ,2011,1476.23923867862,3502811,98.485329604158,,30.8504418081025,4.5,65.754,5.77548448693851,1030700.0
MRT,Mauritania,Sub-Saharan Africa ,2012,1492.69966692583,3619034,110.788122743421,2.11497466612287,21.4879263870309,5.0,65.808,6.26836030177909,1030700.0
MRT,Mauritania,Sub-Saharan Africa ,2013,1506.66419033006,3734318,102.398824183169,1.99659728958967,16.9330193063232,6.199999809,65.89,4.19007276301252,1030700.0
MRT,Mauritania,Sub-Saharan Africa ,2014,1524.45340969502,3848514,91.610371363604,2.19709519242621,13.1805355570468,11.80000019,66.207,4.09800538612797,1030700.0
MRT,Mauritania,Sub-Saharan Africa ,2015,1558.84205473416,3965959,77.3467864944966,2.15557240363879,6.19132704450206,17.60000038,66.498,5.4897836086881,1030700.0
MRT,Mauritania,Sub-Saharan Africa ,2016,1531.87725661699,4086657,73.1532616736712,2.14548780076745,8.04558334879584,19.23279953,66.823,4.88423738652365,1030700.0
MRT,Mauritania,Sub-Saharan Africa ,2017,1580.01453100123,4210600,78.8149801833884,2.12109845694596,9.09659277147784,21.01720047,67.088,4.34373780297796,1030700.0
MRT,Mauritania,Sub-Saharan Africa ,2018,1606.91539159026,4337685,89.1467294935148,2.13128230977177,2.808310001036,22.96699905,67.419,6.02945961784724,1030700.0
MRT,Mauritania,Sub-Saharan Africa ,2019,1609.15396170643,4467708,93.4866941351317,1.99633301217738,2.61191416207025,25.0977993,67.64,5.09483222856053,1030700.0
MRT,Mauritania,Sub-Saharan Africa ,2020,1557.19511875153,4600131,86.7761681322741,2.38926918122421,2.43870903966116,29.90649986,66.794,7.93058392628736,1030700.0
MRT,Mauritania,Sub-Saharan Africa ,2021,1524.11753502309,4734874,88.3068737571235,2.29399489807024,11.4487520863931,35.63660049,66.762,4.99040890882395,1030700.0
MUS,Mauritius,Sub-Saharan Africa ,1995,4605.76436655081,1122457,118.148720557781,0.332825601093285,0.0125537998009489,,70.3258536585366,0.584447193519174,2030.0
MUS,Mauritius,Sub-Saharan Africa ,1996,4813.64243758838,1133996,126.159212478576,0.293390184375287,0.013935147862232,0.184,70.3229268292683,0.458137787811549,2030.0
MUS,Mauritius,Sub-Saharan Africa ,1997,5024.11496458349,1148284,126.107505043338,0.2340788927524,0.0134035763044408,0.476,70.4048780487805,0.995210404240663,2030.0
MUS,Mauritius,Sub-Saharan Africa ,1998,5273.4376456861,1160421,130.442832961932,0.202814817776534,0.0208079485801981,2.57,70.6073170731707,0.962293550280804,2030.0
MUS,Mauritius,Sub-Saharan Africa ,1999,5342.7700968418,1175267,128.954991253643,0.208135283363803,0.0202081785305594,4.65,70.9609756097561,0.953550312811769,2030.0
MUS,Mauritius,Sub-Saharan Africa ,2000,5724.49584395791,1186873,120.687648773646,0.200718816089576,0.0117784211704657,7.28153511499385,71.6634146341463,0.440618745418622,2030.0
MUS,Mauritius,Sub-Saharan Africa ,2001,5869.56961565396,1196287,128.05457898019,0.194580389102996,0.0117589422349643,8.78090401892036,71.7658536585366,0.453804173951267,2030.0
MUS,Mauritius,Sub-Saharan Africa ,2002,5923.09482066607,1204621,118.230470380251,0.196270033883066,0.0113185119211624,10.252624671916,71.9658536585366,0.484784582409358,2030.0
MUS,Mauritius,Sub-Saharan Africa ,2003,6228.82545560651,1213370,108.655579313428,0.187102773867202,0.010684499152159,12.1871062041308,72.1170731707317,-0.247592844996054,2030.0
MUS,Mauritius,Sub-Saharan Africa ,2004,6457.90977761094,1221003,107.027698267505,0.166216849736244,0.0068195340773382,13.6890885885342,72.2658536585366,0.493011679591342,2030.0
MUS,Mauritius,Sub-Saharan Africa ,2005,6533.89994300683,1228254,121.608743996836,0.160674051849869,0.0065760658381496,15.1722002,72.4321951219512,0.523739415726601,2030.0
MUS,Mauritius,Sub-Saharan Africa ,2006,6819.92708580325,1233996,124.782280192468,0.153856508278369,0.0081643474543589,16.7,72.4321951219512,0.270913423780958,2030.0
MUS,Mauritius,Sub-Saharan Africa ,2007,7180.23173197486,1239630,118.623600490745,0.142725039281222,0.0083790947356066,20.22,72.5707317073171,0.828993795999449,2030.0
MUS,Mauritius,Sub-Saharan Africa ,2008,7545.15683789094,1244121,113.493057748566,0.15595207103506,0.0085716280757638,21.81,72.5707317073171,1.0731564891435,2030.0
MUS,Mauritius,Sub-Saharan Africa ,2009,7778.25811331163,1247429,102.458365840232,0.167777183674029,0.0114110119806519,22.51,72.8824390243903,1.71667815057762,2030.0
MUS,Mauritius,Sub-Saharan Africa ,2010,8100.95282599507,1250400,111.508202075575,0.148689589780391,0.0974197638212974,28.33,72.9673170731707,1.25107852768919,2030.0
MUS,Mauritius,Sub-Saharan Africa ,2011,8423.28220250903,1252404,115.552473002804,0.152035252096647,0.11394942379722,34.95000076,73.2668292682927,1.61837477176352,1997.0
MUS,Mauritius,Sub-Saharan Africa ,2012,8694.84560747968,1255882,117.447639083027,0.14279440115901,0.0967703151522881,35.42,73.8634146341464,1.44077966731472,1997.0
MUS,Mauritius,Sub-Saharan Africa ,2013,8968.51243536773,1258927,136.552117959236,0.188733237769964,0.0778091714247043,40.116825135,74.0170731707317,1.12510090675945,1997.0
MUS,Mauritius,Sub-Saharan Africa ,2014,9297.64820128968,1261208,135.099064765426,0.151017482159405,0.0835433781723541,44.8032753683379,74.1943902439024,0.323779564651616,1997.0
MUS,Mauritius,Sub-Saharan Africa ,2015,9630.5437837507,1262879,133.135069083677,0.142301917631184,0.0279823507404004,50.1393184766711,74.3531707317073,0.617031759927573,1997.0
MUS,Mauritius,Sub-Saharan Africa ,2016,9997.89198315532,1263747,126.310008998042,0.174701755953711,0.0271234375700913,52.19129944,74.3948780487805,0.318596600477018,1997.0
MUS,Mauritius,Sub-Saharan Africa ,2017,10383.8832682578,1264887,126.964059884888,0.16537629451361,0.0033925221114426,55.4032403002657,74.5146341463415,0.0997128415291393,1997.0
MUS,Mauritius,Sub-Saharan Africa ,2018,10805.4615213739,1265577,123.538984386544,0.156385299781821,0.0024072017824738,58.596169704299,74.4163414634146,0.43736998697953,1997.0
MUS,Mauritius,Sub-Saharan Africa ,2019,11111.3423669526,1265985,127.940899064133,0.148796738188038,0.0023597874187131,61.7299551453346,74.2358536585366,0.149680563529287,1997.0
MUS,Mauritius,Sub-Saharan Africa ,2020,9533.5982796049,1266014,121.12522550435,0.161615351006251,0.0026299613568509,67.73290684,74.1770731707317,2.67844415901431,1997.0
MUS,Mauritius,Sub-Saharan Africa ,2021,9849.34891121846,1266334,135.19300461461,0.171377098585721,0.0027152691322786,71.59999847,73.680243902439,2.30084474727509,1997.0
MWI,Malawi,Sub-Saharan Africa ,1995,385.279714072363,10150117,,0.323789982357904,18.314016528775,,43.804,21.3964544493184,94280.0
MWI,Malawi,Sub-Saharan Africa ,1996,405.397063690478,10352228,,0.361847121057508,10.6406276241143,,44.005,14.8374473862045,94280.0
MWI,Malawi,Sub-Saharan Africa ,1997,412.4131068375,10562035,,0.406114394732904,8.30341051996053,0.00467,44.2,8.87822246229336,94280.0
MWI,Malawi,Sub-Saharan Africa ,1998,419.313245170577,10792876,,0.338641668549055,12.9038429613876,0.0181,44.3,17.311214301967,94280.0
MWI,Malawi,Sub-Saharan Africa ,1999,422.099909963762,11047804,,0.332170301359544,9.90428833075201,0.0873,45.06,17.456065322135,94280.0
MWI,Malawi,Sub-Saharan Africa ,2000,418.592985038462,11315942,,0.275495027044514,10.1509116653401,0.126780944756387,46.17,17.7834996048155,94280.0
MWI,Malawi,Sub-Saharan Africa ,2001,388.260039763569,11593058,,0.30354064447686,9.93791742339101,0.164020725330811,47.205,16.6599215207389,94280.0
MWI,Malawi,Sub-Saharan Africa ,2002,385.308980237095,11880440,,0.301011297279539,5.80694889486208,0.21509472652259,48.176,7.53017964635851,94280.0
MWI,Malawi,Sub-Saharan Africa ,2003,397.224846758815,12181574,,0.290335696389997,8.64215061116182,0.278815116302304,49.601,11.2259102471242,94280.0
MWI,Malawi,Sub-Saharan Africa ,2004,408.064916052765,12500737,,0.448770022775966,6.39211290059216,0.347505334967577,51.073,10.1222764653904,94280.0
MWI,Malawi,Sub-Saharan Africa ,2005,410.267979592536,12840031,,0.742373659905014,6.82450197846741,0.384499997,52.469,10.8634050804976,94280.0
MWI,Malawi,Sub-Saharan Africa ,2006,417.877689776503,13198701,,0.552309217409022,6.78461168008871,0.425099999,53.652,12.5053042556621,94280.0
MWI,Malawi,Sub-Saharan Africa ,2007,445.254305419586,13576343,,0.538318180673433,7.97931680799651,0.965864736553132,54.687,11.9228696593166,94280.0
MWI,Malawi,Sub-Saharan Africa ,2008,465.55147298007,13976417,,0.593494429088422,8.72702659415971,0.7,55.715,11.9766055652863,94280.0
MWI,Malawi,Sub-Saharan Africa ,2009,489.631418790158,14395788,,0.6745044979156,7.04042216088488,1.07,56.714,8.64129331397517,94280.0
MWI,Malawi,Sub-Saharan Africa ,2010,508.088650552846,14826463,,0.510085444003662,6.02572508561474,2.26,57.787,8.81993079964335,94280.0
MWI,Malawi,Sub-Saharan Africa ,2011,517.833736624232,15265022,,0.468557773532063,5.97687719996186,3.33,58.859,6.921820607063,94280.0
MWI,Malawi,Sub-Saharan Africa ,2012,512.74031797451,15709577,,0.543771636934602,8.95123535585595,4.350599766,59.87,13.554545631537,94280.0
MWI,Malawi,Sub-Saharan Africa ,2013,525.357645516557,16161816,,0.809790589117754,10.1501360274794,5.050000191,60.816,14.3867904227844,94280.0
MWI,Malawi,Sub-Saharan Africa ,2014,539.562601918057,16621538,,0.580771278154093,9.61846301856776,5.829999924,61.651,10.7766583885142,94280.0
MWI,Malawi,Sub-Saharan Africa ,2015,539.605363240686,17085587,,0.450825277879302,8.89901041042248,6.0,62.324,11.6647910311586,94280.0
MWI,Malawi,Sub-Saharan Africa ,2016,538.221990810959,17557739,,0.452047625154312,10.9739875833904,6.300000191,63.163,15.7428813891573,94280.0
MWI,Malawi,Sub-Saharan Africa ,2017,544.795729220349,18039715,45.3003137160008,0.530100138963233,7.00371862797528,7.0,63.914,17.4029572898996,94280.0
MWI,Malawi,Sub-Saharan Africa ,2018,553.528790902088,18528081,43.578773489,0.589501502223623,5.20814805353589,8.798299789,64.464,13.3845005294199,94280.0
MWI,Malawi,Sub-Saharan Africa ,2019,569.866249371948,19025752,44.1954524635798,0.760781549256416,4.24376277062568,11.05860043,64.995,10.8353698831549,94280.0
MWI,Malawi,Sub-Saharan Africa ,2020,559.447086086067,19533888,41.0323429397328,0.834281207531417,4.09928170325885,13.89949989,65.216,12.7234977703152,94280.0
MWI,Malawi,Sub-Saharan Africa ,2021,569.968967322435,20047258,44.5957618170542,0.730315165462018,4.22250421289741,15.30300045,64.782,9.87498576123477,94280.0
MYS,Malaysia,East Asia & Pacific,1995,5771.35211956083,20330599,192.113200253514,2.7513451070467,13.8761007648154,0.146,71.979,0.126226756035791,328550.0
MYS,Malaysia,East Asia & Pacific,1996,6190.46429134886,20850087,181.766982485457,2.40056437500985,12.7124864921089,0.852,72.119,-0.47481416765633,328550.0
MYS,Malaysia,East Asia & Pacific,1997,6480.55649455855,21375218,185.66511116237,2.08555865079224,11.0799757813186,2.31,72.296,-0.253931621195517,328550.0
MYS,Malaysia,East Asia & Pacific,1998,5857.96702940857,21906713,209.492202808189,1.60533534809333,10.095351709262,6.75,72.385,0.295531916651717,328550.0
MYS,Malaysia,East Asia & Pacific,1999,6070.95621987091,22435531,217.570919391949,2.10148156029312,10.0710448024694,12.3,72.428,0.198137409006112,328550.0
MYS,Malaysia,East Asia & Pacific,2000,6455.61419792583,22967816,220.406788982074,1.63467554804841,12.5675399788113,21.3847311644538,72.732,0.0564472390495506,328550.0
MYS,Malaysia,East Asia & Pacific,2001,6334.92795651698,23526538,203.364636010653,2.0849228116252,10.666951361765,26.6959725007084,73.08,0.03408619302176,328550.0
MYS,Malaysia,East Asia & Pacific,2002,6516.90671560155,24102477,199.356232695655,2.21913139689937,9.81548671538781,32.3382043389359,73.469,0.0947932284864987,328550.0
MYS,Malaysia,East Asia & Pacific,2003,6732.92049458099,24679602,194.195129056831,2.61480673115727,12.1560364817758,34.9711523397291,73.727,0.105801022231595,328550.0
MYS,Malaysia,East Asia & Pacific,2004,7025.34558004381,25256772,210.374265897124,2.26306196840826,11.9873010934205,42.2522656295248,74.027,0.252881048434317,328550.0
MYS,Malaysia,East Asia & Pacific,2005,7234.02442689141,25836071,203.854644595624,2.17392904054248,13.884276518626,48.6291702459839,74.37,0.0212950102237469,328550.0
MYS,Malaysia,East Asia & Pacific,2006,7469.8106921211,26417909,202.577146840398,2.00759740140051,13.4761141533839,51.6379889864403,74.697,0.152782057357478,328550.0
MYS,Malaysia,East Asia & Pacific,2007,7769.59693350488,26998389,192.465506357652,1.95850253260823,12.628852352931,55.7,74.961,0.106686790648668,328550.0
MYS,Malaysia,East Asia & Pacific,2008,7976.11785374773,27570059,176.668324785148,1.82484376549945,13.3867719140126,55.8,75.151,0.0698278805447649,328550.0
MYS,Malaysia,East Asia & Pacific,2009,7700.46111294033,28124778,162.558970452699,1.87148694418887,9.65215518287161,55.9,75.269,0.0705868009867688,328550.0
MYS,Malaysia,East Asia & Pacific,2010,8118.92270511981,28655776,157.944764886771,1.49021010582112,9.61503786168569,56.3,75.376,-0.003317062953161,328550.0
MYS,Malaysia,East Asia & Pacific,2011,8400.32248683558,29162039,154.937684607226,1.55285313376988,9.94490616865965,61.0,75.488,0.0140299633360215,328550.0
MYS,Malaysia,East Asia & Pacific,2012,8710.52671359902,29662831,147.841754766013,1.41333070740643,9.20599203286687,65.8,75.552,0.0060504857540535,328550.0
MYS,Malaysia,East Asia & Pacific,2013,8964.80724896203,30174265,142.720991464873,1.49929579850642,8.46715106760802,57.05751226,75.464,-0.0362606484813182,328550.0
MYS,Malaysia,East Asia & Pacific,2014,9341.73055971278,30696137,138.312231176843,1.45511301633341,8.64507399532146,63.6654258813225,75.345,0.0060949431658037,328550.0
MYS,Malaysia,East Asia & Pacific,2015,9648.6797937523,31232798,131.37007244526,1.50389842704146,6.5709120658644,71.0640678111957,75.288,-0.0002048981098834,328550.0
MYS,Malaysia,East Asia & Pacific,2016,9901.47960179812,31789685,126.8990100257,1.3843347942822,5.20040474859063,78.7883099275229,75.371,-0.0176905567681013,328550.0
MYS,Malaysia,East Asia & Pacific,2017,10293.7629205362,32355644,133.155173371956,1.10033460723613,6.23600042741287,80.1404790103961,75.542,-0.0094319668135666,328550.0
MYS,Malaysia,East Asia & Pacific,2018,10610.1950240479,32910967,130.402625502126,0.960104126677078,7.32744449685636,81.2010486181174,75.734,-0.009914719952141,328550.0
MYS,Malaysia,East Asia & Pacific,2019,10902.9834855856,33440596,123.028562027943,0.893413280938052,6.19635932474839,84.1871450078281,75.9,-0.0005477580293768,328550.0
MYS,Malaysia,East Asia & Pacific,2020,10171.4657842762,33889558,116.788182437638,0.999653920235799,4.54156531962687,89.55501192,76.057,-0.0012877404901923,328550.0
MYS,Malaysia,East Asia & Pacific,2021,10388.2667120857,34282399,134.035994690727,0.982646998395369,6.92196634868479,96.7514278,73.917,0.0042555140506167,328550.0
NAM,Namibia,Sub-Saharan Africa ,1995,2945.36226956201,1602170,93.5608471865094,1.94789863056824,0.812418839940878,0.00617,57.518,4.64388441507393,823290.0
NAM,Namibia,Sub-Saharan Africa ,1996,2958.24060697383,1646103,96.5442239771745,1.90360402371594,0.635076590121081,0.00903,56.639,4.62786901265832,823290.0
NAM,Namibia,Sub-Saharan Africa ,1997,3004.30804359997,1689264,92.8410903733921,2.30135514297654,0.905100157891139,0.0588,55.844,3.96153667603673,823290.0
NAM,Namibia,Sub-Saharan Africa ,1998,3025.32668011049,1732745,92.1305009296504,2.32183724519666,0.755601344112676,0.287,54.767,4.61997736919402,823290.0
NAM,Namibia,Sub-Saharan Africa ,1999,3050.46098873323,1776368,91.1002051465947,3.12403306903887,0.53266664690255,0.336,53.983,4.6988126535347,823290.0
NAM,Namibia,Sub-Saharan Africa ,2000,3083.59657884697,1818647,85.1322442947268,2.70673279864922,0.592005978212752,1.64473954726899,52.946,3.86646767693755,823290.0
NAM,Namibia,Sub-Saharan Africa ,2001,3055.40444831936,1857048,88.5841018380245,3.00874087986708,0.634861422008575,2.41697944170998,51.98,3.08858111979988,823290.0
NAM,Namibia,Sub-Saharan Africa ,2002,3145.94566281247,1889970,94.4152228948906,2.61784537918538,0.598634291159831,2.63369976876116,51.988,3.97702179385913,823290.0
NAM,Namibia,Sub-Saharan Africa ,2003,3232.30589658857,1917464,95.9524743817213,2.62491288264622,0.930610729240151,3.35983988553801,51.918,2.87552302639924,823290.0
NAM,Namibia,Sub-Saharan Africa ,2004,3582.89503259701,1942082,81.8622605916543,2.5275896811078,0.794488876889435,3.8047156152631,52.175,2.62063392981854,823290.0
NAM,Namibia,Sub-Saharan Africa ,2005,3627.75059772278,1966582,80.6803802939816,2.6452053014553,1.18277131353143,4.010000229,52.557,1.59047177379389,823290.0
NAM,Namibia,Sub-Saharan Africa ,2006,3834.99894666178,1991888,86.8339693259998,2.50124939843779,2.66281251772741,4.39887064732726,53.183,1.88259654817202,823290.0
NAM,Namibia,Sub-Saharan Africa ,2007,3987.61796106565,2018600,104.979303758915,2.61042455712992,5.84952043001738,4.83561077833704,54.026,2.57773667913774,823290.0
NAM,Namibia,Sub-Saharan Africa ,2008,4036.38187484707,2047056,119.644498184785,3.1372615742466,2.25103912617622,5.32900377208954,54.74,2.45871213054323,823290.0
NAM,Namibia,Sub-Saharan Africa ,2009,3989.20711387651,2077394,123.762844292976,3.37436368373618,1.93055021806173,6.5,55.347,3.8242541218228,823290.0
NAM,Namibia,Sub-Saharan Africa ,2010,4165.12990200988,2109811,108.072477173606,3.51474397546307,2.39089689019764,11.6,56.093,2.36249804774298,823290.0
NAM,Namibia,Sub-Saharan Africa ,2011,4302.72451368462,2146325,102.189147754138,3.5745889549471,2.071941381811,12.0,56.647,2.31631929755578,823290.0
NAM,Namibia,Sub-Saharan Africa ,2012,4420.96741373862,2194654,100.2134087743,3.16654259121144,1.73059224032469,12.94139957,57.733,2.01632788664148,823290.0
NAM,Namibia,Sub-Saharan Africa ,2013,4549.26759093897,2252508,97.7249042303832,3.20641632429402,1.17402632983259,13.89999962,58.468,2.17318877499283,823290.0
NAM,Namibia,Sub-Saharan Africa ,2014,4701.95694189098,2312139,103.080137009254,4.32586724007944,1.64153563776896,14.84000015,59.311,1.82974029062337,823290.0
NAM,Namibia,Sub-Saharan Africa ,2015,4774.10650865775,2374300,97.2390317873478,4.52800016778678,1.8752743624842,25.68790054,60.008,1.25807741720931,823290.0
NAM,Namibia,Sub-Saharan Africa ,2016,4648.62713460213,2439213,93.966187960162,3.97104492479212,2.60379046438201,31.0333004,60.81,1.61916299431979,823290.0
NAM,Namibia,Sub-Saharan Africa ,2017,4476.73324402105,2506853,81.2196661011436,3.52238850010305,3.35579400030648,36.83739853,61.661,1.50412855603387,823290.0
NAM,Namibia,Sub-Saharan Africa ,2018,4400.47537705743,2577327,81.7138652963804,3.33269228396146,1.26282912430688,42.8207016,62.579,1.21043033531015,823290.0
NAM,Namibia,Sub-Saharan Africa ,2019,4243.09274481966,2650494,82.9011507426355,3.29742631401913,1.43731396410693,49.77590179,63.546,1.18364865996176,823290.0
NAM,Namibia,Sub-Saharan Africa ,2020,3787.49943973286,2728762,76.9252424036465,3.48015259214476,1.93029383948291,57.8608017,64.071,1.72198058427895,823290.0
NAM,Namibia,Sub-Saharan Africa ,2021,3809.80753359714,2810548,83.5443030923624,3.2264092268075,4.03058059383138,60.25999832,60.85,1.53927816563754,823290.0
NCL,New Caledonia,East Asia & Pacific,1995,,200379,41.9516201470912,,12.6621085496244,0.00518,71.314,12.4353697081614,18280.0
NCL,New Caledonia,East Asia & Pacific,1996,,205034,43.0935194214281,,9.60898874524346,0.253,71.75,10.9826304742449,18280.0
NCL,New Caledonia,East Asia & Pacific,1997,,209560,44.711963671281,,9.82731109594342,0.989,72.204,10.294940504988,18280.0
NCL,New Caledonia,East Asia & Pacific,1998,,214047,51.7164362042632,,0.429140989832962,1.94,72.677,10.7139706732961,18280.0
NCL,New Caledonia,East Asia & Pacific,1999,,218527,56.3940656975839,,1.87001968746066,5.69,73.141,10.2915843667109,18280.0
NCL,New Caledonia,East Asia & Pacific,2000,,223098,60.3667225164618,,12.0962606484114,13.9395488232698,73.574,,18280.0
NCL,New Caledonia,East Asia & Pacific,2001,,227707,58.1843523272091,,3.76365320238985,18.2371097828416,73.958,,18280.0
NCL,New Caledonia,East Asia & Pacific,2002,,232236,56.1330040352377,,4.51767160705527,22.389797417113,74.278,,18280.0
NCL,New Caledonia,East Asia & Pacific,2003,,236678,61.8880338996498,,8.20945366480336,26.4083344703588,74.5,,18280.0
NCL,New Caledonia,East Asia & Pacific,2004,,240852,58.5813378645702,,11.7109438932061,30.2980462088488,74.713,,18280.0
NCL,New Caledonia,East Asia & Pacific,2005,,244381,61.9103270015257,,8.14294890463805,32.3590147531561,74.867,,18280.0
NCL,New Caledonia,East Asia & Pacific,2006,,247547,68.0205144787445,,18.3004085572826,33.5157146807209,75.016,,18280.0
NCL,New Caledonia,East Asia & Pacific,2007,,250725,72.1743887166465,,35.2613182298492,35.05,75.181,,18280.0
NCL,New Caledonia,East Asia & Pacific,2008,,253825,67.9174783843244,,2.6112635194797,34.51,75.398,,18280.0
NCL,New Caledonia,East Asia & Pacific,2009,,257250,56.0771570332275,,0.0115765236192026,33.99,75.676,,18280.0
NCL,New Caledonia,East Asia & Pacific,2010,,261582,68.1684823937939,,5.29439177747213,42.0,75.992,,18280.0
NCL,New Caledonia,East Asia & Pacific,2011,,266543,66.8445220722878,,4.13080410068162,50.0,76.315,,18280.0
NCL,New Caledonia,East Asia & Pacific,2012,,271633,63.7533913097757,,0.0114496916463885,58.0,76.615,,18280.0
NCL,New Caledonia,East Asia & Pacific,2013,,276822,58.8723435046881,,0.0105325049427626,66.0,76.867,,18280.0
NCL,New Caledonia,East Asia & Pacific,2014,,281224,58.9577979346478,,0.0126797653775496,70.0,77.053,,18280.0
NCL,New Caledonia,East Asia & Pacific,2015,30858.7237060533,283168,60.0467960954308,,0.0128159191409519,74.00175279141,77.206,,18280.0
NCL,New Caledonia,East Asia & Pacific,2016,,283423,58.0296161468389,,0.013426159178997,,77.359,,18280.0
NCL,New Caledonia,East Asia & Pacific,2017,,283546,58.9281826221283,,0.0171317828341953,82.0058408035186,77.504,,18280.0
NCL,New Caledonia,East Asia & Pacific,2018,,283541,59.0970833,,0.970193483384602,,77.557,,18280.0
NCL,New Caledonia,East Asia & Pacific,2019,,283606,58.2103670990099,,0.0122251541031086,,77.262,,18280.0
NCL,New Caledonia,East Asia & Pacific,2020,,284176,54.5818048383838,,0.0127156723522875,,77.049,,18280.0
NCL,New Caledonia,East Asia & Pacific,2021,,285214,49.0442343110236,,16.7918673249355,,77.113,,18280.0
NER,Niger,Sub-Saharan Africa ,1995,422.523153898523,9714529,34.7775356997428,0.970976253298153,9.66585920338205,,45.504,11.7348780020568,1266700.0
NER,Niger,Sub-Saharan Africa ,1996,409.039358698404,10044852,36.539997643493,0.861401471157569,9.4091389903805,0.00104,46.313,10.2544881958645,1266700.0
NER,Niger,Sub-Saharan Africa ,1997,401.724988110363,10383969,33.1743453903346,0.932594644506002,9.53508825403769,0.00201,47.097,14.2163933081367,1266700.0
NER,Niger,Sub-Saharan Africa ,1998,427.086030331896,10741413,35.0196895457842,1.06122448979592,8.72521204690945,0.00291,47.807,10.664454112566,1266700.0
NER,Niger,Sub-Saharan Africa ,1999,411.735699209485,11117411,31.3752367245391,1.16690809592789,5.85596347413254,0.0281,48.48,7.09448553982064,1266700.0
NER,Niger,Sub-Saharan Africa ,2000,392.898616941042,11509630,34.7127807043604,1.16461081638404,7.26831682770737,0.0362612938065891,49.172,8.95407624884674,1266700.0
NER,Niger,Sub-Saharan Africa ,2001,406.923493665264,11920647,33.0136670843015,1.32015978285548,6.55942488973714,0.10518543139701,49.872,10.1086155146292,1266700.0
NER,Niger,Sub-Saharan Africa ,2002,412.123793192578,12349144,30.8343857497549,0.963347955260515,7.01295308601143,0.127152468779619,50.645,10.1204840073333,1266700.0
NER,Niger,Sub-Saharan Africa ,2003,406.333757497876,12796984,33.3827931416238,0.931763626554351,9.26317259194414,0.155698703668983,51.545,13.5301528607606,1266700.0
NER,Niger,Sub-Saharan Africa ,2004,393.398781453199,13265836,36.9641044464896,1.09118729739427,7.50759997659221,0.189933733703092,52.402,13.745886858377,1266700.0
NER,Niger,Sub-Saharan Africa ,2005,407.190931059924,13756192,38.3477418070736,0.715211768830327,7.20852272920724,0.221300006,53.32,11.2310009631684,1266700.0
NER,Niger,Sub-Saharan Africa ,2006,415.852022114801,14268581,36.5313731842429,,6.89459669021653,0.294,54.223,10.7278242276685,1266700.0
NER,Niger,Sub-Saharan Africa ,2007,413.419126261066,14803610,35.5028028471007,,8.30057946231934,0.390399992,55.063,9.48436348402537,1266700.0
NER,Niger,Sub-Saharan Africa ,2008,429.195542798877,15361915,39.7112440540383,0.73944643123804,7.94563898176327,0.7,55.852,7.99960578593446,1266700.0
NER,Niger,Sub-Saharan Africa ,2009,421.650901333136,15943675,49.5122567031625,0.735262361389119,7.96220358501721,0.76,56.487,6.06792764388394,1266700.0
NER,Niger,Sub-Saharan Africa ,2010,441.079166112039,16548835,51.9459863027627,0.87650323651909,6.88472156897825,0.829999983,57.08,8.02034184599528,1266700.0
NER,Niger,Sub-Saharan Africa ,2011,434.986264873953,17176283,50.2463951569345,0.976041978774068,8.1477117559769,0.9,57.6,6.91167166080304,1266700.0
NER,Niger,Sub-Saharan Africa ,2012,463.066265496402,17836769,45.08596447308,1.62398436872309,10.3335481762903,1.049999952,57.987,9.14312805328212,1266700.0
NER,Niger,Sub-Saharan Africa ,2013,469.690214200878,18519898,46.2951491493291,1.0452311825973,11.466881046248,1.149999976,58.364,7.50302813998595,1266700.0
NER,Niger,Sub-Saharan Africa ,2014,482.74524741946,19215909,45.7416008365932,1.33859819740079,10.2730531340882,1.24867568902241,58.693,8.08507747950925,1266700.0
NER,Niger,Sub-Saharan Africa ,2015,485.662574175279,19939498,44.727430371186,,9.74015905746736,2.476200104,58.85,8.55661373821213,1266700.0
NER,Niger,Sub-Saharan Africa ,2016,488.184823801581,20685753,36.6748378115692,1.59964624315915,9.68635453036973,4.322800159,59.228,8.9210369607355,1266700.0
NER,Niger,Sub-Saharan Africa ,2017,497.172608329608,21435446,39.0298956366247,1.80984292435405,9.37929042574549,10.2243115586561,59.524,10.4052194548435,1266700.0
NER,Niger,Sub-Saharan Africa ,2018,513.423699765289,22188069,38.2929695977016,1.79380881698289,6.79609733342576,10.74180031,59.765,9.78716233193479,1266700.0
NER,Niger,Sub-Saharan Africa ,2019,526.60361746086,22947757,39.289303673296,1.91733600650351,5.81263963543114,11.28549957,60.031,11.073895530322,1266700.0
NER,Niger,Sub-Saharan Africa ,2020,532.208221196997,23717613,36.3388196908038,1.73360752172491,5.56826403591678,11.85680008,59.89,14.366742145094,1266700.0
NER,Niger,Sub-Saharan Africa ,2021,520.912751008043,24502140,38.0460948786617,1.35730093120168,6.40907047167716,12.45689964,59.542,12.2913829577016,1266700.0
NGA,Nigeria,Sub-Saharan Africa ,1995,1395.07488456803,110819428,,0.483558767048935,21.7988932440235,,45.87,,910770.0
NGA,Nigeria,Sub-Saharan Africa ,1996,1416.10189471248,113754779,,0.406177811568832,21.4145127823877,0.00883,45.833,,910770.0
NGA,Nigeria,Sub-Saharan Africa ,1997,1420.23877961219,116754792,,0.435835755422039,18.7360799831083,0.0172,45.96,,910770.0
NGA,Nigeria,Sub-Saharan Africa ,1998,1419.31770917937,119846254,,0.548312392864221,11.3595895147082,0.0252,46.148,,910770.0
NGA,Nigeria,Sub-Saharan Africa ,1999,1390.4692113901,123047320,,0.855415630326234,13.0436291752413,0.041,46.609,,910770.0
NGA,Nigeria,Sub-Saharan Africa ,2000,1421.67987952016,126382494,,0.543531645186578,24.9357339994509,0.0640808079494101,47.143,,910770.0
NGA,Nigeria,Sub-Saharan Africa ,2001,1465.45720342369,129862595,,0.780315876986167,18.1012267482663,0.089901370457273,47.549,,910770.0
NGA,Nigeria,Sub-Saharan Africa ,2002,1644.39518877708,133471989,,0.95433804485135,13.6048166584392,0.320461975542327,48.02,,910770.0
NGA,Nigeria,Sub-Saharan Africa ,2003,1717.21451111739,137202644,,0.570707544874932,15.512504112848,0.558576244860521,48.618,,910770.0
NGA,Nigeria,Sub-Saharan Africa ,2004,1824.80269456838,141057045,,0.490996769130759,16.775506962461,1.28613764134527,49.148,,910770.0
NGA,Nigeria,Sub-Saharan Africa ,2005,1889.25175325842,145017253,,0.397422937174069,19.3875677161802,3.54915571796492,49.538,,910770.0
NGA,Nigeria,Sub-Saharan Africa ,2006,1949.15856804582,149077334,,0.348375434095589,16.6989726330047,5.54503608300536,49.876,,910770.0
NGA,Nigeria,Sub-Saharan Africa ,2007,2020.83316299437,153267261,,0.370354831159892,15.8610116948726,6.769999981,50.381,,910770.0
NGA,Nigeria,Sub-Saharan Africa ,2008,2098.2833922073,157595014,,0.489084134608938,17.590261235625,8.0,50.748,0.398901376410332,910770.0
NGA,Nigeria,Sub-Saharan Africa ,2009,2204.60725603823,162049464,,0.505855627592204,10.6511450158162,9.300000191,51.08,0.584507945538659,910770.0
NGA,Nigeria,Sub-Saharan Africa ,2010,2315.46676509642,166642886,,0.539231118131693,13.8029914948457,11.5,51.315,0.308433977724407,910770.0
NGA,Nigeria,Sub-Saharan Africa ,2011,2370.97657091881,171379598,,0.579227031040921,17.5539035632028,13.80000019,51.49,0.462294712655282,910770.0
NGA,Nigeria,Sub-Saharan Africa ,2012,2403.65387896987,176200625,,0.504264930204985,15.1485150031193,16.10000038,51.688,0.433797594848328,910770.0
NGA,Nigeria,Sub-Saharan Africa ,2013,2495.34106573862,181049443,,0.469695304520636,11.6227181116144,19.10000038,51.827,0.508843993943477,910770.0
NGA,Nigeria,Sub-Saharan Africa ,2014,2583.61556958171,185896915,,0.414718776586509,8.78193552361452,21.0,51.94,0.446576936763396,910770.0
NGA,Nigeria,Sub-Saharan Africa ,2015,2585.73360671797,190671878,,0.417636537730714,4.55410681800406,22.51420021,51.939,0.506233816554214,910770.0
NGA,Nigeria,Sub-Saharan Africa ,2016,2481.81490350403,195443700,,0.432947784673169,4.65772615666869,24.13750076,52.189,0.627073734790335,910770.0
NGA,Nigeria,Sub-Saharan Africa ,2017,2441.71236404537,200254579,,0.430671218863917,7.80498492445019,25.87789917,52.397,0.913541680472579,910770.0
NGA,Nigeria,Sub-Saharan Africa ,2018,2431.77857832597,204938755,,0.506944517393582,9.79850822600435,27.74370003,52.669,0.804720194815591,910770.0
NGA,Nigeria,Sub-Saharan Africa ,2019,2431.53528475874,209485641,,0.459170524387093,8.35322267194456,29.74410057,53.009,0.497166156570358,910770.0
NGA,Nigeria,Sub-Saharan Africa ,2020,2228.68631426529,213996181,,0.632022913474166,5.07484002483035,31.88879967,53.072,0.568736724694475,910770.0
NGA,Nigeria,Sub-Saharan Africa ,2021,2206.66406255564,218529286,,1.01270192678284,8.55295423830806,35.50979996,53.455,0.587792842023323,910770.0
NIC,Nicaragua,Latin America & Caribbean ,1995,1234.76828254706,4642931,44.0397944057464,1.10282030687536,1.99078483904908,0.03,64.869,15.0948870568962,120340.0
NIC,Nicaragua,Latin America & Caribbean ,1996,1288.94097201516,4729974,48.4828382973154,0.949704913116282,1.55099338059432,0.0841,65.215,22.1724015375863,120340.0
NIC,Nicaragua,Latin America & Caribbean ,1997,1317.89046510399,4809573,58.0055306487605,0.894669832421458,1.89151852264118,0.206,65.523,8.5851288573755,120340.0
NIC,Nicaragua,Latin America & Caribbean ,1998,1346.07276130615,4883655,57.0137150680369,0.735362192331601,1.5777578844684,0.304,64.111,11.3371841659239,120340.0
NIC,Nicaragua,Latin America & Caribbean ,1999,1420.31830106942,4954018,62.5376445208417,0.71949282543475,1.42120426128236,0.498,65.892,12.8291964223448,120340.0
NIC,Nicaragua,Latin America & Caribbean ,2000,1458.37490084556,5022633,61.2984974600022,0.782751441383728,1.3540087539637,0.980216486692385,66.36,10.227479241549,120340.0
NIC,Nicaragua,Latin America & Caribbean ,2001,1482.31517247279,5087825,57.9801315472268,0.683524520762284,1.14847900083655,1.44879942820716,67.028,16.1457563195049,120340.0
NIC,Nicaragua,Latin America & Caribbean ,2002,1475.48635411179,5149909,58.0912844080785,0.865165582304889,1.14157988958926,1.71472958428668,67.95,8.29130619912174,120340.0
NIC,Nicaragua,Latin America & Caribbean ,2003,1494.95618752566,5210963,62.1750658877514,0.860737429085598,1.12766211906764,1.88041253242301,68.749,14.3899109474279,120340.0
NIC,Nicaragua,Latin America & Caribbean ,2004,1555.87425694816,5272912,67.195316780004,0.730793275300281,1.29185557609837,2.32066460863941,69.51,19.7273274336089,120340.0
NIC,Nicaragua,Latin America & Caribbean ,2005,1601.48770707458,5342105,71.6457237072991,0.700404064217207,1.11397978053442,2.566400051,70.374,10.6355081701889,120340.0
NIC,Nicaragua,Latin America & Caribbean ,2006,1644.37193565251,5418855,87.309670832079,0.551255993486822,1.57912337410457,2.8055730627337,70.958,9.52719082780108,120340.0
NIC,Nicaragua,Latin America & Caribbean ,2007,1703.20780299405,5497243,93.025730229333,0.53172621458102,1.54258856099957,3.900000095,71.197,10.0970782996403,120340.0
NIC,Nicaragua,Latin America & Caribbean ,2008,1736.65740610408,5576593,96.7939847302055,0.502058376769716,1.4819143624518,5.300000191,71.404,8.00009397771568,120340.0
NIC,Nicaragua,Latin America & Caribbean ,2009,1655.72028962416,5656601,86.9936104453444,0.502751000926974,1.31162414000297,7.300000191,71.499,8.21776837596481,120340.0
NIC,Nicaragua,Latin America & Caribbean ,2010,1704.37875049059,5737450,100.364058423919,0.505472679188859,4.15315104137442,10.0,71.761,5.39474145266239,120340.0
NIC,Nicaragua,Latin America & Caribbean ,2011,1786.62863418308,5819051,111.827453935999,0.526411336509848,5.12065108678162,10.6,72.033,5.64491714410933,120340.0
NIC,Nicaragua,Latin America & Caribbean ,2012,1876.1759720149,5901287,115.177288474198,0.665903553721293,4.62546930334416,13.5,72.435,5.26208404149385,120340.0
NIC,Nicaragua,Latin America & Caribbean ,2013,1941.45628552626,5983845,110.984207880382,0.678614215031222,4.95048345059701,15.5,72.551,4.74501266553773,120340.0
NIC,Nicaragua,Latin America & Caribbean ,2014,2006.64869646533,6066492,106.698200190796,0.685091959091359,4.2211834678271,17.60000038,72.792,3.78019242422284,120340.0
NIC,Nicaragua,Latin America & Caribbean ,2015,2074.45620634731,6149417,98.194164594236,0.775537371941149,2.10539835608013,19.70429993,72.899,3.73273899019953,120340.0
NIC,Nicaragua,Latin America & Caribbean ,2016,2140.14405941606,6232666,93.8137278130087,0.639876675817232,3.11297731611032,24.57180023,73.18,3.40644891962685,120340.0
NIC,Nicaragua,Latin America & Caribbean ,2017,2209.63273423213,6316231,96.3805864351182,0.626510067010078,2.7029582269273,30.39999962,73.389,4.30307325060259,120340.0
NIC,Nicaragua,Latin America & Caribbean ,2018,2107.3396261623,6400080,93.9847404925404,0.62717222145559,2.02687465495511,33.9129982,73.879,2.85993990149735,120340.0
NIC,Nicaragua,Latin America & Caribbean ,2019,2019.91518620044,6483657,94.0422159246213,0.605020089397565,1.28485958829485,39.01079941,73.764,3.17289868414479,120340.0
NIC,Nicaragua,Latin America & Caribbean ,2020,1950.19181218473,6565267,88.6381231228968,0.629971870953776,1.65812864181366,44.87490082,70.766,3.86456355553207,120340.0
NIC,Nicaragua,Latin America & Caribbean ,2021,2128.30880041334,6644741,106.20739806697,0.549759399022683,3.84080893833151,51.62039948,70.478,5.60086146316907,120340.0
NLD,Netherlands,Europe & Central Asia,1995,33916.4887954068,15459006,107.916808067097,1.76873757696223,0.442963390252791,6.47,77.4046341463415,,33760.0
NLD,Netherlands,Europe & Central Asia,1996,34915.1788311903,15530498,108.664639443962,1.73454966695627,0.485584007753404,9.65,77.4356097560976,,33760.0
NLD,Netherlands,Europe & Central Asia,1997,36211.6548633578,15610650,114.295027863442,1.63818103121788,0.493340928346542,14.1,77.7943902439024,,33760.0
NLD,Netherlands,Europe & Central Asia,1998,37661.7102516626,15707209,112.408095451564,1.55853398473808,0.0649255808085058,22.2,77.8829268292683,,33760.0
NLD,Netherlands,Europe & Central Asia,1999,39298.7167162926,15812088,114.327740793016,1.56975125135966,0.0714792874701323,39.2,77.8365853658537,,33760.0
NLD,Netherlands,Europe & Central Asia,2000,40665.3000211594,15925513,125.667030082421,1.43342083323197,0.389447934898109,43.984351373138,77.9878048780488,,33760.0
NLD,Netherlands,Europe & Central Asia,2001,41297.284710124,16046180,119.47546387654,1.43475082877619,0.778557219518414,49.3730621073123,78.190243902439,,33760.0
NLD,Netherlands,Europe & Central Asia,2002,41135.4020353856,16148929,112.750024358671,1.42155215440017,0.552503607344249,61.29,78.2926829268293,,33760.0
NLD,Netherlands,Europe & Central Asia,2003,40981.839972092,16225302,111.30450319576,1.43794632366222,0.477294939452294,64.35,78.4926829268293,,33760.0
NLD,Netherlands,Europe & Central Asia,2004,41663.1290344572,16281779,116.958160026939,1.42068916216587,0.445249259246216,68.52,79.0951219512195,,33760.0
NLD,Netherlands,Europe & Central Asia,2005,42411.3480862811,16319868,122.255849523252,1.39083240225484,0.345526753433281,81.0,79.3463414634146,,33760.0
NLD,Netherlands,Europe & Central Asia,2006,43841.0915818567,16346101,127.195613539333,1.38651514016655,0.656627307066423,83.7,79.6975609756098,,33760.0
NLD,Netherlands,Europe & Central Asia,2007,45445.542186196,16381696,129.798241740597,1.34687487455341,0.592989048060138,85.82,80.0975609756098,,33760.0
NLD,Netherlands,Europe & Central Asia,2008,46227.1987545514,16445593,130.152049980117,1.29710010302488,1.04292053969949,87.42,80.2512195121951,,33760.0
NLD,Netherlands,Europe & Central Asia,2009,44304.4041948677,16530388,115.109660363107,1.38580992838475,0.722759892442524,89.63,80.5487804878049,,33730.0
NLD,Netherlands,Europe & Central Asia,2010,44659.2793901474,16615394,130.081707935343,1.31752879372712,0.762696109172764,90.72,80.7024390243902,,33730.0
NLD,Netherlands,Europe & Central Asia,2011,45239.7198745589,16693074,141.757099325776,1.27726127378573,1.02062784943271,91.4199957622284,81.2048780487805,,33720.0
NLD,Netherlands,Europe & Central Asia,2012,44631.8855633239,16754962,149.393223058131,1.22552534668627,1.13202011724154,92.859992359525,81.1048780487805,,33720.0
NLD,Netherlands,Europe & Central Asia,2013,44487.0378593394,16804432,150.651850226949,1.1572088159419,1.11989801648239,93.9564,81.3048780487805,,33690.0
NLD,Netherlands,Europe & Central Asia,2014,45042.0515907444,16865008,151.715891056501,1.14761127983414,0.689866623445569,91.6666666666667,81.7073170731707,,33690.0
NLD,Netherlands,Europe & Central Asia,2015,45793.8135434697,16939923,160.325812564809,1.11786033539529,0.442606663458837,91.7241379310345,81.509756097561,,33670.0
NLD,Netherlands,Europe & Central Asia,2016,46655.0340264754,17030314,150.96552921165,1.14449960079147,0.251209116098856,90.4109589041096,81.5609756097561,,33670.0
NLD,Netherlands,Europe & Central Asia,2017,47670.0858101833,17131296,159.646059656847,1.13721447777951,0.283564780405105,93.1972789115646,81.7609756097561,,33670.0
NLD,Netherlands,Europe & Central Asia,2018,48463.0055608731,17231624,163.559146573044,1.1961416179648,0.355103573458477,91.8918918918919,81.8121951219512,,33670.0
NLD,Netherlands,Europe & Central Asia,2019,49254.024789064,17344874,160.676671884999,1.29180842332848,0.218267467639851,93.2885906040269,82.1121951219512,,33670.0
NLD,Netherlands,Europe & Central Asia,2020,47086.5674755497,17441500,152.233230409706,1.40607718904592,0.0837440351956371,91.33333333,81.3585365853659,,33670.0
NLD,Netherlands,Europe & Central Asia,2021,49780.8328352542,17533044,163.154842689698,1.36537490886658,0.340536679351668,92.05298013,81.309756097561,,33670.0
NOR,Norway,Europe & Central Asia,1995,58151.5422795873,4359184,67.8923256141964,2.30745749830242,5.61474760517048,6.42,77.7365853658537,,365244.0
NOR,Norway,Europe & Central Asia,1996,60732.7551542334,4381336,70.8364157021835,2.16304215907884,8.04348302516781,18.3,78.1504878048781,,365244.0
NOR,Norway,Europe & Central Asia,1997,63480.1841751685,4405157,72.8541136556404,2.01605130811152,6.68384489531307,20.4,78.1426829268293,,365244.0
NOR,Norway,Europe & Central Asia,1998,64823.4786672121,4431464,72.3335193420145,2.15582766096953,2.00472943152768,22.6,78.3292682926829,,365244.0
NOR,Norway,Europe & Central Asia,1999,65786.3001204135,4461913,70.081642418765,2.03788030128002,5.37886118950569,40.0,78.2829268292683,,365244.0
NOR,Norway,Europe & Central Asia,2000,67611.3411021859,4490967,74.7840209460062,1.70442346991516,12.2926602470975,52.0,78.6341463414634,,365244.0
NOR,Norway,Europe & Central Asia,2001,68725.4043162798,4513751,73.553666590214,1.70223168580233,9.86854080068064,64.0,78.7853658536585,,365244.0
NOR,Norway,Europe & Central Asia,2002,69352.0430510008,4538159,67.8482927970815,2.07531910404726,8.80703368760757,72.84,78.9878048780488,,365244.0
NOR,Norway,Europe & Central Asia,2003,69702.361157641,4564855,66.5085380808884,1.96940449912105,8.67852288037213,78.13,79.390243902439,,365244.0
NOR,Norway,Europe & Central Asia,2004,72292.1208978835,4591910,68.7028173740954,1.84243477657857,9.49868097130803,77.69,79.8414634146342,,365244.0
NOR,Norway,Europe & Central Asia,2005,73933.7446235264,4623291,70.2469613309236,1.57588467314326,10.4924230669843,81.99,80.0414634146342,,365244.0
NOR,Norway,Europe & Central Asia,2006,75428.8816534082,4660677,71.1687450210659,1.44466802794409,10.8945313138908,82.55,80.3439024390244,,365244.0
NOR,Norway,Europe & Central Asia,2007,77205.7545984008,4709153,71.1714206590972,1.45917207799086,9.56163328120944,86.93,80.3951219512195,,365244.0
NOR,Norway,Europe & Central Asia,2008,76876.8705028009,4768212,73.8668579713193,1.37033371660879,12.6176722555388,90.57,80.5926829268293,,365244.0
NOR,Norway,Europe & Central Asia,2009,74688.7531445371,4828726,66.3869035154741,1.59690979918941,8.36533197935372,92.08,80.7951219512195,,365244.0
NOR,Norway,Europe & Central Asia,2010,74505.4313586335,4889252,67.1044480331039,1.50762795492815,7.66161471850852,93.39,80.9975609756098,,365244.0
NOR,Norway,Europe & Central Asia,2011,74563.8349085669,4953088,68.3082228214528,1.44252755140788,10.0323919412624,93.4899826515194,81.2951219512195,,365244.0
NOR,Norway,Europe & Central Asia,2012,75669.0612719716,5018573,67.2907057063447,1.39318999611811,9.34170992776999,94.6499780533304,81.4512195121951,,365244.0
NOR,Norway,Europe & Central Asia,2013,75711.2410395262,5079623,66.6575278489713,1.40525218139781,8.16854742910885,95.0534,81.7512195121951,,365122.96
NOR,Norway,Europe & Central Asia,2014,76430.7374974687,5137232,67.7741797940433,1.46227942776465,7.51744992129352,96.3005098242892,82.1,,365108.0
NOR,Norway,Europe & Central Asia,2015,77220.9524311414,5188607,68.8351790107466,1.49812327266489,5.16239861599802,96.810325691365,82.3048780487805,,365190.7
NOR,Norway,Europe & Central Asia,2016,77532.2750022669,5234519,67.3341230829057,1.61734383599671,3.86709464602749,97.2982036675068,82.4073170731707,,365145.73
NOR,Norway,Europe & Central Asia,2017,78961.7757906168,5276968,67.1957153368952,1.70515328594991,5.33590347738304,96.3576012951191,82.609756097561,,365123.0
NOR,Norway,Europe & Central Asia,2018,79313.2889434042,5311916,68.1761206012317,1.71529737478335,7.39362211775806,96.4916579887094,82.7585365853659,,365108.0
NOR,Norway,Europe & Central Asia,2019,79937.5097885912,5347896,68.880243105732,1.84373537818427,6.26890345034754,98.0000043853142,82.9585365853659,,365094.0
NOR,Norway,Europe & Central Asia,2020,78387.0435023102,5379475,63.3673184179043,1.96598369239436,4.18128689630728,94.60755647,83.209756097561,,364285.0
NOR,Norway,Europe & Central Asia,2021,81199.3391492139,5408320,69.1060572345311,1.67632184694899,10.0482763904291,99.0000036,83.1634146341463,,364270.0
NPL,Nepal,South Asia,1995,477.741099613336,22245439,59.49051839854,0.767151166826895,1.38881148767725,0.000925,59.323,8.63778753201299,143000.0
NPL,Nepal,South Asia,1996,492.212428031946,22741862,58.4577686983002,0.733931488597476,1.32624921845998,0.00451,60.044,7.31534930679091,143000.0
NPL,Nepal,South Asia,1997,506.426874424217,23219463,64.0355348949959,0.717627970083392,1.09066742372569,0.022,60.823,6.40103348821011,143000.0
NPL,Nepal,South Asia,1998,511.54871132025,23680357,56.7096012897007,0.755393438669459,1.271680096251,0.0644,61.532,6.32798384129547,143000.0
NPL,Nepal,South Asia,1999,524.27256909301,24125199,52.5669812534353,0.77194600709259,1.39481846911413,0.147,62.035,5.79168517944319,143000.0
NPL,Nepal,South Asia,2000,547.221082273632,24546509,55.7105890041319,0.783989813425201,1.16705846127349,0.204651683653029,62.642,5.64428725129434,143350.0
NPL,Nepal,South Asia,2001,564.28622920391,24946748,55.7999210803706,0.960767214148209,1.06064751974629,0.240015303375743,63.288,5.76788516397709,143350.0
NPL,Nepal,South Asia,2002,556.438454538796,25328981,46.2307185004451,1.26633078093219,1.14182037541713,0.312956060108532,63.507,5.53537052371981,143350.0
NPL,Nepal,South Asia,2003,570.28967363428,25688758,44.2478836156195,1.39282050756047,1.21007972058267,0.382810917017044,64.229,7.16377472387655,143350.0
NPL,Nepal,South Asia,2004,589.46992868617,26016656,46.1472867206087,1.56868123796311,0.901715057589508,0.449843651215974,64.744,5.9254635092444,143350.0
NPL,Nepal,South Asia,2005,603.190108570995,26309458,44.0629474798613,1.68753218051244,0.805920859332569,0.82655126590551,65.275,4.99489965569299,143350.0
NPL,Nepal,South Asia,2006,617.477638588722,26565425,44.7619877569242,1.53003259651123,1.08186046810072,1.14138916388191,65.891,4.96598127554458,143350.0
NPL,Nepal,South Asia,2007,633.226129136597,26788492,44.5792750200254,1.35358169302232,1.35696196558179,1.41,66.169,5.33950172377591,143350.0
NPL,Nepal,South Asia,2008,666.865095417138,26990037,46.0362063511913,1.3995740545118,1.07437107737277,1.73,66.442,4.85221000320757,143350.0
NPL,Nepal,South Asia,2009,692.400000816919,27173035,47.0794477633688,1.43935498107438,1.00484448505294,1.97,66.6,5.45048907463238,143350.0
NPL,Nepal,South Asia,2010,721.265221364302,27341952,45.9849057742707,1.36781608986268,1.47229700729972,7.93,66.772,3.94623923082947,143350.0
NPL,Nepal,South Asia,2011,742.617252662576,27464494,36.2967588899367,1.35067285523943,1.11680132754903,9.0,67.123,3.45655042714966,143350.0
NPL,Nepal,South Asia,2012,775.310578479839,27534915,37.921906058758,1.24370217046399,0.967618550144898,11.14929962,67.364,3.52180192305728,143350.0
NPL,Nepal,South Asia,2013,801.039060847856,27589996,41.8653757376722,1.3407258743985,0.844770803744654,13.30000019,67.598,3.91437033729244,143350.0
NPL,Nepal,South Asia,2014,846.665541773599,27672370,45.9826416115927,1.43375979820575,0.860719085973924,15.43999958,67.812,3.83183174195632,143350.0
NPL,Nepal,South Asia,2015,875.543635474862,27823629,46.6657303895158,1.36813102427041,0.934890235914136,17.58160019,67.374,4.95626441382639,143350.0
NPL,Nepal,South Asia,2016,875.188943730855,27955462,42.1154861221646,1.46937461345505,1.03122054018578,20.70000076,68.444,4.28474652257397,143350.0
NPL,Nepal,South Asia,2017,951.857298563641,28011258,44.6424106217427,1.48497718496345,0.703261897013786,24.3,68.74,4.33868633780897,143350.0
NPL,Nepal,South Asia,2018,1021.91492204011,28079689,48.4473869463778,1.34998219265679,0.424156459923021,28.60000038,69.036,4.35776084796642,143350.0
NPL,Nepal,South Asia,2019,1077.11796498188,28414064,49.2495265869012,1.23581135255825,0.446189344690663,33.33660126,69.299,3.86096484971829,143350.0
NPL,Nepal,South Asia,2020,1031.53618783934,28966574,40.9188741248444,1.32338446484361,0.522630900968538,36.96530151,69.106,5.20289798982393,143350.0
NPL,Nepal,South Asia,2021,1062.7888430629,29475010,43.0538047912219,1.21581594858048,0.498936909947826,40.98910141,68.385,4.30972174965279,143350.0
NRU,Naoero,East Asia & Pacific,1995,9872.21990191669,10165,,,,,60.063,5.28871692261375,20.0
NRU,Naoero,East Asia & Pacific,1996,8686.03582792511,10183,,,,,60.07,7.24932008536377,20.0
NRU,Naoero,East Asia & Pacific,1997,7897.46665184584,10197,,,,,59.985,5.86518497571364,20.0
NRU,Naoero,East Asia & Pacific,1998,6965.8305020692,10198,,,,,59.86,5.96978323480153,20.0
NRU,Naoero,East Asia & Pacific,1999,6515.32854617119,10187,,,,,59.701,20.0268052006987,20.0
NRU,Naoero,East Asia & Pacific,2000,6079.9670062498,10168,,,,,59.574,12.4201946139896,20.0
NRU,Naoero,East Asia & Pacific,2001,5690.157298319,10130,,,,2.98715523250025,59.482,26.781946770809,20.0
NRU,Naoero,East Asia & Pacific,2002,5147.16201696177,10082,,,,,59.427,46.6362781994171,20.0
NRU,Naoero,East Asia & Pacific,2003,5173.61228781975,10059,,,,,59.359,54.5951303039537,20.0
NRU,Naoero,East Asia & Pacific,2004,4949.8909692212,10060,,,,,59.346,37.2393897238935,20.0
NRU,Naoero,East Asia & Pacific,2005,4955.30929946913,10049,,,,,59.361,25.895767903128,20.0
NRU,Naoero,East Asia & Pacific,2006,5382.10161869099,10034,,,,,59.409,50.6178372859503,20.0
NRU,Naoero,East Asia & Pacific,2007,4199.70508141733,10020,,,,,59.49,89.9392352825319,20.0
NRU,Naoero,East Asia & Pacific,2008,5045.18472364491,10009,164.285714285714,,,,59.675,73.9264260004652,20.0
NRU,Naoero,East Asia & Pacific,2009,4761.56658392323,10016,145.0,,,,59.852,44.8855209796854,20.0
NRU,Naoero,East Asia & Pacific,2010,4748.76539924078,10043,100.0,,,,60.074,48.4450994324107,20.0
NRU,Naoero,East Asia & Pacific,2011,5417.44487923767,10098,130.30303030303,,,54.0,60.287,46.4326925046945,20.0
NRU,Naoero,East Asia & Pacific,2012,6626.18317072945,10267,120.408163265306,,,,60.533,29.2753944837228,20.0
NRU,Naoero,East Asia & Pacific,2013,6735.42128061862,10517,179.347826086957,,0.0,,60.701,24.2534387042678,20.0
NRU,Naoero,East Asia & Pacific,2014,7638.99065218892,10742,197.222222222222,,0.0,,60.834,18.493741572966,20.0
NRU,Naoero,East Asia & Pacific,2015,7747.25584993607,10954,200.0,,0.0,,60.897,26.8067267129872,20.0
NRU,Naoero,East Asia & Pacific,2016,7925.5779662048,11150,170.149253731343,,0.0,,60.996,16.9795991108242,20.0
NRU,Naoero,East Asia & Pacific,2017,7308.31758516515,11324,142.068965517241,,0.0,62.38510132,61.101,16.8576562101604,20.0
NRU,Naoero,East Asia & Pacific,2018,7149.78109138393,11477,140.640059171598,,0.0,,61.238,21.3587923303847,20.0
NRU,Naoero,East Asia & Pacific,2019,7687.19643322519,11587,155.906685714286,,0.0,74.73789978,61.393,30.7054740958881,20.0
NRU,Naoero,East Asia & Pacific,2020,7770.69883784016,11643,134.980107526882,,0.0,77.46659851,61.527,15.0800817844807,20.0
NRU,Naoero,East Asia & Pacific,2021,8325.88214663427,11709,130.1856,,0.0,80.29499817,61.331,14.2128962039246,20.0
NZL,New Zealand,East Asia & Pacific,1995,28013.5837412609,3673400,56.9142524626959,1.8424965987112,1.58254015084152,4.88,76.7341463414634,,263310.0
NZL,New Zealand,East Asia & Pacific,1996,28563.8412321497,3732000,55.1161709577551,1.79266217547491,1.64017320568105,8.04,76.7878048780488,,263310.0
NZL,New Zealand,East Asia & Pacific,1997,28776.5479198966,3781300,55.2468635214425,1.71947356766697,1.72215855991149,14.6,77.3341463414634,,263310.0
NZL,New Zealand,East Asia & Pacific,1998,28766.2686680046,3815000,57.8960178233763,1.71057230025219,1.4145024360505,31.6,78.0853658536585,,263310.0
NZL,New Zealand,East Asia & Pacific,1999,30155.9191339983,3835100,61.4012311333669,1.64847514924836,1.53777874003186,41.5,77.890243902439,,263310.0
NZL,New Zealand,East Asia & Pacific,2000,30839.2953866092,3857700,68.5169268768932,1.59661664300683,2.35572401786313,47.3795565432096,78.6365853658537,,263310.0
NZL,New Zealand,East Asia & Pacific,2001,31705.2483531253,3880500,67.2338243520418,1.50037212395687,2.09524265570961,53.2410152941279,78.6926829268293,,263310.0
NZL,New Zealand,East Asia & Pacific,2002,32628.4322594563,3948500,62.6559945554479,1.40027526778768,1.74199803152753,59.0807532812931,78.8463414634146,,263310.0
NZL,New Zealand,East Asia & Pacific,2003,33502.6490755696,4027200,57.914769345753,1.32758202233317,1.25651895446249,60.9625398663824,79.1463414634146,,263310.0
NZL,New Zealand,East Asia & Pacific,2004,34358.6289046143,4087500,58.7995522745359,1.17679545518528,1.09975067280001,61.8476278106481,79.5487804878049,,263310.0
NZL,New Zealand,East Asia & Pacific,2005,35112.0769481474,4133900,58.0187434407163,1.13990601161353,1.23602964559984,62.72019958,79.8512195121951,,263310.0
NZL,New Zealand,East Asia & Pacific,2006,35649.0258495224,4184600,59.6032650403479,1.24082789303303,1.29267923136784,69.0,80.0487804878049,,263310.0
NZL,New Zealand,East Asia & Pacific,2007,36400.0153308952,4223800,58.4251605749091,1.18207112642705,1.3734710448309,69.76000214,80.1512195121951,,263310.0
NZL,New Zealand,East Asia & Pacific,2008,35722.2274262581,4259800,64.2611448527979,1.15276441116352,2.36269174740727,72.02999878,80.3512195121951,,263310.0
NZL,New Zealand,East Asia & Pacific,2009,35352.6428453692,4302600,55.0143501856026,1.21981164874631,1.74759128114708,79.7,80.7024390243902,,263310.0
NZL,New Zealand,East Asia & Pacific,2010,35476.3713609154,4350700,58.1047406012087,1.20991906751486,2.1224362002947,80.45999908,80.9048780487805,,263310.0
NZL,New Zealand,East Asia & Pacific,2011,35961.911959259,4384000,59.1815679267669,1.16234930052697,2.19427362254657,81.23000336,81.1560975609756,,263310.0
NZL,New Zealand,East Asia & Pacific,2012,36588.819747177,4408100,56.9257462326897,1.11637221213693,1.68350699548628,81.644470179502,81.4073170731707,,263310.0
NZL,New Zealand,East Asia & Pacific,2013,37240.0279166822,4442100,56.0063219921147,1.04392336294516,1.52078184314436,82.77999878,81.4048780487805,,263310.0
NZL,New Zealand,East Asia & Pacific,2014,38025.4674998632,4516500,55.1213465284556,0.998146779850979,1.42914435215029,84.0,81.4568292682927,,263310.0
NZL,New Zealand,East Asia & Pacific,2015,38648.7302562109,4609400,54.8749505791536,0.987950412435414,1.28424903944645,85.19999695,81.6124390243903,,263310.0
NZL,New Zealand,East Asia & Pacific,2016,39205.0341298225,4714100,52.4796021733125,1.03552843699621,1.04750029579275,86.5,81.6585365853659,,263310.0
NZL,New Zealand,East Asia & Pacific,2017,39667.6884236272,4813600,54.2775276299632,1.05195301181686,1.59353965038242,87.69999695,81.8585365853659,,263310.0
NZL,New Zealand,East Asia & Pacific,2018,40257.9139260803,4900600,55.9063918509538,1.10543396326223,1.58813238238384,89.0,81.7073170731707,,263310.0
NZL,New Zealand,East Asia & Pacific,2019,40615.7266946543,4970300,54.4612464097007,1.29326329516102,1.50327657838238,89.86370087,82.0560975609756,,263310.0
NZL,New Zealand,East Asia & Pacific,2020,39702.3112090418,5072400,43.8262466218168,1.3399501211388,1.27246721100633,90.92099762,82.2560975609756,,263310.0
NZL,New Zealand,East Asia & Pacific,2021,41309.8198451344,5084600,48.4315370741539,1.16477544956865,1.49411356490814,91.99060059,82.2073170731707,,263310.0
OMN,Oman,"Middle East, North Africa, Afghanistan & Pakistan",1995,18398.7242065917,2120528,64.1500694766095,10.9676477238468,31.8501238195579,,71.56,0.489961802596791,309500.0
OMN,Oman,"Middle East, North Africa, Afghanistan & Pakistan",1996,18639.2039411697,2156926,69.3906831462689,9.40707829017925,37.1448237189533,0.0,72.023,0.490248289571926,309500.0
OMN,Oman,"Middle East, North Africa, Afghanistan & Pakistan",1997,19458.9266441148,2190720,71.594365872295,9.3579111585516,33.2175926848869,0.44,72.463,0.573614545389632,309500.0
OMN,Oman,"Middle East, North Africa, Afghanistan & Pakistan",1998,19167.755471589,2222489,80.4830604636084,8.21609216715177,24.2822148573417,0.863,72.882,3.57566978321816,309500.0
OMN,Oman,"Middle East, North Africa, Afghanistan & Pakistan",1999,18965.2142322448,2252909,76.611197806525,7.51678821932738,32.3229406984525,2.52,73.276,0.309465535786005,309500.0
OMN,Oman,"Middle East, North Africa, Afghanistan & Pakistan",2000,19881.7364316776,2282131,81.4132822358275,7.08570878292736,46.4323533403582,3.52042141651097,73.643,0.371905525154908,309500.0
OMN,Oman,"Middle East, North Africa, Afghanistan & Pakistan",2001,20546.0554077598,2310217,84.5270024947002,8.19564037118769,39.6608260982704,5.89384152148671,73.979,0.0390993044706635,309500.0
OMN,Oman,"Middle East, North Africa, Afghanistan & Pakistan",2002,20150.1131971413,2337140,83.6537485764543,8.10066565457833,36.5156563174369,6.87339603918545,74.276,0.348270302191891,309500.0
OMN,Oman,"Middle East, North Africa, Afghanistan & Pakistan",2003,19485.6441506077,2363796,84.846636733578,7.96203498651595,36.1663480509711,7.25574294536556,74.521,0.265823782385475,309500.0
OMN,Oman,"Middle East, North Africa, Afghanistan & Pakistan",2004,19534.8601445269,2404821,88.611307129045,7.86037959717824,39.6932689656436,6.75885217024525,74.82,0.358500316789346,309500.0
OMN,Oman,"Middle East, North Africa, Afghanistan & Pakistan",2005,19629.0451546015,2459802,86.7613020421318,7.71403410853305,46.2910962199201,6.683599949,75.07,0.055212757379823,309500.0
OMN,Oman,"Middle East, North Africa, Afghanistan & Pakistan",2006,20096.3965576134,2514795,86.1457079854133,7.09909361868035,44.5972509306022,8.299699783,75.354,0.129008910169095,309500.0
OMN,Oman,"Middle East, North Africa, Afghanistan & Pakistan",2007,20642.7489563377,2570174,94.8657889777347,6.71756431693885,41.3713037014859,16.68,75.596,0.450515035494805,309500.0
OMN,Oman,"Middle East, North Africa, Afghanistan & Pakistan",2008,22007.7338963517,2626529,94.7619029877161,4.96024822382651,40.5020271140744,20.0,76.124,0.111342708908062,309500.0
OMN,Oman,"Middle East, North Africa, Afghanistan & Pakistan",2009,22819.1977324647,2684659,91.6279353346997,6.07257047519031,33.9582915199024,26.79999924,76.631,0.275049718309795,309500.0
OMN,Oman,"Middle East, North Africa, Afghanistan & Pakistan",2010,22766.0503620721,2757446,96.3865546218487,5.64885516492993,35.1702914756151,35.8278,77.184,0.0115449331244232,309500.0
OMN,Oman,"Middle East, North Africa, Afghanistan & Pakistan",2011,20993.9079436935,3076763,101.641731939942,6.45275108066004,43.273814289286,48.0,77.74,,309500.0
OMN,Oman,"Middle East, North Africa, Afghanistan & Pakistan",2012,19824.1215485946,3547106,102.0747604043,10.5832031528957,40.4418641958152,60.0,78.187,,309500.0
OMN,Oman,"Middle East, North Africa, Afghanistan & Pakistan",2013,19299.9400516869,3833913,112.543521763774,9.74727260107489,38.8455213970653,66.45,78.633,,309500.0
OMN,Oman,"Middle East, North Africa, Afghanistan & Pakistan",2014,18726.2026946971,4002439,102.27872108813,8.86041181394662,34.348523798708,70.22000122,79.03,,309500.0
OMN,Oman,"Middle East, North Africa, Afghanistan & Pakistan",2015,18808.3077921839,4184895,96.3775801852347,9.57116730321235,21.0999447505156,73.52999878,79.346,,309500.0
OMN,Oman,"Middle East, North Africa, Afghanistan & Pakistan",2016,18830.6057208608,4390877,82.8642642018901,10.5631262289399,18.0527768334822,76.8453904741456,79.581,,309500.0
OMN,Oman,"Middle East, North Africa, Afghanistan & Pakistan",2017,18277.945563615,4537396,88.9531480182956,8.41324995212154,21.3537653208209,80.18560028,79.748,,309500.0
OMN,Oman,"Middle East, North Africa, Afghanistan & Pakistan",2018,18269.6769435562,4597877,89.2792178262847,8.26760144238502,27.0144782962431,85.5,79.864,,309500.0
OMN,Oman,"Middle East, North Africa, Afghanistan & Pakistan",2019,18089.586668488,4591241,86.4782010313236,7.43921190765759,24.9800297060137,90.25939941,79.946,,309500.0
OMN,Oman,"Middle East, North Africa, Afghanistan & Pakistan",2020,17743.8858800477,4522497,91.8758908014472,8.03024250539625,18.8866635649826,95.23229321,77.763,,309500.0
OMN,Oman,"Middle East, North Africa, Afghanistan & Pakistan",2021,18291.3387983888,4500424,95.9494877293305,6.62317519939364,29.2115792686173,95.23880005,75.969,,309500.0
PAK,Pakistan,"Middle East, North Africa, Afghanistan & Pakistan",1995,1028.96592446155,134582253,36.132753673519,5.82022528285793,1.19498484546787,0.000123,60.273,0.850694952419385,770880.0
PAK,Pakistan,"Middle East, North Africa, Afghanistan & Pakistan",1996,1047.88663514614,138557092,38.3301268339895,6.03716630506556,1.33907944190112,0.00299,60.466,1.12015610805661,770880.0
PAK,Pakistan,"Middle East, North Africa, Afghanistan & Pakistan",1997,1028.99804758369,142531804,36.8522661008964,5.6212164889017,1.25323503313593,0.0275,60.623,1.13238750728799,770880.0
PAK,Pakistan,"Middle East, North Africa, Afghanistan & Pakistan",1998,1026.50033720969,146522356,34.011725180531,5.4150950442544,1.08308340601535,0.0439,61.134,1.3792930241612,770880.0
PAK,Pakistan,"Middle East, North Africa, Afghanistan & Pakistan",1999,1035.49888206288,150565377,32.3199628094266,5.18989926490607,1.50420162560646,0.0554,61.54,1.00322998173638,770880.0
PAK,Pakistan,"Middle East, North Africa, Afghanistan & Pakistan",2000,1049.54229686852,154879127,21.4599638884654,4.16872271381496,1.83884365392209,,61.903,0.563920711191827,770880.0
PAK,Pakistan,"Middle East, North Africa, Afghanistan & Pakistan",2001,1057.86767778646,159270907,23.5772074298467,3.87893394479455,1.8560030372484,1.31855077925626,62.241,1.87939134136974,770880.0
PAK,Pakistan,"Middle East, North Africa, Afghanistan & Pakistan",2002,1059.04171024589,163222549,23.1290159545291,4.07377016787657,2.20000712578415,2.57742673683831,62.556,2.04127846914982,770880.0
PAK,Pakistan,"Middle East, North Africa, Afghanistan & Pakistan",2003,1090.27523993746,167110248,24.6501585248398,4.09142718735613,2.18530023268376,5.04115812592502,62.834,0.946981294585726,770880.0
PAK,Pakistan,"Middle East, North Africa, Afghanistan & Pakistan",2004,1146.99632842666,171286000,24.8083348519064,3.95603411669147,2.449015487971,6.16432098534156,63.097,1.02109216549723,770880.0
PAK,Pakistan,"Middle East, North Africa, Afghanistan & Pakistan",2005,1201.23359367214,175453212,29.8784940550747,3.89701939256291,2.89116676059003,6.332300186,62.416,1.03393689424471,770880.0
PAK,Pakistan,"Middle East, North Africa, Afghanistan & Pakistan",2006,1243.94142602543,179682690,33.0497193672284,3.64525520437771,2.74227699834054,6.5,63.624,1.2936252039102,770880.0
PAK,Pakistan,"Middle East, North Africa, Afghanistan & Pakistan",2007,1265.35567539842,184493231,30.7878814312746,3.51198610011098,2.2305726195064,6.800000191,63.807,1.10983384112395,770880.0
PAK,Pakistan,"Middle East, North Africa, Afghanistan & Pakistan",2008,1258.05188934452,189499113,34.3489608135242,3.45937100362745,2.30185926464357,7.0,64.002,0.534634613909645,770880.0
PAK,Pakistan,"Middle East, North Africa, Afghanistan & Pakistan",2009,1269.07432116444,194376534,33.3268872863988,3.26522399322955,1.83964954460087,7.5,64.206,1.38460706568728,770880.0
PAK,Pakistan,"Middle East, North Africa, Afghanistan & Pakistan",2010,1256.69482201323,199239047,31.9890020462315,3.04189326480607,2.27972757975705,8.0,64.378,1.3742555969781,770880.0
PAK,Pakistan,"Middle East, North Africa, Afghanistan & Pakistan",2011,1261.83161907857,203746065,32.3626382751438,2.91924318438144,2.615759800493,8.0,64.659,1.63218506459761,770880.0
PAK,Pakistan,"Middle East, North Africa, Afghanistan & Pakistan",2012,1275.48806898966,207667125,31.3189732760076,3.09577353673779,2.56305239816052,8.100000381,64.883,0.817218923025024,770880.0
PAK,Pakistan,"Middle East, North Africa, Afghanistan & Pakistan",2013,1309.70080446386,211073978,30.8902743401844,3.08802003540329,2.14619455982111,9.0,65.129,0.860616171425644,770880.0
PAK,Pakistan,"Middle East, North Africa, Afghanistan & Pakistan",2014,1343.30778121043,214264647,29.4698256903998,3.09657969704779,1.9953468853851,10.0,65.374,1.35203538752693,770880.0
PAK,Pakistan,"Middle East, North Africa, Afghanistan & Pakistan",2015,1380.47020838317,217290883,26.6881860172247,3.16298664508296,1.22522777965692,11.0,65.641,1.27436408375115,770880.0
PAK,Pakistan,"Middle East, North Africa, Afghanistan & Pakistan",2016,1452.18658269177,220138869,24.7015780480573,3.20377671550622,0.96533124558749,12.385446763381,65.943,0.960503322690544,770880.0
PAK,Pakistan,"Middle East, North Africa, Afghanistan & Pakistan",2017,1495.26187528032,223273967,25.472035002344,3.36444910317801,1.10680683630599,13.77999973,66.223,0.707466003418661,770880.0
PAK,Pakistan,"Middle East, North Africa, Afghanistan & Pakistan",2018,1561.68169819559,226928892,27.6260570796337,3.58696176378502,1.24123933516406,15.34000015,66.481,0.395487211787381,770880.0
PAK,Pakistan,"Middle East, North Africa, Afghanistan & Pakistan",2019,1573.8330826937,230800899,28.9055769867032,3.50584031595126,1.30340484004876,17.070901719916,66.729,0.637588245368665,770880.0
PAK,Pakistan,"Middle East, North Africa, Afghanistan & Pakistan",2020,1526.00597486307,235001746,26.7162807328814,3.48667909020303,1.12387026995965,18.935,65.701,0.879109699815451,770880.0
PAK,Pakistan,"Middle East, North Africa, Afghanistan & Pakistan",2021,1595.02792175422,239477801,27.0304204125548,3.38923879613996,1.43561633294011,,65.773,0.849773385600569,770880.0
PAN,Panama,Latin America & Caribbean ,1995,5686.40441004349,2724557,146.905380036798,1.11575688974104,0.243858603386048,0.0561,71.994,0.511093986727833,74340.0
PAN,Panama,Latin America & Caribbean ,1996,5799.88560096133,2780227,165.609680183534,1.08559230216368,0.174799664199064,0.22,72.199,0.648391080550027,74340.0
PAN,Panama,Latin America & Caribbean ,1997,6122.6466478841,2836695,174.713863041899,1.17017056723522,0.200201312008784,0.539,72.541,0.568694694777693,74340.0
PAN,Panama,Latin America & Caribbean ,1998,6504.97011881774,2893914,157.996408512839,0.951292019208781,0.150609219935685,2.75,72.785,0.305276280183505,74340.0
PAN,Panama,Latin America & Caribbean ,1999,6709.72276088415,2951822,131.55739694225,0.974136501313688,0.138366747024726,3.84,73.124,0.222000410376949,74340.0
PAN,Panama,Latin America & Caribbean ,2000,6856.14919005847,3010369,139.197934867656,,0.137185387867812,6.55479647729549,73.443,0.236237053650093,74340.0
PAN,Panama,Latin America & Caribbean ,2001,6787.86267897348,3069537,135.584351118395,,0.124076228094074,7.26839987788729,73.82,0.29854392506654,74340.0
PAN,Panama,Latin America & Caribbean ,2002,6825.17747437166,3129344,126.024482449851,,0.123117307933687,8.51807781515595,74.195,0.237672600423035,74340.0
PAN,Panama,Latin America & Caribbean ,2003,7037.08165700349,3189807,117.267478940646,,0.143856414123735,9.98742407723405,74.567,0.285561787180043,74340.0
PAN,Panama,Latin America & Caribbean ,2004,7468.76593139801,3251155,124.761756520445,,0.160147634592891,11.1408625409415,74.845,0.219936786725964,74340.0
PAN,Panama,Latin America & Caribbean ,2005,7935.87135060821,3313026,139.211165086724,,0.0987195742549029,11.48400021,75.16,0.183998759158239,74340.0
PAN,Panama,Latin America & Caribbean ,2006,8557.9801770364,3375024,141.47257128141,,0.127267314799788,17.34959984,75.429,0.223551592752815,74340.0
PAN,Panama,Latin America & Caribbean ,2007,9507.64641073854,3437490,148.665601089573,,0.117743566419889,22.29,75.675,-0.623882788904175,74340.0
PAN,Panama,Latin America & Caribbean ,2008,10288.1549911493,3500648,164.58628613577,,0.109519193886937,33.82,75.937,0.146360225181282,74340.0
PAN,Panama,Latin America & Caribbean ,2009,10267.0633151993,3564381,137.046021610678,,0.14470191986794,39.08,76.228,0.252614099579993,74340.0
PAN,Panama,Latin America & Caribbean ,2010,10698.0717633911,3628535,145.44871880643,,0.234720390623527,40.1,76.417,0.454266910732202,74340.0
PAN,Panama,Latin America & Caribbean ,2011,11761.4988547604,3693505,158.208395346813,,0.269868830701767,42.7,76.659,0.328472105396568,74340.0
PAN,Panama,Latin America & Caribbean ,2012,12668.2945474105,3759256,153.208620367102,,0.260441253310238,40.3018952210488,76.877,0.132144783041972,74340.0
PAN,Panama,Latin America & Caribbean ,2013,13236.8306754449,3825329,133.071568935782,,0.216897753935313,44.03,77.129,0.0209004602616507,74340.0
PAN,Panama,Latin America & Caribbean ,2014,13611.5490809559,3892101,114.970604927053,,0.231601530644453,44.9238152577893,77.365,-0.410547283224367,74120.0
PAN,Panama,Latin America & Caribbean ,2015,14082.6548502728,3960035,96.5791573428957,,0.138690460109424,51.2054249948687,77.583,0.0195922793427509,74120.0
PAN,Panama,Latin America & Caribbean ,2016,14474.1243636349,4029086,84.3959718738111,,0.131004580785833,54.0,77.772,0.0406529815942433,74120.0
PAN,Panama,Latin America & Caribbean ,2017,15045.5456426827,4098707,84.0475372402933,,0.124276365709136,59.9506309038683,77.901,0.0689907767580841,74120.0
PAN,Panama,Latin America & Caribbean ,2018,15375.6500855703,4167860,86.1309615112445,,0.0994393790926708,61.8055313202468,78.266,0.0631269263928982,74180.0
PAN,Panama,Latin America & Caribbean ,2019,15602.5315209709,4234700,80.4286505649569,,0.31611229608813,63.6284147731451,78.514,0.109465585438672,74180.0
PAN,Panama,Latin America & Caribbean ,2020,12647.0914227279,4293261,68.700423510603,,0.535097865738947,64.82430267,76.33,0.263992700855524,74180.0
PAN,Panama,Latin America & Caribbean ,2021,14552.9345271768,4345405,80.1334635232887,,3.6647948599442,66.04270172,77.004,0.145991846631003,74180.0
PER,Peru,Latin America & Caribbean ,1995,3158.98338644792,24348919,30.9272178475508,2.63532409935627,3.19428115750427,0.0334,67.22,0.757497191380463,1280000.0
PER,Peru,Latin America & Caribbean ,1996,3186.90077024092,24811171,31.6542040912644,2.50202659772583,2.80473952192198,0.246,67.85,0.618633960541538,1280000.0
PER,Peru,Latin America & Caribbean ,1997,3331.15151093297,25274147,33.4695458506827,1.99676996833552,2.59268217140284,0.403,68.324,0.710786175185495,1280000.0
PER,Peru,Latin America & Caribbean ,1998,3258.29746206218,25738095,32.9530217853936,2.01666134194933,1.33224077596512,1.19,68.724,0.903157173743197,1280000.0
PER,Peru,Latin America & Caribbean ,1999,3250.37802318947,26186504,33.2057765558493,1.93063071870992,2.05435185498836,1.95,69.302,0.931260810135188,1280000.0
PER,Peru,Latin America & Caribbean ,2000,3286.27308475523,26598331,35.5380321623178,1.78896684869544,3.00673261080851,3.07643061137675,69.821,0.815797815518127,1280000.0
PER,Peru,Latin America & Caribbean ,2001,3261.6642505136,26964601,35.0644014310212,1.75202012964839,1.87027989928496,7.57876295717419,70.315,0.900886340255641,1280000.0
PER,Peru,Latin America & Caribbean ,2002,3398.74991419297,27288217,35.2491813317695,1.54184022087652,2.00486620297994,8.96694917040028,70.815,0.92851924064758,1280000.0
PER,Peru,Latin America & Caribbean ,2003,3502.79165687646,27580490,37.6246103251002,1.5094994978724,3.0037165322875,11.6,71.278,0.895335997031106,1280000.0
PER,Peru,Latin America & Caribbean ,2004,3640.60299869744,27852190,41.9360782679273,1.38222353551043,6.234603660457,14.1,71.447,0.755701543226383,1280000.0
PER,Peru,Latin America & Caribbean ,2005,3835.13219279722,28101180,47.3573174768394,1.58127268565483,7.82322862890974,17.10000038,71.988,0.6524389020199,1280000.0
PER,Peru,Latin America & Caribbean ,2006,4091.36268615581,28324491,51.7850560338442,1.45621492625964,13.4308080436867,20.70000076,72.337,0.564412176860586,1280000.0
PER,Peru,Latin America & Caribbean ,2007,4407.79121686416,28530699,55.6881132836815,1.30393825370825,14.213314090691,25.20000076,72.746,0.340843256568484,1280000.0
PER,Peru,Latin America & Caribbean ,2008,4778.52642172313,28719041,58.4337673899053,1.24669488192926,12.0258973772881,30.57,72.743,0.422820740855598,1280000.0
PER,Peru,Latin America & Caribbean ,2009,4801.17153740507,28896811,48.1119296153519,1.52962572422539,8.9210124490135,31.4,72.631,0.3909271305489,1280000.0
PER,Peru,Latin America & Caribbean ,2010,5167.39259325937,29086019,51.6728089370033,1.47697203873093,11.2141792512141,34.77,72.886,-0.223576190305936,1280000.0
PER,Peru,Latin America & Caribbean ,2011,5453.45718713631,29304086,55.9882802838607,1.37118305528699,12.7665949125059,36.01,73.327,0.37132530709018,1280000.0
PER,Peru,Latin America & Caribbean ,2012,5740.04346272472,29550366,52.6198952632294,1.48351279277452,9.99927931288698,38.2,73.979,0.213587603089216,1280000.0
PER,Peru,Latin America & Caribbean ,2013,6021.46142765232,29817919,49.7871424471444,1.64306905104789,7.65420483078558,39.2,74.591,0.190584745366052,1280000.0
PER,Peru,Latin America & Caribbean ,2014,6103.91864749969,30115826,46.8531210912899,1.60248762240244,5.66292821656372,40.2446560091704,75.26,0.171260154775149,1280000.0
PER,Peru,Latin America & Caribbean ,2015,6231.71150338894,30457600,45.1627686891148,1.74508054943009,3.91148648466656,40.8526009090468,75.732,0.182663691741555,1280000.0
PER,Peru,Latin America & Caribbean ,2016,6392.25474941014,30866494,45.3888411964154,1.32190839942957,4.40523816648386,45.4617406869459,75.951,0.174078603076771,1280000.0
PER,Peru,Latin America & Caribbean ,2017,6457.41940254721,31324637,47.5135503619971,1.2652396703256,5.8962563954339,50.4504121848143,75.958,-0.0006245506601227,1280000.0
PER,Peru,Latin America & Caribbean ,2018,6593.14437459526,31897584,48.631470171736,1.18979117011669,5.95602611154103,55.0543342443197,76.018,0.213041827484999,1280000.0
PER,Peru,Latin America & Caribbean ,2019,6626.26083494969,32449303,46.9435053754409,1.20589146228792,2.49912146958912,59.9505036049006,76.275,0.208878560968195,1280000.0
PER,Peru,Latin America & Caribbean ,2020,5831.83024758521,32838579,44.245967197744,1.31677830419866,3.97961448773443,65.25179796,73.832,0.249894242963778,1280000.0
PER,Peru,Latin America & Caribbean ,2021,6550.96747543872,33155882,55.4083231938774,1.1644987739258,12.7247082349187,71.10782643,71.596,0.145927418392202,1280000.0
PHL,Philippines,East Asia & Pacific,1995,1693.80873081644,70546246,57.3305579762779,2.29413153545476,0.790667957806218,0.0286,66.311,0.986003620658379,298170.0
PHL,Philippines,East Asia & Pacific,1996,1752.23800104559,72190242,63.8553035508774,2.2684076761575,0.566314498398356,0.0559,66.691,0.879107210831263,298170.0
PHL,Philippines,East Asia & Pacific,1997,1800.25913137613,73908810,77.2286459172662,1.9144613761672,0.617866059930157,0.137,66.994,0.638584022675156,298170.0
PHL,Philippines,East Asia & Pacific,1998,1746.52590513282,75791024,80.077201518421,1.69729337975318,0.543037780193669,1.1,67.212,0.69821490350814,298170.0
PHL,Philippines,East Asia & Pacific,1999,1759.42105225652,77753257,77.1614937122172,1.61577584612539,0.350020818173585,1.43,67.503,0.682369370142643,298170.0
PHL,Philippines,East Asia & Pacific,2000,1793.34761146436,79625397,85.1533684600039,1.60822662086796,0.464605311146084,1.98225319605827,67.789,0.603764832638585,298170.0
PHL,Philippines,East Asia & Pacific,2001,1807.70892524758,81401488,84.9003886237531,1.4713788325538,0.364822695488848,2.52400566008269,67.829,0.639678868970299,298170.0
PHL,Philippines,East Asia & Pacific,2002,1837.25429286854,83068889,83.8448040937789,1.47389018793368,0.559004078335385,4.33227574643007,67.886,0.599033941357658,298170.0
PHL,Philippines,East Asia & Pacific,2003,1892.82161995051,84731835,87.5746443636636,1.55084482917909,0.772663756762627,4.85767226708512,68.049,0.761068920256009,298170.0
PHL,Philippines,East Asia & Pacific,2004,1978.34489133113,86394504,87.1252848232048,1.36062650970663,0.875871134569893,5.2436284521711,68.301,0.447708125032911,298170.0
PHL,Philippines,East Asia & Pacific,2005,2037.8776605946,88015962,83.8456745708051,1.27788393643261,0.891170286368252,5.397600174,68.423,0.498505248994011,298170.0
PHL,Philippines,East Asia & Pacific,2006,2110.42044781284,89508986,80.8505386728775,1.2590953916093,1.4699734534733,5.74058632534702,68.172,0.426852734160443,298170.0
PHL,Philippines,East Asia & Pacific,2007,2209.34651083329,91075184,73.6449799920629,1.29142591630931,2.90665631792163,5.97,68.549,0.374311443305809,298170.0
PHL,Philippines,East Asia & Pacific,2008,2264.9462907288,92699095,67.6810707730401,1.25032908798354,1.52340699760132,6.22,68.643,0.0336679479963655,298170.0
PHL,Philippines,East Asia & Pacific,2009,2256.72554835463,94384250,60.8865907869758,1.2023233937147,1.1747398877258,9.0,68.631,0.173047771705493,298170.0
PHL,Philippines,East Asia & Pacific,2010,2373.14312064664,96337125,66.1042785137797,1.17013220060251,2.11755801672482,25.0,68.883,0.250013552984124,298170.0
PHL,Philippines,East Asia & Pacific,2011,2416.75212064542,98248614,60.7958366999075,1.15341455205701,2.84367320905718,29.0,69.096,-0.052359331526873,298170.0
PHL,Philippines,East Asia & Pacific,2012,2533.74141964959,100175512,57.8420055133082,1.10670418975985,1.55356736359168,30.79999924,69.237,-0.0011597065239981,298170.0
PHL,Philippines,East Asia & Pacific,2013,2654.41506933978,102076336,55.8247812320298,1.18950172893764,1.1859412840883,32.70000076,69.283,0.0605317245317116,298170.0
PHL,Philippines,East Asia & Pacific,2014,2776.92005909479,103767130,57.4681720875945,1.04312706559466,1.5089650931856,34.70000076,69.311,0.204192137960845,298170.0
PHL,Philippines,East Asia & Pacific,2015,2909.85818010301,105312992,59.1415921053094,1.08846303958172,0.758148274430124,36.90000153,69.45,0.150804657152234,298170.0
PHL,Philippines,East Asia & Pacific,2016,3076.3374186759,106735719,61.7760657653871,1.04558514673889,0.661597167675748,39.20000076,69.49,0.0801241958930269,298170.0
PHL,Philippines,East Asia & Pacific,2017,3247.4503878362,108119693,68.1683697426727,1.16796083355235,0.964596437230551,41.59999847,69.966,0.044000334670258,298170.0
PHL,Philippines,East Asia & Pacific,2018,3410.93647976109,109465287,72.1633982990273,1.18424717696738,0.943783444739612,44.09999847,69.761,0.142619411483806,298170.0
PHL,Philippines,East Asia & Pacific,2019,3575.88170922922,110804683,68.8418422595678,1.13133132483668,0.78530018741462,43.0266118680279,69.68,0.213984189835829,298170.0
PHL,Philippines,East Asia & Pacific,2020,3198.66690008413,112081264,58.1695603022281,1.29724003910725,0.764112790267085,53.76490021,70.097,0.374480808619051,298170.0
PHL,Philippines,East Asia & Pacific,2021,3350.97587587776,113100950,63.4846098136712,1.40682254131819,1.97263339590791,66.90779877,66.675,0.400624903864076,298170.0
PLW,Palau,East Asia & Pacific,1995,12837.708188873,17195,,,,,63.255,104.839629941038,460.0
PLW,Palau,East Asia & Pacific,1996,13804.33934348,17654,,,,,63.455,40.8475711885034,460.0
PLW,Palau,East Asia & Pacific,1997,13767.7795410714,18108,,,,,63.707,23.8001636296025,460.0
PLW,Palau,East Asia & Pacific,1998,13727.7611804865,18524,,,,,63.951,53.2722201678756,460.0
PLW,Palau,East Asia & Pacific,1999,12727.4358812353,18901,,,,,64.23,17.8061513662318,460.0
PLW,Palau,East Asia & Pacific,2000,12216.9793626185,19178,,,0.0,,64.499,28.1895782431249,460.0
PLW,Palau,East Asia & Pacific,2001,12996.5090361666,19352,,,0.0,,64.8,23.072822161249,460.0
PLW,Palau,East Asia & Pacific,2002,13503.9227174315,19503,,,0.0,20.243939470621,65.076,21.0177842500402,460.0
PLW,Palau,East Asia & Pacific,2003,13111.7142001123,19659,,,0.0,21.6015271777354,65.446,17.6656833813132,460.0
PLW,Palau,East Asia & Pacific,2004,13456.8137686422,19820,,,0.0,26.9703326341025,65.816,12.414547856014,460.0
PLW,Palau,East Asia & Pacific,2005,13845.7172322875,19819,122.074561928033,,0.0,,66.219,13.3765766873466,460.0
PLW,Palau,East Asia & Pacific,2006,14037.3706523634,19593,128.141473764216,,0.0,,66.633,20.5407028579928,460.0
PLW,Palau,East Asia & Pacific,2007,14346.8995831129,19302,117.584002441168,,0.0,,67.113,12.0929031681982,460.0
PLW,Palau,East Asia & Pacific,2008,13759.0034121669,19009,127.565668476156,,0.0,,67.562,22.303634065102,460.0
PLW,Palau,East Asia & Pacific,2009,13113.5786666921,18709,115.261869136107,,0.0,,67.99,19.1555270935266,460.0
PLW,Palau,East Asia & Pacific,2010,12933.0676102142,18396,123.113914891838,,0.0,,68.347,15.605722794701,460.0
PLW,Palau,East Asia & Pacific,2011,13758.7587383152,18078,138.086472173303,,0.0,,68.638,12.7619948009458,460.0
PLW,Palau,East Asia & Pacific,2012,14289.7833891839,17765,144.101360548224,,0.0,,68.863,7.46615244669817,460.0
PLW,Palau,East Asia & Pacific,2013,14184.0449521037,17648,140.845204181817,,0.0,,68.981,16.025946328454,460.0
PLW,Palau,East Asia & Pacific,2014,14725.8436432778,17715,145.793812924789,,0.0,,69.062,9.93221243890265,460.0
PLW,Palau,East Asia & Pacific,2015,15938.3652222848,17770,128.207298267542,,0.0,,69.07,5.15942749905607,460.0
PLW,Palau,East Asia & Pacific,2016,16179.3959628749,17797,118.759866134181,,0.0,,69.046,6.18884230901895,460.0
PLW,Palau,East Asia & Pacific,2017,15612.6700180498,17812,122.650636452895,,0.0,,69.019,7.79460950282794,460.0
PLW,Palau,East Asia & Pacific,2018,15545.7219371676,17814,117.771970509059,,0.0,,68.989,30.1111406758065,460.0
PLW,Palau,East Asia & Pacific,2019,15606.4827634374,17798,115.497705299446,,0.0,,68.982,8.91209032545529,460.0
PLW,Palau,East Asia & Pacific,2020,14673.8845975778,17792,104.430720909895,,0.0,,68.689,24.9965724306332,460.0
PLW,Palau,East Asia & Pacific,2021,12932.0857060233,17783,79.5791429216543,,0.0,,68.563,20.1899039370301,460.0
PNG,Papua New Guinea,East Asia & Pacific,1995,2397.40045298857,4644278,104.739980951459,0.775516093293818,26.6836251789136,,60.929,8.19960555188806,452860.0
PNG,Papua New Guinea,East Asia & Pacific,1996,2492.07962762784,4813361,107.803352613066,1.01731136644028,20.9580370465991,0.00207,61.071,8.0781922472069,452860.0
PNG,Papua New Guinea,East Asia & Pacific,1997,2310.98773975643,4987883,99.2079750268377,1.0753537542736,12.6784825145613,0.101,61.27,7.34238670398913,452860.0
PNG,Papua New Guinea,East Asia & Pacific,1998,2147.04526266919,5166390,102.860932133887,0.87922032066839,13.9562495211202,0.235,60.435,10.1823448656199,452860.0
PNG,Papua New Guinea,East Asia & Pacific,1999,2112.0950973955,5349333,116.006802066106,0.691394522292367,17.3650563766783,0.667,61.505,6.6549767605713,452860.0
PNG,Papua New Guinea,East Asia & Pacific,2000,1989.57882204274,5537064,115.421837958873,0.639107654317662,25.7002086888519,0.835249302427624,61.609,8.32572469602731,452860.0
PNG,Papua New Guinea,East Asia & Pacific,2001,1920.78003889393,5728435,117.580367053663,0.547294852305232,17.505282726103,0.904103545170821,61.647,7.27339325000185,452860.0
PNG,Papua New Guinea,East Asia & Pacific,2002,1854.41831737462,5924003,118.919110291279,0.371637931460894,19.8483010320863,1.3216569348661,61.643,7.34052038573885,452860.0
PNG,Papua New Guinea,East Asia & Pacific,2003,1832.67870314447,6123997,123.449069006746,0.345763181450338,22.084810442314,1.37440466802801,61.741,7.12008132083002,452860.0
PNG,Papua New Guinea,East Asia & Pacific,2004,1821.84741071002,6328041,131.082911016249,0.389122470657362,28.790794029329,1.5079127722725,61.795,7.36590410682983,452860.0
PNG,Papua New Guinea,East Asia & Pacific,2005,1875.82273480514,6535905,,0.416637769353025,31.2020381442888,1.71619047556782,61.868,5.92791219276604,452860.0
PNG,Papua New Guinea,East Asia & Pacific,2006,1915.2349405788,6747720,,0.376920047262702,27.4026305651904,1.754487260668,62.018,3.63435636798365,452860.0
PNG,Papua New Guinea,East Asia & Pacific,2007,2000.9726186689,6963345,,0.411602600339175,24.2068320642901,1.790599942,62.211,3.72426357152164,452860.0
PNG,Papua New Guinea,East Asia & Pacific,2008,1934.03201558753,7183002,,0.337014470677837,25.3611419818964,1.15,62.511,2.77889406373463,452860.0
PNG,Papua New Guinea,East Asia & Pacific,2009,2003.24109727039,7406438,,0.447943023146847,18.9071661714619,1.61,62.772,3.76641428871097,452860.0
PNG,Papua New Guinea,East Asia & Pacific,2010,2140.50939027384,7633523,,0.32514450867052,27.8968249359842,1.28,63.056,3.85170917271255,452860.0
PNG,Papua New Guinea,East Asia & Pacific,2011,2102.03192060639,7859346,,0.356925097321889,26.2680889498874,2.0,63.382,3.78831138767256,452860.0
PNG,Papua New Guinea,East Asia & Pacific,2012,2139.48096660428,8081390,,0.519471738934463,15.8152886420978,3.5,63.639,3.31857592712778,452860.0
PNG,Papua New Guinea,East Asia & Pacific,2013,2162.10592595591,8302698,,0.494549266247379,11.6658602971436,5.099999905,63.927,3.36434584758284,452860.0
PNG,Papua New Guinea,East Asia & Pacific,2014,2391.3578028163,8523441,,0.484413309982487,14.02772535223,6.5,64.198,2.55120280526347,452860.0
PNG,Papua New Guinea,East Asia & Pacific,2015,2484.5963398603,8743246,,0.459900166389351,12.7384528214768,7.900000095,64.473,2.91262387876545,452860.0
PNG,Papua New Guinea,East Asia & Pacific,2016,2557.09463030035,8961718,,0.381076923076923,14.3368397378808,9.601499557,64.7,2.68281856981382,452860.0
PNG,Papua New Guinea,East Asia & Pacific,2017,2584.8883636271,9178714,,0.355034482758621,16.0436340949199,11.20919991,64.923,2.45872010716866,452860.0
PNG,Papua New Guinea,East Asia & Pacific,2018,2518.45899317321,9394513,,0.330226700251889,16.921880825492,12.35789967,65.114,3.46955478700203,452860.0
PNG,Papua New Guinea,East Asia & Pacific,2019,2572.56177967896,9609010,,0.362698688154268,13.8152037166577,13.62419987,65.331,2.82708298289155,452860.0
PNG,Papua New Guinea,East Asia & Pacific,2020,2438.61137922293,9815746,,0.393261831182209,11.9417254747487,15.02040005,65.075,4.57703295424197,452860.0
PNG,Papua New Guinea,East Asia & Pacific,2021,2378.3893914666,10012896,,0.329678128303653,27.3866812481734,16.55960083,64.358,4.83892118715707,452860.0
POL,Poland,Europe & Central Asia,1995,5671.89573674798,38594998,43.5552180979904,1.90379957330223,1.12137264225809,0.648,71.8926829268293,,306290.0
POL,Poland,Europe & Central Asia,1996,6012.95806433166,38624370,45.3767344453465,1.91739242748542,0.836661886376283,1.3,72.2463414634146,,306290.0
POL,Poland,Europe & Central Asia,1997,6391.13172823376,38649660,50.376378640536,1.99649463419658,0.824176286532763,2.07,72.6463414634146,,306290.0
POL,Poland,Europe & Central Asia,1998,6684.11477782234,38663481,56.5460556555084,1.9916575833585,0.472405290594329,4.1,72.9975609756098,,306290.0
POL,Poland,Europe & Central Asia,1999,6998.79475144289,38660271,53.8980187624686,1.89014224685951,0.411421201078829,5.46,73.0439024390244,,306290.0
POL,Poland,Europe & Central Asia,2000,7401.57697647848,38258629,60.6107209423297,1.81904535107873,0.607750041899211,7.2854287080601,73.7487804878049,,306290.0
POL,Poland,Europe & Central Asia,2001,7494.96089503246,38248076,57.8785312712895,1.89270410859475,0.785713115899639,9.9006697073534,74.2,,306290.0
POL,Poland,Europe & Central Asia,2002,7640.99307757777,38230364,60.7967990573911,1.89097402916196,0.565655329458689,21.15,74.4975609756098,,306290.0
POL,Poland,Europe & Central Asia,2003,7915.55424389704,38204570,69.2134479841788,1.89890364834865,0.598445982092893,24.87,74.5975609756098,,306240.0
POL,Poland,Europe & Central Asia,2004,8323.38773754587,38182222,70.9815765694162,1.86469356337462,1.44432044481015,32.53,74.8463414634146,,306330.0
POL,Poland,Europe & Central Asia,2005,8598.57681241557,38165445,70.3114790902584,1.92065181170108,1.16882023675091,38.81,74.9951219512195,,306330.0
POL,Poland,Europe & Central Asia,2006,9137.65850849801,38141267,77.7008035402352,1.9136927914289,1.60097843809302,44.58,75.1439024390244,,306320.0
POL,Poland,Europe & Central Asia,2007,9760.7042604352,38120560,80.745399056691,1.99879774345695,1.36253196224239,48.6,75.2439024390244,,306320.0
POL,Poland,Europe & Central Asia,2008,10187.2017910883,38125759,80.5746815569207,1.74555706324845,2.04775399554984,53.13,75.5439024390244,,306300.0
POL,Poland,Europe & Central Asia,2009,10446.5289138524,38151603,74.9685965264269,1.79268764302392,1.14376244780615,58.97,75.6951219512195,,306280.0
POL,Poland,Europe & Central Asia,2010,10808.3975674238,38042794,82.2258523219922,1.83851836437415,4.33027218366267,62.32,76.2463414634146,,306280.0
POL,Poland,Europe & Central Asia,2011,11370.313427173,38063255,86.9236892837618,1.79131485643585,5.71416347861788,61.94999896898,76.6951219512195,,306230.0
POL,Poland,Europe & Central Asia,2012,11542.2353368014,38063164,88.8299033066583,1.80404649861118,3.79887246755542,62.3099972714691,76.7463414634146,,306220.0
POL,Poland,Europe & Central Asia,2013,11628.2286809525,38040196,90.4175072415629,1.7900581767381,3.33330904653522,62.8492,77.0,,306210.0
POL,Poland,Europe & Central Asia,2014,12093.1622787394,38011735,92.0340197113178,1.90822735552002,3.15767703778128,66.5987360557248,77.6024390243903,,306190.0
POL,Poland,Europe & Central Asia,2015,12637.5220324406,37986412,92.2554272741942,2.12742384353358,1.29098319489632,67.9969871556415,77.4512195121951,,306190.0
POL,Poland,Europe & Central Asia,2016,13026.1858988718,37970087,96.8659028060623,1.93589358828699,2.02624729962296,73.3007040962669,77.8512195121951,,306190.0
POL,Poland,Europe & Central Asia,2017,13695.6452848724,37974826,100.56589524628,1.88828727046187,3.06146096477289,75.9853659493832,77.7536585365854,,306190.0
POL,Poland,Europe & Central Asia,2018,14551.0850277089,37974750,102.442462168005,2.02472821822818,2.71315064903734,77.5417345350006,77.6024390243903,,306170.0
POL,Poland,Europe & Central Asia,2019,15221.3090624454,37965475,101.581033817373,1.95338318505019,0.671601200907606,80.4359068768673,77.9048780487805,,306110.0
POL,Poland,Europe & Central Asia,2020,15090.2228440113,37515748,99.2590912303436,2.26305371895405,0.535468929487005,83.18488715,76.4,,306130.0
POL,Poland,Europe & Central Asia,2021,16368.6239689025,36981559,110.874283021945,2.21716328801834,1.03024380772929,85.37490906,75.3512195121951,,306100.0
PRI,Puerto Rico (US),Latin America & Caribbean ,1995,21936.4179114827,3683103,99.9544379459526,,0.0,0.135,73.571,,8870.0
PRI,Puerto Rico (US),Latin America & Caribbean ,1996,22193.5791326619,3724655,92.6434195576681,,0.0,0.268,73.995,,8870.0
PRI,Puerto Rico (US),Latin America & Caribbean ,1997,23061.3344942222,3759430,94.0796549047141,,0.0,1.33,74.674,,8870.0
PRI,Puerto Rico (US),Latin America & Caribbean ,1998,24197.3097487888,3781101,96.272630457934,,0.0,2.65,74.556,,8870.0
PRI,Puerto Rico (US),Latin America & Caribbean ,1999,25374.101701053,3800081,104.080496533601,,0.0,5.27,75.278,,8870.0
PRI,Puerto Rico (US),Latin America & Caribbean ,2000,26131.9630643584,3810605,106.169512072581,,0.0,10.4746482089399,75.514,,8870.0
PRI,Puerto Rico (US),Latin America & Caribbean ,2001,27722.3671872748,3818774,109.88564971882,,0.0,15.6300309162012,75.972,,8870.0
PRI,Puerto Rico (US),Latin America & Caribbean ,2002,27940.3826219734,3823701,106.32948683044,,0.0,17.5476475654777,76.819,,8870.0
PRI,Puerto Rico (US),Latin America & Caribbean ,2003,27937.8165922567,3826095,118.84015748242,,0.0,19.7070256578252,76.941,,8870.0
PRI,Puerto Rico (US),Latin America & Caribbean ,2004,30375.7895758237,3826878,117.000863757497,,0.0,22.1307382347014,76.913,,8870.0
PRI,Puerto Rico (US),Latin America & Caribbean ,2005,29815.216422231,3821362,113.744794728395,,0.0,23.4000504486583,76.703,,8870.0
PRI,Puerto Rico (US),Latin America & Caribbean ,2006,29519.7386759729,3805214,117.728477994388,,0.0,25.4424182102582,77.561,,8870.0
PRI,Puerto Rico (US),Latin America & Caribbean ,2007,29347.8460041613,3782995,117.595779058079,,0.0,27.86,77.659,,8870.0
PRI,Puerto Rico (US),Latin America & Caribbean ,2008,28976.1310520159,3760866,116.277994389108,,0.0,38.0,78.111,,8870.0
PRI,Puerto Rico (US),Latin America & Caribbean ,2009,28565.767919549,3740410,105.262196842682,,0.0,41.5,78.377,,8870.0
PRI,Puerto Rico (US),Latin America & Caribbean ,2010,28569.5077088001,3724465,104.153228306599,,0.0,45.3,78.717,,8870.0
PRI,Puerto Rico (US),Latin America & Caribbean ,2011,28706.0207514856,3693464,108.558400106824,,0.0,48.0,78.766,,8870.0
PRI,Puerto Rico (US),Latin America & Caribbean ,2012,28968.6942131352,3661045,103.311186552821,,0.0,68.9999826014151,79.258,,8870.0
PRI,Puerto Rico (US),Latin America & Caribbean ,2013,29115.3549161996,3631427,104.89224011713,,0.0,68.999990004,80.318,,8870.0
PRI,Puerto Rico (US),Latin America & Caribbean ,2014,29141.2038639816,3585017,102.385456504805,,0.0,76.1338597201667,80.039,,8870.0
PRI,Puerto Rico (US),Latin America & Caribbean ,2015,29242.041465085,3535167,108.880634192821,,0.0,63.4663353848474,80.677,,8870.0
PRI,Puerto Rico (US),Latin America & Caribbean ,2016,29326.5748761873,3480432,110.274045470098,,0.0,68.6438071976518,80.355,,8870.0
PRI,Puerto Rico (US),Latin America & Caribbean ,2017,29061.5563802711,3410837,113.131649032582,,0.0,68.7407731407209,79.07,,8870.0
PRI,Puerto Rico (US),Latin America & Caribbean ,2018,28808.8518638025,3290690,106.001202479048,,0.0,70.8563997424362,81.086,,8870.0
PRI,Puerto Rico (US),Latin America & Caribbean ,2019,29185.0969964707,3302691,107.571456836722,,0.0,77.7364393708352,81.438,,8870.0
PRI,Puerto Rico (US),Latin America & Caribbean ,2020,28144.713741876,3281591,103.509811317462,,0.0,,80.009,,8870.0
PRI,Puerto Rico (US),Latin America & Caribbean ,2021,28416.4489370346,3262731,96.7453625315476,,0.0,84.78666399,79.77,,8870.0
PRK,"Korea, Dem. People's Rep.",East Asia & Pacific,1995,,22669304,,,,,60.766,,120410.0
PRK,"Korea, Dem. People's Rep.",East Asia & Pacific,1996,,22895746,,,,,60.82,,120410.0
PRK,"Korea, Dem. People's Rep.",East Asia & Pacific,1997,,23110830,,,,0.0,60.869,,120410.0
PRK,"Korea, Dem. People's Rep.",East Asia & Pacific,1998,,23311564,,,,0.0,60.887,,120410.0
PRK,"Korea, Dem. People's Rep.",East Asia & Pacific,1999,,23497599,,,,0.0,60.91,,120410.0
PRK,"Korea, Dem. People's Rep.",East Asia & Pacific,2000,,23665910,,,,0.0,60.911,,120410.0
PRK,"Korea, Dem. People's Rep.",East Asia & Pacific,2001,,23815358,,,,0.0,60.893,,120410.0
PRK,"Korea, Dem. People's Rep.",East Asia & Pacific,2002,,23943973,,,,0.0,60.877,,120410.0
PRK,"Korea, Dem. People's Rep.",East Asia & Pacific,2003,,24090380,,,,0.0,69.399,,120410.0
PRK,"Korea, Dem. People's Rep.",East Asia & Pacific,2004,,24254943,,,,0.0,69.294,,120410.0
PRK,"Korea, Dem. People's Rep.",East Asia & Pacific,2005,,24396433,,,,,69.168,,120410.0
PRK,"Korea, Dem. People's Rep.",East Asia & Pacific,2006,,24524507,,,,,69.061,,120410.0
PRK,"Korea, Dem. People's Rep.",East Asia & Pacific,2007,,24646383,,,,,69.021,,120410.0
PRK,"Korea, Dem. People's Rep.",East Asia & Pacific,2008,,24764618,,,,,69.303,,120410.0
PRK,"Korea, Dem. People's Rep.",East Asia & Pacific,2009,,24878332,,,,,69.702,,120410.0
PRK,"Korea, Dem. People's Rep.",East Asia & Pacific,2010,,24987258,,,,,70.246,,120410.0
PRK,"Korea, Dem. People's Rep.",East Asia & Pacific,2011,,25097874,,,,,70.772,,120410.0
PRK,"Korea, Dem. People's Rep.",East Asia & Pacific,2012,,25211728,,,,,71.317,,120410.0
PRK,"Korea, Dem. People's Rep.",East Asia & Pacific,2013,,25329451,,,,,71.867,,120410.0
PRK,"Korea, Dem. People's Rep.",East Asia & Pacific,2014,,25451262,,,,,72.451,,120410.0
PRK,"Korea, Dem. People's Rep.",East Asia & Pacific,2015,,25575350,,,,,72.825,,120410.0
PRK,"Korea, Dem. People's Rep.",East Asia & Pacific,2016,,25698326,,,,,72.971,,120410.0
PRK,"Korea, Dem. People's Rep.",East Asia & Pacific,2017,,25817709,,,,,73.034,,120410.0
PRK,"Korea, Dem. People's Rep.",East Asia & Pacific,2018,,25931147,,,,,73.02,,120410.0
PRK,"Korea, Dem. People's Rep.",East Asia & Pacific,2019,,26037632,,,,,72.928,,120410.0
PRK,"Korea, Dem. People's Rep.",East Asia & Pacific,2020,,26136312,,,,,72.783,,120410.0
PRK,"Korea, Dem. People's Rep.",East Asia & Pacific,2021,,26232534,,,,,73.437,,120410.0
PRT,Portugal,Europe & Central Asia,1995,15811.7171369279,10026176,59.9144721620053,1.70715787362033,0.283476976163833,1.49,75.3121951219512,,91500.0
PRT,Portugal,Europe & Central Asia,1996,16304.3794463959,10063945,60.2098050471666,1.60164031322082,0.176788595247803,2.98,75.2609756097561,,91500.0
PRT,Portugal,Europe & Central Asia,1997,16946.086865108,10108977,62.3049515024583,1.54154760574092,0.152173553464931,4.95,75.4121951219512,,91500.0
PRT,Portugal,Europe & Central Asia,1998,17671.3135082912,10160196,63.8308988570361,1.42301869395635,0.108050728456992,9.87,75.7121951219512,,91500.0
PRT,Portugal,Europe & Central Asia,1999,18258.0911720943,10217828,63.3143298172237,1.42626993965458,0.105493667840588,14.7,75.9634146341463,,91500.0
PRT,Portugal,Europe & Central Asia,2000,18822.0933092937,10289898,67.4529979863247,1.4070359633161,0.149104429691798,16.4304676923534,76.3146341463415,,91500.0
PRT,Portugal,Europe & Central Asia,2001,19053.089945659,10362722,65.0919551771122,1.44506185476172,0.114793187807955,18.0871365595338,76.8146341463415,,91500.0
PRT,Portugal,Europe & Central Asia,2002,19095.1102477398,10419631,62.3082594169772,1.4648125666589,0.116829503783309,19.37,77.0658536585366,,91500.0
PRT,Portugal,Europe & Central Asia,2003,18846.5411893632,10458821,61.1389474883653,1.43358027472409,0.113795339898129,29.67,77.219512195122,,91500.0
PRT,Portugal,Europe & Central Asia,2004,19137.8370898949,10483861,63.2045936670279,1.50609147993081,0.150870867227772,31.78,77.6707317073171,,91500.0
PRT,Portugal,Europe & Central Asia,2005,19251.71450683,10503330,62.944504560452,1.59379180313443,0.164403580588561,34.99,78.0707317073171,,91470.0
PRT,Portugal,Europe & Central Asia,2006,19529.3122100477,10522288,68.5470531182009,1.51208523296058,0.282892334825025,38.01,78.419512195122,,91470.0
PRT,Portugal,Europe & Central Asia,2007,19979.5706280792,10542964,69.9461175817991,1.37790810197484,0.276602758813046,42.09,78.3219512195122,,91470.0
PRT,Portugal,Europe & Central Asia,2008,20014.4749330004,10558177,72.0757429221604,1.41594674624287,0.240482694574169,44.13,78.5243902439025,,91470.0
PRT,Portugal,Europe & Central Asia,2009,19371.1318876855,10568247,61.4926935267759,1.53406376621365,0.110113966795685,48.27,78.7268292682927,,91590.0
PRT,Portugal,Europe & Central Asia,2010,19698.6836791397,10573100,67.6892401927983,1.48615299877848,0.219238742769667,53.3,79.0268292682927,,91590.0
PRT,Portugal,Europe & Central Asia,2011,19389.6395896162,10557560,73.0075756700531,1.48992161044294,0.244908396407978,55.2499968797194,80.4707317073171,,91590.0
PRT,Portugal,Europe & Central Asia,2012,18679.7626789594,10514844,75.9411067187813,1.40383146309083,0.259819202336753,60.3399974868057,80.3731707317073,,91590.0
PRT,Portugal,Europe & Central Asia,2013,18597.7214623964,10457295,78.0305056874282,1.43957267155316,0.196206023994317,62.0956,80.7219512195122,,91605.2
PRT,Portugal,Europe & Central Asia,2014,18836.8967978906,10401062,80.220669072079,1.30668261277534,0.204731493524196,64.5924200648949,81.1219512195122,,91605.6
PRT,Portugal,Europe & Central Asia,2015,19215.7813014347,10358076,80.6346756266443,1.32892803352448,0.159709580402046,68.6328614804299,81.1243902439025,,91605.6
PRT,Portugal,Europe & Central Asia,2016,19662.82312462,10325452,79.5223464844001,1.54200474856982,0.158382699146323,70.423567088723,81.1243902439025,,91605.6
PRT,Portugal,Europe & Central Asia,2017,20364.1962735946,10300300,84.8077923069539,1.23983975869036,0.191626691576631,73.7912139515729,81.4243902439025,,91605.6
PRT,Portugal,Europe & Central Asia,2018,20997.7745987013,10283822,86.7356954918399,1.34147881873726,0.240667367524237,74.6609681487507,81.3243902439024,,91605.6
PRT,Portugal,Europe & Central Asia,2019,21569.1874752919,10286263,86.7709889083586,1.37395750042211,0.221431953517005,75.3463779408712,81.6756097560976,,91605.6
PRT,Portugal,Europe & Central Asia,2020,19778.7139525722,10297081,76.5086407209215,1.42613611053982,0.200282467054982,78.26166044,81.3292682926829,,91605.6
PRT,Portugal,Europe & Central Asia,2021,20747.6990734163,10361831,85.8735452148975,1.51644104082545,0.291415692065373,82.30902804,81.3780487804878,,91605.6
PRY,Paraguay,Latin America & Caribbean ,1995,4445.18978188914,4579806,118.064074196549,2.2834245690128,2.63965820175389,,68.778,1.48553325228301,397300.0
PRY,Paraguay,Latin America & Caribbean ,1996,4411.37280078232,4687543,103.035267206036,2.06378993670781,2.22608401252279,0.0204,69.05,0.773118972221741,397300.0
PRY,Paraguay,Latin America & Caribbean ,1997,4496.02336469138,4794412,95.9342762479745,1.68568030658609,2.01417230058798,0.0996,69.284,0.897375963995401,397300.0
PRY,Paraguay,Latin America & Caribbean ,1998,4402.11110078249,4900025,101.606320138559,1.54315371528311,1.90038248473524,0.195,69.507,0.71301883728493,397300.0
PRY,Paraguay,Latin America & Caribbean ,1999,4252.49065726668,5003135,77.5552756906357,1.38876785203796,1.75811595698581,0.382,69.774,0.913914416572404,397300.0
PRY,Paraguay,Latin America & Caribbean ,2000,4074.48953320404,5100868,78.6447297611485,1.24493945384649,1.46125820906746,0.747630711548184,70.026,1.03575354331234,397300.0
PRY,Paraguay,Latin America & Caribbean ,2001,3972.88427866686,5187689,72.6056990118238,1.07463481723327,1.60887106842193,1.09879383569333,70.281,0.909680331996589,397300.0
PRY,Paraguay,Latin America & Caribbean ,2002,3916.4402230868,5261328,79.4415656482927,0.97123693298858,2.06807979138211,1.79496959770244,70.539,1.00016979953169,397300.0
PRY,Paraguay,Latin America & Caribbean ,2003,4035.71833919883,5326436,81.1273637701163,0.825755371784335,2.14219181665103,2.11194208210034,70.795,1.00104788887628,397300.0
PRY,Paraguay,Latin America & Caribbean ,2004,4151.34584799368,5388175,80.1044466155542,0.877630063887399,1.64919367692685,3.45243843137079,71.054,0.414174230181173,397300.0
PRY,Paraguay,Latin America & Caribbean ,2005,4193.2808652562,5448097,85.0219636540457,0.721480399782029,1.6488717465954,7.90700786141285,71.317,0.679445048442851,397300.0
PRY,Paraguay,Latin America & Caribbean ,2006,4349.31197066182,5505148,84.7335313048126,0.793455134933818,1.92110670134396,7.962100029,71.584,0.56976176927479,397300.0
PRY,Paraguay,Latin America & Caribbean ,2007,4540.38235899198,5559386,79.0011374202968,0.741436848396038,1.74879846359446,11.21,71.817,0.715596353322813,397300.0
PRY,Paraguay,Latin America & Caribbean ,2008,4788.6631877791,5613574,80.777574657268,0.683124275184385,1.53670993415519,14.27,72.047,0.591741696698105,397300.0
PRY,Paraguay,Latin America & Caribbean ,2009,4727.59685811395,5671236,70.8419818624432,0.753483712105124,1.62701325231846,18.9,72.282,0.763373379848772,397300.0
PRY,Paraguay,Latin America & Caribbean ,2010,5191.05014254402,5737971,81.2575233746727,0.750544858772042,2.08299287196264,19.8,72.551,0.437442997501248,397300.0
PRY,Paraguay,Latin America & Caribbean ,2011,5342.19015717376,5814626,78.4921238489348,0.844603850849582,1.67187532266737,24.7635158793993,72.787,0.247759212047119,397300.0
PRY,Paraguay,Latin America & Caribbean ,2012,5230.26244858764,5897008,74.7649574560794,0.964506788033691,1.69034010085165,29.34,73.105,0.329314066566581,397300.0
PRY,Paraguay,Latin America & Caribbean ,2013,5583.12274473463,5982445,73.3698713841075,0.964167260244977,1.6980914846184,36.9,73.292,0.354589348292473,397300.0
PRY,Paraguay,Latin America & Caribbean ,2014,5794.4764468976,6069811,69.0837249631346,0.986605391734507,1.68579710915118,43.0073750122614,73.415,0.16088427337425,397300.0
PRY,Paraguay,Latin America & Caribbean ,2015,5879.33792308671,6159103,66.9150655259573,1.06744934908852,1.69931574477657,49.716304663966,73.454,0.173124913609251,397300.0
PRY,Paraguay,Latin America & Caribbean ,2016,6041.95879367268,6249126,67.7593152322047,0.950953301628568,1.89364402448299,53.4041274791009,73.487,0.254682582493909,397300.0
PRY,Paraguay,Latin America & Caribbean ,2017,6243.13363139058,6338660,71.0801344038377,0.892663231219253,1.68483913659766,61.0757562215797,73.45,0.379243564664829,397300.0
PRY,Paraguay,Latin America & Caribbean ,2018,6354.2392005297,6427382,72.069223625915,0.961156152749535,1.51126155574886,64.9935430235756,73.627,0.423905411775497,397300.0
PRY,Paraguay,Latin America & Caribbean ,2019,6243.53620897773,6515058,71.2221617342433,0.973840384070445,1.37779411178328,68.5176284222264,73.668,0.348713167085652,397300.0
PRY,Paraguay,Latin America & Caribbean ,2020,6109.19608100615,6603739,62.7602174748561,1.02757342677333,1.68263325547904,73.95751114,72.72,0.893570993908833,397300.0
PRY,Paraguay,Latin America & Caribbean ,2021,6276.7748423663,6684182,69.7320126827159,0.91821461942659,1.34701587848651,77.01838621,68.108,0.459378629019648,397300.0
PSE,West Bank and Gaza,"Middle East, North Africa, Afghanistan & Pakistan",1995,2189.26513719427,2474666,91.4859266479834,,0.0,,69.583,13.8105083906829,6020.0
PSE,West Bank and Gaza,"Middle East, North Africa, Afghanistan & Pakistan",1996,2118.82007591199,2587997,89.2685358986391,,0.0,,69.982,14.4081891795652,6020.0
PSE,West Bank and Gaza,"Middle East, North Africa, Afghanistan & Pakistan",1997,2323.20642242172,2706518,90.3372519814884,,0.0,,70.328,14.322796880841,6020.0
PSE,West Bank and Gaza,"Middle East, North Africa, Afghanistan & Pakistan",1998,2589.20364997364,2776568,88.9915925070062,,0.0,,70.564,12.7978691595993,6020.0
PSE,West Bank and Gaza,"Middle East, North Africa, Afghanistan & Pakistan",1999,2732.87293952355,2848431,96.3452893800337,,0.0,,70.789,11.5532335879198,6020.0
PSE,West Bank and Gaza,"Middle East, North Africa, Afghanistan & Pakistan",2000,2436.01207739636,2922153,87.6390949554896,,0.0,1.11130620708969,70.298,14.2038969932145,6020.0
PSE,West Bank and Gaza,"Middle East, North Africa, Afghanistan & Pakistan",2001,2153.45735383203,2997784,82.7259784699153,,0.0,1.83685483917877,69.75,23.077938021502,6020.0
PSE,West Bank and Gaza,"Middle East, North Africa, Afghanistan & Pakistan",2002,1836.98042481351,3075373,76.2528826143203,,0.0,3.10009223512517,70.88,25.740058424552,6020.0
PSE,West Bank and Gaza,"Middle East, North Africa, Afghanistan & Pakistan",2003,2041.60484619659,3154969,76.398689516129,,0.0,4.13061635632919,70.967,24.7315189151666,6020.0
PSE,West Bank and Gaza,"Middle East, North Africa, Afghanistan & Pakistan",2004,2426.41565630382,3236626,81.1235906237101,,0.0,4.40090482603223,71.094,24.027486718281,6020.0
PSE,West Bank and Gaza,"Middle East, North Africa, Afghanistan & Pakistan",2005,2632.24627423958,3320396,83.8363540589578,,0.0,16.00499916,72.004,18.552797814906,6020.0
PSE,West Bank and Gaza,"Middle East, North Africa, Afghanistan & Pakistan",2006,2540.26763083127,3406334,82.6374735897388,,0.0,18.41,71.831,23.5708468349824,6020.0
PSE,West Bank and Gaza,"Middle East, North Africa, Afghanistan & Pakistan",2007,2569.98434108953,3494496,91.9992434272745,,0.0,21.1760006,72.064,26.9633965948771,6020.0
PSE,West Bank and Gaza,"Middle East, North Africa, Afghanistan & Pakistan",2008,2685.98601828464,3591977,79.4799190194791,,0.0,24.3579998,72.204,30.9467917627197,6020.0
PSE,West Bank and Gaza,"Middle East, North Africa, Afghanistan & Pakistan",2009,2840.01594969395,3689099,75.1511928466305,,0.0,32.23,72.306,32.8119866638672,6020.0
PSE,West Bank and Gaza,"Middle East, North Africa, Afghanistan & Pakistan",2010,2927.08101953403,3786161,68.4976501575169,,0.0,37.40000153,73.302,23.5270312112438,6020.0
PSE,West Bank and Gaza,"Middle East, North Africa, Afghanistan & Pakistan",2011,3128.10811061384,3882986,67.2495329024414,,0.0,41.08000183,73.557,20.3989989604367,6020.0
PSE,West Bank and Gaza,"Middle East, North Africa, Afghanistan & Pakistan",2012,3237.91619995789,3979998,66.9293273483831,,0.0,43.4,73.722,15.3537338845774,6020.0
PSE,West Bank and Gaza,"Middle East, North Africa, Afghanistan & Pakistan",2013,3309.63120243098,4076708,66.2713181162369,,0.0,46.59999847,74.14,17.7321057055876,6020.0
PSE,West Bank and Gaza,"Middle East, North Africa, Afghanistan & Pakistan",2014,3227.84934482645,4173398,67.7398371659149,,0.0,53.6651997924171,72.781,16.0793165068583,6020.0
PSE,West Bank and Gaza,"Middle East, North Africa, Afghanistan & Pakistan",2015,3272.15432360708,4270092,70.7809681944405,,0.0,56.70000076,74.577,11.9364574151806,6020.0
PSE,West Bank and Gaza,"Middle East, North Africa, Afghanistan & Pakistan",2016,3483.09903532972,4367088,65.4225141833383,,0.0,59.90000153,74.917,13.8816290649746,6020.0
PSE,West Bank and Gaza,"Middle East, North Africa, Afghanistan & Pakistan",2017,3462.97986107136,4454805,68.4486607142857,,0.0,63.29999924,75.216,11.7608731839158,6020.0
PSE,West Bank and Gaza,"Middle East, North Africa, Afghanistan & Pakistan",2018,3417.79440837962,4569087,71.4012754506469,,0.0,64.3999937114499,75.38,12.0505570219715,6020.0
PSE,West Bank and Gaza,"Middle East, North Africa, Afghanistan & Pakistan",2019,3378.4346209191,4685306,68.9934922812035,,0.0,70.6225837001758,75.811,11.6079686394728,6020.0
PSE,West Bank and Gaza,"Middle East, North Africa, Afghanistan & Pakistan",2020,2922.46801084844,4803269,67.2881912475775,,0.0,76.18160248,74.998,11.293624377103,6020.0
PSE,West Bank and Gaza,"Middle East, North Africa, Afghanistan & Pakistan",2021,3051.48607007995,4922749,73.0835496162129,,0.0,,73.89,9.94848196227339,6025.0
PYF,French Polynesia,East Asia & Pacific,1995,22928.4986555237,222118,26.7832819250945,,0.0018480469928257,,76.243,8.56168845850103,3660.0
PYF,French Polynesia,East Asia & Pacific,1996,22434.729936296,225489,28.3722706445301,,0.0019994719423897,0.091,76.813,7.69366331479028,3660.0
PYF,French Polynesia,East Asia & Pacific,1997,22051.9807859615,229121,28.994505833521,,0.001972191527007,0.214,77.38,7.8712678682971,3660.0
PYF,French Polynesia,East Asia & Pacific,1998,22071.0627604129,232891,31.7457142873678,,0.0015684790028784,1.32,77.842,7.74908728024178,3660.0
PYF,French Polynesia,East Asia & Pacific,1999,22136.2587286349,236595,28.3786554614037,,0.0008520161945348,3.45,78.574,7.40519126558856,3660.0
PYF,French Polynesia,East Asia & Pacific,2000,22498.8285530328,240337,27.9447311178519,,0.0009234055684111,6.3570635452072,79.0,,3471.0
PYF,French Polynesia,East Asia & Pacific,2001,22076.5919162624,244097,,,0.00109973288513,6.25158894552365,79.316,,3471.0
PYF,French Polynesia,East Asia & Pacific,2002,21932.9195333418,247775,,,0.0011283230029127,8.20021648571522,79.544,,3471.0
PYF,French Polynesia,East Asia & Pacific,2003,22055.6419702196,251637,,,0.0013421290166479,14.1242937853107,79.71,,3471.0
PYF,French Polynesia,East Asia & Pacific,2004,21919.9410589378,255654,,,0.0013416792766569,17.8845374263753,79.829,,3471.0
PYF,French Polynesia,East Asia & Pacific,2005,21661.4244664054,259507,58.8757396449704,,0.0016104959279558,21.5421854743002,79.951,,3471.0
PYF,French Polynesia,East Asia & Pacific,2006,21545.5997136473,263223,56.6132574828647,,0.0019894188082456,25.1079642462589,80.1,,3471.0
PYF,French Polynesia,East Asia & Pacific,2007,21648.532237682,266438,57.455468093766,,0.0025114900815298,28.59,80.328,,3471.0
PYF,French Polynesia,East Asia & Pacific,2008,21493.4178311249,268379,58.0396477672874,,0.0034282690842978,33.87,80.587,,3471.0
PYF,French Polynesia,East Asia & Pacific,2009,20499.7723032831,269481,51.6750777052154,,0.0033802474904642,44.6,80.867,,3471.0
PYF,French Polynesia,East Asia & Pacific,2010,19913.0252687915,270580,54.0438821122259,,0.0037694684280729,49.0,81.141,,3471.0
PYF,French Polynesia,East Asia & Pacific,2011,19241.6437951625,271727,56.2319854247632,,0.0044597922810861,49.0,81.434,,3471.0
PYF,French Polynesia,East Asia & Pacific,2012,18968.4422157904,273084,57.8806819793666,,0.0044059155469697,52.8766305867993,81.695,,3471.0
PYF,French Polynesia,East Asia & Pacific,2013,18930.1268887012,274728,56.0619675585513,,0.0039373890297394,56.8,81.935,,3471.0
PYF,French Polynesia,East Asia & Pacific,2014,18928.1858620128,276387,56.2324578944225,,0.0053573127180095,60.68,82.151,,3471.0
PYF,French Polynesia,East Asia & Pacific,2015,19166.9594761931,277866,55.6304686354336,,0.0048040718774737,64.560209747212,82.339,,3471.0
PYF,French Polynesia,East Asia & Pacific,2016,19516.0718353276,279178,53.6164949427793,,0.0050998894795793,68.440419493378,82.555,,3471.0
PYF,French Polynesia,East Asia & Pacific,2017,20287.7685831663,280087,54.5776905038178,,0.0058510925195806,72.7038953132942,82.774,,3471.0
PYF,French Polynesia,East Asia & Pacific,2018,20674.4206829029,279815,65.0146628512067,,0.0035652214644451,,82.985,,3471.0
PYF,French Polynesia,East Asia & Pacific,2019,21289.8751241139,279034,63.3061124024003,,0.0033458094981088,,83.195,,3471.0
PYF,French Polynesia,East Asia & Pacific,2020,19026.790444196,279209,45.8331834386023,,0.0040573140478639,,82.459,,3471.0
PYF,French Polynesia,East Asia & Pacific,2021,19626.2332540206,279792,52.9788183937695,,0.0035701262568816,,79.571,,3471.0
QAT,Qatar,"Middle East, North Africa, Afghanistan & Pakistan",1995,40528.4858249639,514325,87.6679508473432,,30.3700282846225,0.19,74.404,0.0446566069593955,11610.0
QAT,Qatar,"Middle East, North Africa, Afghanistan & Pakistan",1996,41126.2109141166,529019,83.5092188258127,,40.4522254159196,0.93,74.558,,11610.0
QAT,Qatar,"Middle East, North Africa, Afghanistan & Pakistan",1997,51382.616690416,550500,84.4470382258535,,38.1292391146277,3.08,74.713,,11610.0
QAT,Qatar,"Middle East, North Africa, Afghanistan & Pakistan",1998,54189.9837433703,580540,91.0581301901956,,31.7112212236269,3.52,74.872,,11610.0
QAT,Qatar,"Middle East, North Africa, Afghanistan & Pakistan",1999,53562.7696068249,612500,85.7329697856399,,38.3017177527763,4.07,75.048,,11610.0
QAT,Qatar,"Middle East, North Africa, Afghanistan & Pakistan",2000,54948.2228055384,644989,89.6126597159917,,46.571294588063,4.86367917875156,75.25,,11610.0
QAT,Qatar,"Middle East, North Africa, Afghanistan & Pakistan",2001,54316.5419511925,677925,94.968671679198,,42.0793085562037,6.17026856093911,75.486,,11610.0
QAT,Qatar,"Middle East, North Africa, Afghanistan & Pakistan",2002,55493.6049997751,711205,88.4697236252199,3.92996992225186,37.9053779549672,10.2261289281118,75.766,,11610.0
QAT,Qatar,"Middle East, North Africa, Afghanistan & Pakistan",2003,54970.419888684,744682,90.1649486943021,3.33399484024608,39.0219328822431,19.242336421002,76.097,,11610.0
QAT,Qatar,"Middle East, North Africa, Afghanistan & Pakistan",2004,63107.0086346445,773332,90.3724288385622,2.43385968557379,39.9025622867651,20.701647851169,76.484,,11610.0
QAT,Qatar,"Middle East, North Africa, Afghanistan & Pakistan",2005,63555.6239820478,825408,94.7455441696331,1.99301626863922,43.620803037963,24.73349953,76.909,,11610.0
QAT,Qatar,"Middle East, North Africa, Afghanistan & Pakistan",2006,68036.6212164734,972831,98.570919313572,1.75050764857182,39.1119310588412,28.97410011,77.323,,11610.0
QAT,Qatar,"Middle East, North Africa, Afghanistan & Pakistan",2007,64614.0465071968,1208595,96.11443696558,1.95984159971877,35.6959140693704,37.0,77.741,,11610.0
QAT,Qatar,"Middle East, North Africa, Afghanistan & Pakistan",2008,64393.5954479866,1426938,89.4332931345959,2.01050092711317,36.928035954367,44.29999924,78.262,,11610.0
QAT,Qatar,"Middle East, North Africa, Afghanistan & Pakistan",2009,63939.8050831437,1608903,80.1441629727012,1.99221317692269,29.0898330327173,53.09999847,78.837,,11610.0
QAT,Qatar,"Middle East, North Africa, Afghanistan & Pakistan",2010,74271.9022959058,1616832,86.0703268232169,1.47390908321736,32.4299374160987,69.0,79.444,,11610.0
QAT,Qatar,"Middle East, North Africa, Afghanistan & Pakistan",2011,83533.4963791019,1624761,98.7216351018991,,36.7182426077088,69.0,79.994,,11610.0
QAT,Qatar,"Middle East, North Africa, Afghanistan & Pakistan",2012,82441.7405083009,1722438,105.746343435217,,35.1062400831471,69.3,80.499,,11610.0
QAT,Qatar,"Middle East, North Africa, Afghanistan & Pakistan",2013,77379.6735599552,1916426,102.383208106327,,32.063390113225,85.3,80.974,,11610.0
QAT,Qatar,"Middle East, North Africa, Afghanistan & Pakistan",2014,71756.0649338302,2151745,99.0343747414317,,27.6978144663127,91.48999786,81.395,,11490.0
QAT,Qatar,"Middle East, North Africa, Afghanistan & Pakistan",2015,68985.2946961507,2344557,93.7076041736357,,19.0641343344092,92.8848264535481,81.785,,11490.0
QAT,Qatar,"Middle East, North Africa, Afghanistan & Pakistan",2016,67294.4585771356,2477113,89.5476001199351,,15.9817678598717,95.1246621661148,82.147,,11490.0
QAT,Qatar,"Middle East, North Africa, Afghanistan & Pakistan",2017,64497.6987225375,2545820,91.4945879195194,,18.8986723864413,97.3888491654164,82.458,,11490.0
QAT,Qatar,"Middle East, North Africa, Afghanistan & Pakistan",2018,64410.8171280981,2580734,91.838448978201,,23.9995278669173,99.6528491261175,82.714,,11490.0
QAT,Qatar,"Middle East, North Africa, Afghanistan & Pakistan",2019,63430.4607609581,2638657,90.0463755485388,,22.3739866660968,99.6528042086389,82.945,,11490.0
QAT,Qatar,"Middle East, North Africa, Afghanistan & Pakistan",2020,57769.604104354,2794148,90.0190948833102,,20.2259593186526,99.65284913,80.409,,11490.0
QAT,Qatar,"Middle East, North Africa, Afghanistan & Pakistan",2021,65488.5117911123,2504910,92.7791585715125,6.4523551123317,27.2897873992471,99.65280151,81.083,,11490.0
ROU,Romania,Europe & Central Asia,1995,4572.25803354276,22684270,56.291225396158,2.61344768528808,3.07045552464862,0.075,69.4560975609756,,229490.0
ROU,Romania,Europe & Central Asia,1996,4764.63682106299,22619004,60.7813693722174,2.36907292563377,3.34668155928831,0.222,69.1048780487805,,229520.0
ROU,Romania,Europe & Central Asia,1997,4546.66753054721,22553978,63.205242332383,3.01764996200519,2.97859588012488,0.445,69.0048780487805,,229530.0
ROU,Romania,Europe & Central Asia,1998,4463.60791806212,22507344,53.838795710082,3.00417486391887,0.882017283353692,2.24,69.8073170731708,,229590.0
ROU,Romania,Europe & Central Asia,1999,4453.78126046181,22472040,57.9736750449875,2.64025926740376,1.69587051167238,2.7,70.5121951219512,,229600.0
ROU,Romania,Europe & Central Asia,2000,4569.31124324524,22442971,48.5213253850786,2.49891418426016,3.46123165499051,3.61371729139783,71.1634146341463,,229710.0
ROU,Romania,Europe & Central Asia,2001,4875.30310600635,22131970,51.9285910211481,2.4207451879196,3.50818907610252,4.53866902895312,71.1609756097561,,229710.0
ROU,Romania,Europe & Central Asia,2002,5248.54994632668,21730496,53.7102478139376,2.28729607547664,2.7112003162552,6.58,71.009756097561,,229870.0
ROU,Romania,Europe & Central Asia,2003,5410.30835796252,21574326,56.1795270470243,2.08848713354877,2.46447091859139,8.9,71.309756097561,,229950.0
ROU,Romania,Europe & Central Asia,2004,6008.64048461485,21451748,60.6264786669408,2.00765756131918,2.42710528670431,15.0,71.5609756097561,,230000.0
ROU,Romania,Europe & Central Asia,2005,6328.09022324183,21319685,59.3605494490555,2.00699360911993,1.9812708693419,21.5,71.9121951219512,,229980.0
ROU,Romania,Europe & Central Asia,2006,6876.77841417966,21193760,61.6836259265159,1.84512546001227,2.07748693260267,24.66,72.1634146341463,,229980.0
ROU,Romania,Europe & Central Asia,2007,7483.97375820611,20882982,63.5051566734658,1.49361825981328,1.63281122949123,28.3,72.5658536585366,,229890.0
ROU,Romania,Europe & Central Asia,2008,8318.00342795388,20537875,65.1752009979412,1.39998436558161,2.1230453115181,32.42,72.5658536585366,,229900.0
ROU,Romania,Europe & Central Asia,2009,7924.87058070212,20367487,58.4700583666529,1.27806961233722,1.43548196399429,36.6,73.309756097561,,230060.0
ROU,Romania,Europe & Central Asia,2010,7660.70667630517,20246871,69.9549354932718,1.22697660697606,1.71353438994212,39.93,73.4585365853659,,230050.0
ROU,Romania,Europe & Central Asia,2011,8044.57194920892,20147528,76.271356441629,1.23556866931776,2.28817644873145,40.0099967810008,74.409756097561,,230170.0
ROU,Romania,Europe & Central Asia,2012,8234.28553425194,20058035,76.5943239913672,1.17392522752233,2.18833144039798,45.8799942529424,74.4121951219512,,230020.0
ROU,Romania,Europe & Central Asia,2013,8287.95844089676,19983693,81.3976131747183,1.29223076714816,1.87595138869643,49.7645,75.0634146341463,,230030.0
ROU,Romania,Europe & Central Asia,2014,8661.47397274241,19908979,83.3751429575201,1.3476637836228,1.51017281377838,54.0783206550943,74.909756097561,,230080.0
ROU,Romania,Europe & Central Asia,2015,8977.01748158196,19815616,83.5205767017155,1.45071824376782,0.975979399576012,55.7631556336233,74.9121951219512,,230080.0
ROU,Romania,Europe & Central Asia,2016,9286.87678236598,19702267,85.8925282906884,1.42770454147789,0.688993508362941,59.5039512852713,75.209756097561,,230080.0
ROU,Romania,Europe & Central Asia,2017,10106.2269557253,19588715,87.1560645667801,1.73375510218939,0.884924035595192,63.7472821822484,75.209756097561,,230080.0
ROU,Romania,Europe & Central Asia,2018,10714.1701157127,19473970,87.0911701095809,1.79144423500295,1.07026334712177,70.6812779273268,75.3585365853659,,230080.0
ROU,Romania,Europe & Central Asia,2019,11197.3162915853,19371648,84.9063630584793,1.83079024096076,0.798252105262357,73.6574757545465,75.6073170731707,,230080.0
ROU,Romania,Europe & Central Asia,2020,10854.049431887,19265250,78.3616463562709,2.00415209230412,0.508984051380759,78.45526895,74.2536585365854,,230080.0
ROU,Romania,Europe & Central Asia,2021,11546.3224998072,19122059,87.0711965460145,1.84762902286434,1.144376067244,83.5904265,72.809756097561,,230080.0
RUS,Russian Federation,Europe & Central Asia,1995,4862.646484375,148375787,55.1829054657257,3.78442996742671,9.15926099813667,0.148,64.6907317073171,,16378380.0
RUS,Russian Federation,Europe & Central Asia,1996,4686.86279296875,148160129,47.922500819419,3.75655882080282,10.4926691422543,0.27,65.8541463414634,,16377960.0
RUS,Russian Federation,Europe & Central Asia,1997,4760.33935546875,147915361,47.2569214100748,4.03980929678188,8.83139882948576,0.473,66.6987804878049,,16378650.0
RUS,Russian Federation,Europe & Central Asia,1998,4515.50927734375,147670784,55.7722532849766,2.73264908865687,4.27229659862483,0.813,67.029756097561,,16381300.0
RUS,Russian Federation,Europe & Central Asia,1999,4819.38037109375,147214776,69.393281498812,3.07328792235108,11.829566491586,1.02,65.9821951219512,,16388510.0
RUS,Russian Federation,Europe & Central Asia,2000,5323.66650390625,146596869,68.0939070373555,3.30702983667541,21.5026961545567,1.97723010897647,65.4836585365854,,16381340.0
RUS,Russian Federation,Europe & Central Asia,2001,5618.95556640625,145976482,61.1108586644206,3.54631922908818,19.5086027305984,2.94436778664985,65.3834146341463,,16380440.0
RUS,Russian Federation,Europe & Central Asia,2002,5910.171875,145306497,59.6454457319607,3.75627739108018,16.9811963787946,4.12827181796644,65.1287804878049,,16380940.0
RUS,Russian Federation,Europe & Central Asia,2003,6370.45361328125,144648618,59.1282690076014,3.67083808960104,16.8227791604724,8.29886061553908,65.0275609756098,,16380980.0
RUS,Russian Federation,Europe & Central Asia,2004,6856.67822265625,144067316,56.5818523984055,3.30035364660483,16.4102250034065,12.8593889008473,65.4709756097561,,16381230.0
RUS,Russian Federation,Europe & Central Asia,2005,7323.38525390625,143518814,56.7132484905422,3.33123723441659,17.4165849709082,15.22669983,65.529756097561,,16381390.0
RUS,Russian Federation,Europe & Central Asia,2006,7949.89697265625,143049637,54.733401867266,3.24635723405838,18.0379914298715,18.02330017,66.7275609756098,,16377740.0
RUS,Russian Federation,Europe & Central Asia,2007,8640.40625,142805114,51.7061227454606,3.1185420747754,15.7870611841198,24.66,67.5868292682927,,16377740.0
RUS,Russian Federation,Europe & Central Asia,2008,9093.7001953125,142742366,53.3824660408908,3.14948602002222,19.1049787037836,32.0,67.9492682926829,,16376870.0
RUS,Russian Federation,Europe & Central Asia,2009,8381.8681640625,142785348,48.4350610278181,3.92406340302834,14.4591281726985,42.55,68.6846341463415,,16376870.0
RUS,Russian Federation,Europe & Central Asia,2010,8755.1201171875,142849468,50.3555054872589,3.58508572012112,13.6767287816453,49.0,68.8412195121951,,16376870.0
RUS,Russian Federation,Europe & Central Asia,2011,9120.8203125,143018195,48.0353994077919,3.43304383760131,16.2675600700583,58.0,69.6839024390244,,16376870.0
RUS,Russian Federation,Europe & Central Asia,2012,9464.0107421875,143378447,47.1513903857957,3.68924043459907,14.293372457197,66.0,70.0721951219512,,16376870.0
RUS,Russian Federation,Europe & Central Asia,2013,9601.537109375,143805638,46.287149400499,3.85404258314373,12.799885012616,67.97,70.5787804878049,,16376870.0
RUS,Russian Federation,Europe & Central Asia,2014,9493.8125,144237223,47.8013412628116,4.11299297822323,12.4271978897589,70.5175682574413,70.7436585365854,,16376870.0
RUS,Russian Federation,Europe & Central Asia,2015,9277.7138671875,144640716,49.3593493116887,4.87151474680202,9.761666714108,70.0992412263947,71.1834146341463,,16376870.0
RUS,Russian Federation,Europe & Central Asia,2016,9269.3173828125,145015460,46.5181198396096,5.42514770504505,8.19418914130003,73.091434617897,71.6512195121951,,16376870.0
RUS,Russian Federation,Europe & Central Asia,2017,9418.99609375,145293260,46.8765243371311,4.24899605173948,9.71546623895349,76.0081385339105,72.4514634146342,,16376870.0
RUS,Russian Federation,Europe & Central Asia,2018,9674.787109375,145398106,51.5809003703964,3.71982243956434,14.4734868157828,80.8647218726954,72.6621951219512,,16376870.0
RUS,Russian Federation,Europe & Central Asia,2019,9882.0244140625,145453291,49.2287536619033,3.86033750437073,12.2071140110196,82.6421618670668,73.0839024390244,,16376870.0
RUS,Russian Federation,Europe & Central Asia,2020,9632.3251953125,145245148,45.9669082029127,4.14471713241985,7.58812544004463,84.99466978,71.3387804878049,,16376870.0
RUS,Russian Federation,Europe & Central Asia,2021,10231.318359375,144746762,50.5861954621752,3.57591678846302,18.5109394363314,88.21384578,69.900243902439,,16376870.0
RWA,Rwanda,Sub-Saharan Africa ,1995,303.318867879127,5674118,35.5084537965888,0.607802874743326,12.5820173506779,,41.518,53.4806219325175,24670.0
RWA,Rwanda,Sub-Saharan Africa ,1996,289.237930832775,6708764,36.809895604067,5.32855611635214,12.5562103954282,0.000883,42.486,34.004275839624,24670.0
RWA,Rwanda,Sub-Saharan Africa ,1997,284.862132396583,7755238,37.9015933606179,4.17352561260538,11.1289184176388,0.00163,41.978,12.5187791471306,24670.0
RWA,Rwanda,Sub-Saharan Africa ,1998,297.571387031591,8081681,32.8449012952097,4.37764728159408,10.8743027819111,0.0118,43.099,17.7724204353954,24670.0
RWA,Rwanda,Sub-Saharan Africa ,1999,307.99726200079,8147912,31.155176977133,4.44810543657331,6.48164523292645,0.0672,45.749,17.3899066292617,24670.0
RWA,Rwanda,Sub-Saharan Africa ,2000,331.096659537835,8213931,31.3192321274779,3.53550295857988,5.03496552984893,0.0628314595107164,47.798,15.6546084157651,24670.0
RWA,Rwanda,Sub-Saharan Africa ,2001,356.017640545099,8287094,33.1583013228126,3.39622641509434,5.37510520142139,0.240672409832383,49.49,15.6709238695669,24670.0
RWA,Rwanda,Sub-Saharan Africa ,2002,397.558649363458,8400180,31.3172752974708,3.04893350062735,6.4377693588679,0.292784718792575,51.262,18.4693695912392,24670.0
RWA,Rwanda,Sub-Saharan Africa ,2003,397.480382602602,8586875,32.8189983492155,2.44712990936556,9.07682974388652,0.356918467272361,53.529,15.939892976535,24670.0
RWA,Rwanda,Sub-Saharan Africa ,2004,415.943819000396,8816844,37.0316755294291,1.97346600331675,7.02043949824649,0.43085424337006,55.52,20.9618348860986,24670.0
RWA,Rwanda,Sub-Saharan Africa ,2005,443.00802474736,9054528,38.0262688816851,1.74305555555556,5.9570253928291,0.555999994,56.968,19.703413460261,24670.0
RWA,Rwanda,Sub-Saharan Africa ,2006,471.150850642442,9299246,33.6578390444203,1.64391043145822,5.2964919730077,,58.342,18.6574616899254,24670.0
RWA,Rwanda,Sub-Saharan Africa ,2007,493.803359157317,9549933,36.4479761431748,1.36567834681042,6.22572427896954,2.115400076,59.504,19.4972390616,24670.0
RWA,Rwanda,Sub-Saharan Africa ,2008,534.678298622161,9804269,37.9969638376772,1.30649717514124,8.30580145177946,4.5,60.641,18.4020668598553,24670.0
RWA,Rwanda,Sub-Saharan Africa ,2009,553.621518556047,10060432,37.2137499920385,1.32690239867659,6.935422955435,7.7,61.813,16.7830970915269,24670.0
RWA,Rwanda,Sub-Saharan Africa ,2010,579.419162804581,10317553,37.7415245466166,1.21679268178848,6.48655252910732,8.0,62.804,14.7063585026603,24670.0
RWA,Rwanda,Sub-Saharan Africa ,2011,610.376236415572,10573733,40.1597511764349,1.09493104282603,6.99565680326328,7.0,63.476,18.7268362354833,24670.0
RWA,Rwanda,Sub-Saharan Africa ,2012,647.436613845487,10829901,41.081185425557,1.04224962789709,6.39423290634701,8.023900032,64.189,11.7874869483036,24670.0
RWA,Rwanda,Sub-Saharan Africa ,2013,661.893969452494,11093340,43.260980041775,1.05488528481013,6.50475580749802,9.0,64.651,14.3262827609262,24670.0
RWA,Rwanda,Sub-Saharan Africa ,2014,682.709499066795,11364757,44.4828257252622,1.10273875155611,6.4521550362679,10.60000038,65.088,13.0337587727144,24670.0
RWA,Rwanda,Sub-Saharan Africa ,2015,725.691418696952,11640022,45.7348675761767,1.21369473342003,5.77813915585401,12.45600033,65.419,13.1461500203805,24670.0
RWA,Rwanda,Sub-Saharan Africa ,2016,748.798132068173,11919183,50.08973657056,1.24050679129546,5.99862102587479,14.63710022,65.733,13.7641929151076,24670.0
RWA,Rwanda,Sub-Saharan Africa ,2017,765.845359390541,12202060,54.2079656602139,1.24889524304653,6.01492971463291,17.2,66.14,13.8773674717453,24670.0
RWA,Rwanda,Sub-Saharan Africa ,2018,808.704812752127,12487996,47.9830578657248,1.23514702337913,4.71387568610559,19.16659927,66.354,12.0319276358316,24670.0
RWA,Rwanda,Sub-Saharan Africa ,2019,863.872077583172,12776103,48.892715033759,1.19793121977431,3.81709032313618,21.3579998,66.691,11.4730960539501,24670.0
RWA,Rwanda,Sub-Saharan Africa ,2020,821.257133282758,13065837,44.3511840604967,1.47371574450349,4.10481845130795,23.8,66.953,15.8086363411585,24670.0
RWA,Rwanda,Sub-Saharan Africa ,2021,871.041835304187,13355260,59.8007993935018,1.5121767339852,4.01723634071877,24.4416008,66.85,12.0208015196493,24670.0
SAU,Saudi Arabia,"Middle East, North Africa, Afghanistan & Pakistan",1995,23876.246129794,13289245,65.0417272083752,9.27846839011516,29.0242473614603,0.011,70.944,0.0116253134173741,2149690.0
SAU,Saudi Arabia,"Middle East, North Africa, Afghanistan & Pakistan",1996,23699.1352161738,13831009,66.653820067958,8.46807775904447,34.3754116977828,0.0267,71.288,0.0087394422682413,2149690.0
SAU,Saudi Arabia,"Middle East, North Africa, Afghanistan & Pakistan",1997,23406.0346643453,14374943,65.1880669440449,11.0009354234167,30.2153995363377,0.0521,71.624,0.0008177865096544,2149690.0
SAU,Saudi Arabia,"Middle East, North Africa, Afghanistan & Pakistan",1998,23179.8581162861,14922185,56.0883926105725,14.3110374500593,22.2730147519679,0.101,71.957,0.0110940019851428,2149690.0
SAU,Saudi Arabia,"Middle East, North Africa, Afghanistan & Pakistan",1999,22214.4256445476,15472075,57.8460488194196,11.3819360225849,27.9778749101784,0.494,72.29,0.0134537894325799,2149690.0
SAU,Saudi Arabia,"Middle East, North Africa, Afghanistan & Pakistan",2000,22247.8566987439,16177722,68.1664488005167,10.5344033130193,42.6687976015313,2.21069180908888,72.607,0.0115582349187517,2149690.0
SAU,Saudi Arabia,"Middle East, North Africa, Afghanistan & Pakistan",2001,21193.0922894351,17041397,63.5605836794513,11.4190048869926,34.5968576950563,4.6810531658103,72.951,0.0071398214100669,2149690.0
SAU,Saudi Arabia,"Middle East, North Africa, Afghanistan & Pakistan",2002,20025.4319998275,17910910,64.5927974099254,9.75806380053797,32.4379936618598,6.38470501955932,73.296,0.0088597739071567,2149690.0
SAU,Saudi Arabia,"Middle East, North Africa, Afghanistan & Pakistan",2003,20765.9387688082,18786767,69.831170708742,8.68711846455737,38.0176108810544,8.00158289090878,73.657,0.0064286886229707,2149690.0
SAU,Saudi Arabia,"Middle East, North Africa, Afghanistan & Pakistan",2004,21545.894988606,19669480,75.0828366569341,8.08155565898243,43.622529277929,10.2345329969583,74.027,0.0078080418245319,2149690.0
SAU,Saudi Arabia,"Middle East, North Africa, Afghanistan & Pakistan",2005,21838.1915349374,20559890,81.9540759410158,7.73059887481948,49.9329268031463,12.7050359882849,74.4,0.0076347381990285,2149690.0
SAU,Saudi Arabia,"Middle East, North Africa, Afghanistan & Pakistan",2006,21616.3355772516,21459144,89.9446046768984,7.84836521143522,50.7560683000309,19.4595543513634,74.762,0.0063823907448785,2149690.0
SAU,Saudi Arabia,"Middle East, North Africa, Afghanistan & Pakistan",2007,21196.7926036633,22368313,94.8633170967657,8.52704997826892,48.4725676503893,30.0,75.066,-0.0310326909499246,2149690.0
SAU,Saudi Arabia,"Middle East, North Africa, Afghanistan & Pakistan",2008,21629.8405734551,23287877,96.1026308742185,7.35343646797829,55.0244289481432,36.0,75.301,,2149690.0
SAU,Saudi Arabia,"Middle East, North Africa, Afghanistan & Pakistan",2009,20577.5453445336,24217654,84.8583415624843,9.61719999229391,35.7727355951894,38.0,75.447,,2149690.0
SAU,Saudi Arabia,"Middle East, North Africa, Afghanistan & Pakistan",2010,21830.1424272816,23978487,82.5496850227537,8.56567729417753,38.8834681571132,41.0,75.616,,2149690.0
SAU,Saudi Arabia,"Middle East, North Africa, Afghanistan & Pakistan",2011,23314.5576023168,25091867,84.3594342438995,7.17239914861776,50.2036438017781,47.5,75.808,,2149690.0
SAU,Saudi Arabia,"Middle East, North Africa, Afghanistan & Pakistan",2012,23643.0358324647,26168861,81.74067854616,7.61580760228465,48.5007097596571,54.0,76.09,,2149690.0
SAU,Saudi Arabia,"Middle East, North Africa, Afghanistan & Pakistan",2013,23057.3494468535,27624004,80.2515014286783,8.89019141193183,45.530927478843,60.5,76.517,,2149690.0
SAU,Saudi Arabia,"Middle East, North Africa, Afghanistan & Pakistan",2014,23404.7306039825,28309273,78.000111117736,10.5350604637453,41.3384300115975,64.713657369019,77.116,,2149690.0
SAU,Saudi Arabia,"Middle East, North Africa, Afghanistan & Pakistan",2015,23256.1549553531,29816382,67.1052692300592,13.022838193007,24.8553045322483,69.6162358014004,77.776,,2149690.0
SAU,Saudi Arabia,"Middle East, North Africa, Afghanistan & Pakistan",2016,22783.0328538685,30954198,57.9216635110364,9.56048239449097,20.7349959872418,74.8792746891625,78.354,,2149690.0
SAU,Saudi Arabia,"Middle East, North Africa, Afghanistan & Pakistan",2017,23035.1199977707,30977355,59.5319791578229,9.84622692397792,24.4865557580774,94.1755996113911,78.721,,2149690.0
SAU,Saudi Arabia,"Middle East, North Africa, Afghanistan & Pakistan",2018,24393.5188306638,30196281,59.1029104697141,8.81333517624339,29.2707418122277,93.3100018480347,78.75,,2149690.0
SAU,Saudi Arabia,"Middle East, North Africa, Afghanistan & Pakistan",2019,24905.6697428558,30063799,56.7938204886513,7.79458844216861,25.453167735458,95.7247355953812,78.313,,2149690.0
SAU,Saudi Arabia,"Middle East, North Africa, Afghanistan & Pakistan",2020,22827.671935548,31552510,47.533159225048,8.7921741101353,17.3184270283149,97.8623325,77.596,,2149690.0
SAU,Saudi Arabia,"Middle East, North Africa, Afghanistan & Pakistan",2021,24922.6716948944,30784383,50.8839263398787,7.22921983667662,25.5652418188141,100.0,77.089,,2149690.0
SDN,Sudan,Sub-Saharan Africa ,1995,877.693298339844,24672143,14.7723984872323,2.07304526748971,0.0427456379560599,0.0,57.447,1.83771460749134,
SDN,Sudan,Sub-Saharan Africa ,1996,908.66015625,25231528,20.0298432137309,1.26932620729147,0.274840736390095,0.0,57.638,2.51816351921985,
SDN,Sudan,Sub-Saharan Africa ,1997,1050.31994628906,25799821,17.858606720307,0.954328561690525,0.255819521815062,0.00123,58.058,1.22560555638874,
SDN,Sudan,Sub-Saharan Africa ,1998,1069.27197265625,26458999,21.8751479870534,2.37964989059081,0.258068906339198,0.00481,58.308,1.94082729814888,
SDN,Sudan,Sub-Saharan Africa ,1999,1074.88098144531,27130613,24.7143682332999,4.00975645811006,2.11461180296093,0.00879,58.607,2.40933498259603,
SDN,Sudan,Sub-Saharan Africa ,2000,1111.11865234375,27816745,29.4042344599492,4.47129193686891,10.7834600175368,0.0257850324762484,58.946,1.93541900649616,
SDN,Sudan,Sub-Saharan Africa ,2001,1150.17626953125,28516770,20.2933456223411,2.46931798617772,6.91016926563004,0.140185224494161,59.264,1.27060641542063,
SDN,Sudan,Sub-Saharan Africa ,2002,1185.21533203125,29228727,25.6255617213052,2.67191557081833,7.22283531579549,0.439477639075583,59.308,1.75696490964984,
SDN,Sudan,Sub-Saharan Africa ,2003,1226.42077636719,29896035,26.4402280670553,1.86421215057236,7.00622430942374,0.538471703150458,58.319,3.02755363772427,
SDN,Sudan,Sub-Saharan Africa ,2004,1255.67114257813,30556637,30.4323376195052,4.65650965498174,10.1433483895059,0.791561615446385,56.773,3.89520661712666,
SDN,Sudan,Sub-Saharan Africa ,2005,1290.24438476563,31262444,35.8715914021946,3.31128145892401,12.4802287524508,,57.226,5.39679909255987,
SDN,Sudan,Sub-Saharan Africa ,2006,1336.1240234375,31992435,36.2025936172703,3.64051219402659,12.5389562552987,,60.4,4.73628616317176,
SDN,Sudan,Sub-Saharan Africa ,2007,1372.10961914063,32764135,34.4033361615632,4.0832306034626,13.677466454982,8.66,61.442,3.70816746119964,
SDN,Sudan,Sub-Saharan Africa ,2008,1381.62561035156,33623980,36.7410978273835,4.97892177814511,17.9797789026983,,61.261,4.15145547489334,
SDN,Sudan,Sub-Saharan Africa ,2009,1301.34729003906,34569113,32.7808783344833,5.45391875825013,9.8427070618575,,62.676,4.69668447140859,
SDN,Sudan,Sub-Saharan Africa ,2010,1311.22314453125,35414399,32.728309950035,,11.9428584964653,,62.979,3.66568582850374,
SDN,Sudan,Sub-Saharan Africa ,2011,1388.21813964844,36140806,27.512339023518,,16.7759073133375,,63.181,3.40063890335216,
SDN,Sudan,Sub-Saharan Africa ,2012,1288.25854492188,36923178,21.8561745247301,,6.64669345938477,,63.427,3.84494436100468,1868000.0
SDN,Sudan,Sub-Saharan Africa ,2013,1283.45922851563,37785849,26.8585245020134,,7.51778871746273,,63.443,3.74734779519329,1868000.0
SDN,Sudan,Sub-Saharan Africa ,2014,1307.3896484375,38823318,20.8451090041313,,5.17423775201674,,63.99,1.8009130245808,1868000.0
SDN,Sudan,Sub-Saharan Africa ,2015,1292.37963867188,40024431,18.3782728546541,2.71294023315842,2.97569090164715,12.0,64.375,1.91776873033635,1868000.0
SDN,Sudan,Sub-Saharan Africa ,2016,1297.15454101563,41259892,15.2816698903461,2.27850721551928,2.74050635867162,14.0999999446534,64.677,1.93728569441748,1868000.0
SDN,Sudan,Sub-Saharan Africa ,2017,1261.87353515625,42714306,17.8313898297102,3.28580390103889,2.48029512284545,18.60000038,65.146,2.17603929226557,1868000.0
SDN,Sudan,Sub-Saharan Africa ,2018,1185.94445800781,44230596,21.8679187274323,1.77892402693237,6.14770644131694,,65.501,3.17009319843308,1868000.0
SDN,Sudan,Sub-Saharan Africa ,2019,1126.55297851563,45548175,26.1196204552625,1.62906799271331,8.25976911220096,,65.803,5.00293087327998,1868000.0
SDN,Sudan,Sub-Saharan Africa ,2020,1056.86474609375,46789231,9.95514507626151,0.975842222955387,9.29265238055366,,65.124,9.19641021192227,1868000.0
SDN,Sudan,Sub-Saharan Africa ,2021,1009.54888916016,48066924,4.12754863828426,0.925377247984565,12.7502116848016,,64.46,11.6211882876443,1868000.0
SEN,Senegal,Sub-Saharan Africa ,1995,960.84709282163,8848101,52.7254034277702,1.31009911066192,3.18664555624364,0.000693,57.336,10.5702383464846,192530.0
SEN,Senegal,Sub-Saharan Africa ,1996,956.588791201654,9067014,46.272432717398,1.24391793737025,3.02761794615437,0.0112,57.129,8.84689341952766,192530.0
SEN,Senegal,Sub-Saharan Africa ,1997,962.736689457399,9283495,47.2413224036235,1.1969122297618,3.07704868778912,0.0273,57.107,7.11175709739381,192530.0
SEN,Senegal,Sub-Saharan Africa ,1998,995.979085689636,9502952,48.0986748167655,1.17914185452607,2.95479045072932,0.0799,57.076,7.78460636095612,192530.0
SEN,Senegal,Sub-Saharan Africa ,1999,1033.76396461633,9730887,49.4852621662422,1.20212680514523,2.11828025209017,0.311,57.315,8.24583913541378,192530.0
SEN,Senegal,Sub-Saharan Africa ,2000,1048.37474052363,9968260,48.680089723263,1.04836027705155,2.30805328155825,0.403967485868965,57.615,7.29684857386934,192530.0
SEN,Senegal,Sub-Saharan Africa ,2001,1067.36886550595,10212942,49.7205780648314,1.11566749250516,2.05976120051983,0.983794058848003,58.158,6.58767445130116,192530.0
SEN,Senegal,Sub-Saharan Africa ,2002,1042.25509944289,10466214,53.1442994641329,1.10124043617179,2.2894897302113,1.00645453672323,58.912,6.44943497498196,192530.0
SEN,Senegal,Sub-Saharan Africa ,2003,1074.38578467686,10721176,50.8212198933376,1.11544277826225,2.68475374294378,2.10143642986685,59.474,5.28309247802644,192530.0
SEN,Senegal,Sub-Saharan Africa ,2004,1098.20064546027,10975704,53.6592031275529,1.05782487014373,1.97163158742871,4.38602398008563,60.308,10.6778181799585,192530.0
SEN,Senegal,Sub-Saharan Africa ,2005,1119.0505307548,11235472,54.9032435689485,1.13046452910055,1.9916257642601,4.78668408310535,60.98,6.42298242353957,192530.0
SEN,Senegal,Sub-Saharan Africa ,2006,1118.7830430051,11500094,54.1362378092613,1.27105687032274,1.9932129479554,5.61173865217952,61.801,7.47232187462414,192530.0
SEN,Senegal,Sub-Saharan Africa ,2007,1123.99862153285,11770344,59.2713043549794,1.3795917338401,2.3034822903582,6.889999866,62.653,6.21631625153486,192530.0
SEN,Senegal,Sub-Saharan Africa ,2008,1138.66883930214,12048959,62.7617698176319,1.29196686871926,3.07242721618133,7.119999886,63.201,6.3419844122279,192530.0
SEN,Senegal,Sub-Saharan Africa ,2009,1142.65317233964,12337389,52.3072908773365,1.33587587609685,3.83444920218272,7.5,63.751,6.37222450102293,192530.0
SEN,Senegal,Sub-Saharan Africa ,2010,1153.53431121583,12635413,52.4578551962948,1.2153093310459,2.97597316384999,8.0,64.221,5.01027078480879,192530.0
SEN,Senegal,Sub-Saharan Africa ,2011,1139.74447892639,12958897,57.5768785989578,1.29386015954483,3.6495940769705,9.800000191,64.799,6.01514400431621,192530.0
SEN,Senegal,Sub-Saharan Africa ,2012,1154.05677992367,13310495,61.9753040040375,1.11347959476351,4.86398118749562,10.80000019,65.229,6.19698829885968,192530.0
SEN,Senegal,Sub-Saharan Africa ,2013,1147.3859217191,13710849,60.6267663596737,1.25170125603319,3.42436224964169,13.10000038,65.638,5.34756785797974,192530.0
SEN,Senegal,Sub-Saharan Africa ,2014,1180.7987108505,14152102,58.4425289760992,1.21336600293871,3.1569476524477,17.70000076,66.001,5.70909755676307,192530.0
SEN,Senegal,Sub-Saharan Africa ,2015,1218.00613555438,14593331,58.1103376742017,1.2090991706832,3.47911885653568,21.70000076,66.451,5.00138793527759,192530.0
SEN,Senegal,Sub-Saharan Africa ,2016,1257.40906916238,15034521,54.1081692072139,1.60209745363896,3.9796411050175,25.66480064,66.724,3.94332143243649,192530.0
SEN,Senegal,Sub-Saharan Africa ,2017,1312.10932775878,15475002,57.8165678119905,1.47106251742975,3.21232528542185,29.64310074,67.059,4.45653471958166,192530.0
SEN,Senegal,Sub-Saharan Africa ,2018,1355.09610863533,15914498,61.7898394793183,1.66692756826471,2.88655464408866,35.29999924,67.379,4.43699086589225,192530.0
SEN,Senegal,Sub-Saharan Africa ,2019,1379.60875249843,16352922,64.2362506061005,1.52473710605653,2.75988310568798,43.37969971,67.668,6.3267140191711,192530.0
SEN,Senegal,Sub-Saharan Africa ,2020,1361.7914374888,16789219,60.0468716137065,1.40872642077366,2.86963190075436,53.30879974,67.496,6.7393493746981,192530.0
SEN,Senegal,Sub-Saharan Africa ,2021,1414.53951093499,17220867,69.3759939883832,1.75617528439428,4.40159712005452,55.04040146,66.868,5.17813165897132,192530.0
SGP,Singapore,East Asia & Pacific,1995,30379.8991144598,3524506,345.459263895462,4.18255823202502,0.0009499879235439,2.87,76.2951219512195,0.018836013767755,670.0
SGP,Singapore,East Asia & Pacific,1996,31349.3171805131,3670704,334.911163288092,4.25807867594854,0.0008318184396729,8.35,76.5951219512195,,670.0
SGP,Singapore,East Asia & Pacific,1997,32835.2518506082,3796038,323.86442214814,4.45180554322353,0.000727257745572,13.5,76.8975609756097,,670.0
SGP,Singapore,East Asia & Pacific,1998,31043.108180076,3927213,312.079255674686,5.20979627795524,0.0007099470795046,19.6,77.3,,670.0
SGP,Singapore,East Asia & Pacific,1999,32557.0469904063,3958723,336.484846412882,5.2072614143348,0.0003717648167708,24.2,77.5512195121951,,670.0
SGP,Singapore,East Asia & Pacific,2000,34890.0811365168,4027887,364.364520468218,4.50757218998215,0.0003260343722389,36.0,77.9512195121951,,670.0
SGP,Singapore,East Asia & Pacific,2001,33597.8690808226,4138012,349.292105694978,4.79890680085725,0.0004023791592304,41.6704251756041,78.2512195121951,,670.0
SGP,Singapore,East Asia & Pacific,2002,34598.8267483781,4175950,349.746013985676,4.89323655491523,0.0004339881908053,47.0,78.5512195121951,,675.0
SGP,Singapore,East Asia & Pacific,2003,36709.7965038255,4114826,377.218564301581,4.83752738541917,0.00059371726127,53.8379432881911,79.0390243902439,,687.0
SGP,Singapore,East Asia & Pacific,2004,39856.6356222613,4166664,401.523712538509,4.38428661801237,0.0005556449833884,62.0,79.490243902439,,689.0
SGP,Singapore,East Asia & Pacific,2005,41798.4880834671,4265762,420.430512920559,4.27504313120819,0.0005470614044295,61.0,79.990243902439,,689.0
SGP,Singapore,East Asia & Pacific,2006,44159.4101820552,4401365,425.363399543019,3.92291119365444,0.0036554545955403,59.0,80.1414634146341,,694.0
SGP,Singapore,East Asia & Pacific,2007,46178.8139470199,4588599,394.288471919078,3.602552791077,0.006855181288998,69.9,80.4414634146342,,695.0
SGP,Singapore,East Asia & Pacific,2008,44601.5799302699,4839396,437.326714891057,3.85002679403201,0.0253865664259656,69.0,80.790243902439,,700.0
SGP,Singapore,East Asia & Pacific,2009,43331.8746638962,4987573,358.192811828842,3.88242334748021,0.0067856716847083,69.0,81.2414634146342,,700.0
SGP,Singapore,East Asia & Pacific,2010,48752.0515441859,5076732,369.685555787646,3.38139843984389,0.038512160672046,71.0,81.5414634146342,,702.0
SGP,Singapore,East Asia & Pacific,2011,50713.5326393594,5183688,379.098631377539,3.19387456850782,0.154301445478482,71.0,81.7439024390244,,704.0
SGP,Singapore,East Asia & Pacific,2012,51679.352717333,5312437,369.212965787665,3.10816619008299,0.143294198627007,72.0,81.9951219512195,,706.0
SGP,Singapore,East Asia & Pacific,2013,53298.9728558286,5399162,367.041780049019,3.03849114883637,0.119459449682427,80.90209961,82.2463414634147,,707.0
SGP,Singapore,East Asia & Pacific,2014,54681.9336458253,5469724,360.467319166237,3.04786038477706,0.104879469325881,79.0292358633435,82.4951219512195,,709.0
SGP,Singapore,East Asia & Pacific,2015,55645.6068614606,5535002,329.471398940262,3.04671265935693,0.0343911572935456,79.0129570025584,82.7439024390244,,709.0
SGP,Singapore,East Asia & Pacific,2016,57076.5241936787,5607283,301.338866227561,3.09531096262441,0.029353972319112,84.4522678893074,82.8463414634146,,709.0
SGP,Singapore,East Asia & Pacific,2017,59493.3758595703,5612253,315.401433455385,2.97201085878766,0.0004528888819046,84.4522678893074,83.0951219512195,,712.0
SGP,Singapore,East Asia & Pacific,2018,61101.5252578902,5638676,325.725809994853,2.80776039122786,0.000188767152938,88.1656360313447,83.2975609756098,,714.0
SGP,Singapore,East Asia & Pacific,2019,61106.3119775351,5703569,324.270088576625,2.75970653894344,0.000169266160429,88.9492526850762,83.5951219512195,,716.0
SGP,Singapore,East Asia & Pacific,2020,59083.8574841572,5685807,331.080556828077,2.80306272990798,0.0002420722685562,92.00434653,83.5439024390244,,718.0
SGP,Singapore,East Asia & Pacific,2021,67846.8565377728,5453566,326.53325458764,2.53704638803611,0.0001809891091995,96.92468156,83.0926829268293,,718.0
SLB,Solomon Islands,East Asia & Pacific,1995,2299.97687833528,384733,114.205186316442,,8.48557107754738,0.0249,66.717,10.3373705299253,27990.0
SLB,Solomon Islands,East Asia & Pacific,1996,2270.46028385944,396009,98.795453322306,,9.17628352334643,0.269,66.739,8.49022207632088,27990.0
SLB,Solomon Islands,East Asia & Pacific,1997,2186.40705532991,407474,100.91097317163,,5.51220192622891,0.392,66.768,8.06652583347634,27990.0
SLB,Solomon Islands,East Asia & Pacific,1998,2153.35862620817,419071,83.1388019998149,,6.55748308361476,0.508,66.89,6.36684617741312,27990.0
SLB,Solomon Islands,East Asia & Pacific,1999,2086.00899568939,430500,69.1617439923623,,6.23057589734974,0.495,67.001,8.50650721337916,27990.0
SLB,Solomon Islands,East Asia & Pacific,2000,1747.71795607153,440469,58.5523280892414,,5.2621771900403,0.481296806114395,67.116,16.4525249528928,27990.0
SLB,Solomon Islands,East Asia & Pacific,2001,1577.65519966257,449125,45.1100685673042,,5.62366918680554,0.468551963584141,67.237,14.4483817357963,27990.0
SLB,Solomon Islands,East Asia & Pacific,2002,1504.84671895171,457671,45.1275100252581,,7.11043995156603,0.501919843401009,67.35,7.72495127363064,27990.0
SLB,Solomon Islands,East Asia & Pacific,2003,1573.84348435767,466154,55.9586076145116,,9.62018845302295,0.555609881855115,67.479,14.9528261764439,27990.0
SLB,Solomon Islands,East Asia & Pacific,2004,1664.57315979072,474611,62.8118968234281,,7.43048542464874,0.64967267325146,67.628,25.852967849889,27990.0
SLB,Solomon Islands,East Asia & Pacific,2005,1755.74082446273,483080,66.5710774479487,,8.97922922933814,0.844299972,67.79,35.489226109429,27990.0
SLB,Solomon Islands,East Asia & Pacific,2006,1796.71439810674,491594,69.7893995920413,,10.6910961000805,1.646299958,67.968,33.0946381643912,27990.0
SLB,Solomon Islands,East Asia & Pacific,2007,1830.23321405807,500156,83.7476122894046,,16.6857707308539,2.0,67.845,35.844173705026,27990.0
SLB,Solomon Islands,East Asia & Pacific,2008,1911.18969015528,508790,87.3526147171949,,18.6314854935,3.0,68.336,31.1128060249605,27990.0
SLB,Solomon Islands,East Asia & Pacific,2009,1930.46287614922,518141,71.8849537891287,,12.9304859284596,4.0,68.397,27.4484976811408,27990.0
SLB,Solomon Islands,East Asia & Pacific,2010,2058.95691648883,532968,96.1485545423385,,15.7647772737329,5.0,68.669,39.0109989630525,27990.0
SLB,Solomon Islands,East Asia & Pacific,2011,2132.02844199392,552945,107.24751599476,,19.9027124452237,6.0,68.824,33.1171088717018,27990.0
SLB,Solomon Islands,East Asia & Pacific,2012,2105.91423758379,573606,104.823434628967,,20.8519077419093,6.997399807,68.961,27.0464931828722,27990.0
SLB,Solomon Islands,East Asia & Pacific,2013,2136.72116177034,594945,99.6074605551315,,17.7681136707893,8.0,69.007,22.4724892451737,27990.0
SLB,Solomon Islands,East Asia & Pacific,2014,2085.16067273086,616908,93.4534073008692,,20.6416871336495,9.0,68.984,15.1874496273698,27990.0
SLB,Solomon Islands,East Asia & Pacific,2015,2045.47721526649,639415,88.1884859107326,,16.6664900887493,10.00049973,69.323,14.802910048232,27990.0
SLB,Solomon Islands,East Asia & Pacific,2016,2084.24845745225,662379,85.54984577725,,14.3004643478535,11.00090027,69.501,13.1301145781565,27990.0
SLB,Solomon Islands,East Asia & Pacific,2017,2075.36705302305,685672,82.1974922027324,,22.9192896376451,15.14840031,69.652,12.9713023033434,27990.0
SLB,Solomon Islands,East Asia & Pacific,2018,2061.8996970669,709101,88.4949614655388,,22.3396585662881,20.8593998,69.806,12.2617678265821,27990.0
SLB,Solomon Islands,East Asia & Pacific,2019,2043.09139778307,728147,82.9985659020552,,19.145353163623,22.48880005,69.981,13.9709345308166,27990.0
SLB,Solomon Islands,East Asia & Pacific,2020,1930.65510307199,744498,60.2204367377792,,19.1938888891881,24.1984005,69.258,13.6326003305901,27990.0
SLB,Solomon Islands,East Asia & Pacific,2021,1880.5519827183,762591,67.4200567620007,,18.395048524098,26.03790092,68.89,16.7878473869077,27990.0
SLE,Sierra Leone,Sub-Saharan Africa ,1995,755.343467472038,4179179,45.029250437578,1.23701082989956,15.8876053628025,0.0,42.579,25.9352511444278,72180.0
SLE,Sierra Leone,Sub-Saharan Africa ,1996,764.924518087367,4199210,49.5955306540939,0.849855684883699,14.6082170583381,0.00251,43.528,20.0746556319447,72180.0
SLE,Sierra Leone,Sub-Saharan Africa ,1997,710.743788352538,4253716,28.2780240362665,0.48048255613625,16.2134698202213,0.00499,43.649,14.1683609896638,72180.0
SLE,Sierra Leone,Sub-Saharan Africa ,1998,716.346032939256,4295785,35.3326795564082,0.643666734495763,21.6619843703457,0.0148,42.714,16.71602845857,72180.0
SLE,Sierra Leone,Sub-Saharan Africa ,1999,698.548063578049,4318043,33.7491637023642,1.09319455027975,13.3682577279386,0.0485,41.962,11.4319758645169,72180.0
SLE,Sierra Leone,Sub-Saharan Africa ,2000,727.240914632596,4423611,57.5299628959222,1.57801055285861,14.2566872840621,0.118254245682183,44.834,29.3203184105913,72180.0
SLE,Sierra Leone,Sub-Saharan Africa ,2001,642.036645844304,4692716,35.9381586081315,1.72271852453079,8.05230833851418,0.160264445493032,45.448,20.1499919961195,72180.0
SLE,Sierra Leone,Sub-Saharan Africa ,2002,766.788693742901,4971435,38.9169111968846,1.35970475391743,8.43552502197745,0.176198956814076,46.174,19.8775417447951,72180.0
SLE,Sierra Leone,Sub-Saharan Africa ,2003,806.066489012144,5177687,46.4464363702625,1.27788496760216,12.876788824159,0.190173281668183,46.784,15.9994027747525,72180.0
SLE,Sierra Leone,Sub-Saharan Africa ,2004,829.759768928304,5355717,46.1719991766037,0.974909894000986,11.1023236756794,0.203007680592588,47.485,18.2964081978268,72180.0
SLE,Sierra Leone,Sub-Saharan Africa ,2005,842.906030904902,5501712,47.547983989225,0.859492175206273,9.90200209747713,0.215399995,48.306,14.1767144592604,72180.0
SLE,Sierra Leone,Sub-Saharan Africa ,2006,859.824260714965,5624466,22.0888664739674,0.890937353042299,9.42718135843611,0.227699995,49.547,13.6054348451714,72180.0
SLE,Sierra Leone,Sub-Saharan Africa ,2007,872.68836234614,5749352,21.8067992689239,0.842695620186599,12.2555158372532,0.239800006,50.024,18.2558806922302,72180.0
SLE,Sierra Leone,Sub-Saharan Africa ,2008,882.54147817868,5894722,21.2566155636984,0.603658478631646,11.6115795671527,0.25,50.693,10.5002636257455,72180.0
SLE,Sierra Leone,Sub-Saharan Africa ,2009,872.23959352481,6055646,23.0753395976546,0.695771445150757,12.2691742280754,0.25999999,51.312,11.820228690716,72180.0
SLE,Sierra Leone,Sub-Saharan Africa ,2010,902.769891411394,6222714,27.9541259241389,0.600434938929684,10.5288662404631,0.579999983,51.927,9.45179392632289,72180.0
SLE,Sierra Leone,Sub-Saharan Africa ,2011,950.760763054593,6387251,43.7807969332619,0.530893039714345,10.9869587677677,0.899999976,52.594,9.12860120989628,72180.0
SLE,Sierra Leone,Sub-Saharan Africa ,2012,1025.04366004502,6551080,53.3813447139398,0.517911005474655,9.77051963302454,2.5,53.159,7.37836284931443,72180.0
SLE,Sierra Leone,Sub-Saharan Africa ,2013,1146.81973456475,6714051,53.3627646114117,0.469957196664839,7.22686963531629,4.0,54.051,6.35478205029956,72180.0
SLE,Sierra Leone,Sub-Saharan Africa ,2014,1032.23789355905,6876385,51.1187772788807,0.747309962312162,8.02771244072182,6.057300091,54.281,12.5121425142911,72180.0
SLE,Sierra Leone,Sub-Saharan Africa ,2015,964.575980888989,7037655,36.4823958242319,0.581670050305266,10.5713602396516,6.344399929,55.454,14.1851966613903,72180.0
SLE,Sierra Leone,Sub-Saharan Africa ,2016,1002.77862282013,7205328,43.0672126969961,0.714168280060902,14.6732645434772,7.680099964,56.937,11.5759003967371,72180.0
SLE,Sierra Leone,Sub-Saharan Africa ,2017,1010.54694071207,7379299,41.5213782343591,0.676969771194224,14.9365306672881,9.297100067,57.761,9.57703088012174,72180.0
SLE,Sierra Leone,Sub-Saharan Africa ,2018,1015.6678297205,7554563,37.3774603119412,0.465679597167025,8.55532841443589,14.42230034,59.059,8.03817837830715,72180.0
SLE,Sierra Leone,Sub-Saharan Africa ,2019,1046.96778078594,7731991,37.5619529967261,0.37632567182809,7.49079656656829,15.71370029,59.593,8.78677408135389,72180.0
SLE,Sierra Leone,Sub-Saharan Africa ,2020,1010.25294614757,7912558,30.613100943757,0.486095493916065,8.22978194152241,17.12080002,59.694,12.6452159617628,72180.0
SLE,Sierra Leone,Sub-Saharan Africa ,2021,1045.7661615758,8094602,42.1435161621354,0.600261617809604,9.03701414128967,18.65390015,60.26,10.0239856074758,72180.0
SLV,El Salvador,Latin America & Caribbean ,1995,2773.32529027549,5762131,59.3607543357884,1.17505832785871,0.77923195419577,,64.903,3.1528235696976,20720.0
SLV,El Salvador,Latin America & Caribbean ,1996,2775.04629038695,5805286,55.2818567293307,1.07440915279515,0.509551084760622,0.0864,65.48,2.88616941926948,20720.0
SLV,El Salvador,Latin America & Caribbean ,1997,2842.88487409077,5844578,63.5570927549383,1.00776620629422,0.820568279143213,0.257,66.248,2.64398384393222,20720.0
SLV,El Salvador,Latin America & Caribbean ,1998,2900.32064261101,5880781,60.8722907509534,0.922942907935975,0.653989579847932,0.425,66.655,1.74007070073194,20720.0
SLV,El Salvador,Latin America & Caribbean ,1999,2946.4330235012,5913900,60.9904896201298,0.920549239593538,0.5553467617329,0.845,67.285,1.79915070208817,20720.0
SLV,El Salvador,Latin America & Caribbean ,2000,2964.89346881406,5943366,68.7100889044911,0.840331038102095,0.497077305664038,1.17739726914477,67.711,1.66881618708385,20720.0
SLV,El Salvador,Latin America & Caribbean ,2001,2978.59734844668,5968060,65.8907385362251,1.09067003863398,0.485786941180763,1.5,67.965,2.10494995736842,20720.0
SLV,El Salvador,Latin America & Caribbean ,2002,3016.06307728602,5986631,65.9190907767708,1.13023872990524,0.470738093792746,1.9,68.526,2.02141290940719,20720.0
SLV,El Salvador,Latin America & Caribbean ,2003,3057.16467629097,5998599,68.23698247861,0.841381284888912,0.464556781953447,2.5,68.792,1.64900101326136,20720.0
SLV,El Salvador,Latin America & Caribbean ,2004,3081.23629665234,6004671,69.7822641767691,0.810214431044768,0.452387405870909,3.2,69.295,1.78896780758507,20720.0
SLV,El Salvador,Latin America & Caribbean ,2005,3163.36118376833,6005578,69.7158116750578,0.90420465369438,0.546622489459469,4.199999809,69.336,1.5378398241881,20720.0
SLV,El Salvador,Latin America & Caribbean ,2006,3302.34817354347,6002319,73.4555675070266,0.888131105901353,1.10993470507458,5.5,69.612,1.14529637844214,20720.0
SLV,El Salvador,Latin America & Caribbean ,2007,3359.1623024135,6009824,77.6210560347995,0.973444824900437,1.02476871768865,6.11,69.82,0.64953408300749,20720.0
SLV,El Salvador,Latin America & Caribbean ,2008,3420.44927357443,6029297,80.6659739399085,0.961811831487238,1.1698028573412,10.08,70.138,1.38263340211982,20720.0
SLV,El Salvador,Latin America & Caribbean ,2009,3337.81150878211,6048279,66.0711911744487,1.07887821146881,0.715439137322185,12.11,70.359,1.71553506485938,20720.0
SLV,El Salvador,Latin America & Caribbean ,2010,3398.49346060363,6068249,73.5372876725398,1.08955372746629,1.02874215933074,15.9,70.909,1.68087595245776,20720.0
SLV,El Salvador,Latin America & Caribbean ,2011,3515.19664634846,6090127,79.2766437025052,1.08806149544119,0.832361782908174,18.89999962,71.192,1.51221845569951,20720.0
SLV,El Salvador,Latin America & Caribbean ,2012,3600.31912505518,6113975,77.6485716222883,1.04880962679117,0.771015636279707,20.3213877242007,71.42,1.07190806679289,20720.0
SLV,El Salvador,Latin America & Caribbean ,2013,3665.90044167854,6138839,80.4511944908271,1.07998923193894,0.938918673106463,23.1093,71.225,0.80540450681253,20720.0
SLV,El Salvador,Latin America & Caribbean ,2014,3713.94992016222,6162955,78.1044257477935,1.03525487674093,1.0550593254644,24.7617121459061,71.144,0.454932185892022,20720.0
SLV,El Salvador,Latin America & Caribbean ,2015,3790.34089108162,6183676,76.5602707370519,1.05682005889035,0.850742982932215,26.8026049600572,70.952,0.401422331115688,20720.0
SLV,El Salvador,Latin America & Caribbean ,2016,3875.84691357954,6200800,72.8190933731491,1.02350295230491,1.0221138126124,28.99710083,70.908,0.562082222514529,20720.0
SLV,El Salvador,Latin America & Caribbean ,2017,3954.84014277572,6213533,74.3046511916519,1.04446940079198,0.88816041131789,33.8207289048526,71.007,0.642679544346044,20720.0
SLV,El Salvador,Latin America & Caribbean ,2018,4046.16291720583,6219807,75.6336168879956,1.13220727885334,0.663649690465912,43.79999924,71.384,1.0323962297113,20720.0
SLV,El Salvador,Latin America & Caribbean ,2019,4143.11437097867,6222318,76.0420130991468,1.18000962074512,0.562349124959244,50.4911940673888,71.725,1.18911006041148,20720.0
SLV,El Salvador,Latin America & Caribbean ,2020,3808.53195436409,6234673,66.4595069497083,1.37995002386364,0.764177304476048,54.60136976,70.244,1.46137941178528,20720.0
SLV,El Salvador,Latin America & Caribbean ,2021,4247.54750394978,6255782,81.8450759800765,1.21053697201576,0.535264947589614,57.26380157,69.941,0.783925298554637,20720.0
SMR,San Marino,Europe & Central Asia,1995,,25158,,,,1.36,79.031,,60.0
SMR,San Marino,Europe & Central Asia,1996,,25482,,,,1.43,79.332,,60.0
SMR,San Marino,Europe & Central Asia,1997,48409.5258357086,25800,,,,1.42,79.677,,60.0
SMR,San Marino,Europe & Central Asia,1998,51376.4130293207,26125,,,,1.41,79.918,,60.0
SMR,San Marino,Europe & Central Asia,1999,55318.4208680654,26459,,,0.0,42.8,80.2,,60.0
SMR,San Marino,Europe & Central Asia,2000,55806.8967854415,26799,,,0.0,48.7994953055999,80.504,,60.0
SMR,San Marino,Europe & Central Asia,2001,58173.2673485907,27143,,,0.0,50.3416690898517,80.803,,60.0
SMR,San Marino,Europe & Central Asia,2002,57615.3840607029,27491,,,0.0,50.8348399446985,81.061,,60.0
SMR,San Marino,Europe & Central Asia,2003,59090.2064374385,27843,,,0.0,50.003453038674,81.33,,60.0
SMR,San Marino,Europe & Central Asia,2004,58393.1973140469,29457,,,0.0,50.5663430420712,81.592,,60.0
SMR,San Marino,Europe & Central Asia,2005,59049.5507985237,29836,,,0.0,,81.926,,60.0
SMR,San Marino,Europe & Central Asia,2006,60604.3235393604,30184,,,0.0,50.2086593635889,82.258,,60.0
SMR,San Marino,Europe & Central Asia,2007,62776.9178275821,31211,,,0.0,50.3648221088655,82.605,,60.0
SMR,San Marino,Europe & Central Asia,2008,61572.7157847481,31662,,,0.0,54.52,82.894,,60.0
SMR,San Marino,Europe & Central Asia,2009,52873.2443236949,33066,,,0.0,54.21,83.224,,60.0
SMR,San Marino,Europe & Central Asia,2010,49672.6753589594,33270,,,0.0,,83.464,,60.0
SMR,San Marino,Europe & Central Asia,2011,46450.0042070199,32620,,,0.0,49.6,83.713,,60.0
SMR,San Marino,Europe & Central Asia,2012,42082.5364542056,33469,,,0.0,,83.943,,60.0
SMR,San Marino,Europe & Central Asia,2013,42293.4679807917,33041,,,0.0,,84.175,,60.0
SMR,San Marino,Europe & Central Asia,2014,42492.831738275,32655,,,0.0,,84.394,,60.0
SMR,San Marino,Europe & Central Asia,2015,43146.8035302005,32897,321.364011035718,,0.0,,84.596,,60.0
SMR,San Marino,Europe & Central Asia,2016,43886.1965081114,33101,320.146095231777,,0.0,55.0,84.775,,60.0
SMR,San Marino,Europe & Central Asia,2017,43057.7582484571,33825,313.850322940524,,0.0,60.18230057,84.933,,60.0
SMR,San Marino,Europe & Central Asia,2018,42818.6755959614,34522,309.487954987512,,0.0,,85.095,,60.0
SMR,San Marino,Europe & Central Asia,2019,43525.4039798176,34663,307.264770546858,,0.0,67.85070038,85.257,,60.0
SMR,San Marino,Europe & Central Asia,2020,40506.8341853183,34770,304.903169667588,,0.0,77.94999695,82.65,,60.0
SMR,San Marino,Europe & Central Asia,2021,46834.1172363873,34252,342.470171021559,,,81.66999817,83.539,,60.0
SOM,"Somalia, Fed. Rep.",Sub-Saharan Africa ,1995,211.087530841799,7285007,,,,0.0,50.65,12.654793949395,627340.0
SOM,"Somalia, Fed. Rep.",Sub-Saharan Africa ,1996,219.93638187378,7554474,,,,0.00151,50.524,5.05685686322823,627340.0
SOM,"Somalia, Fed. Rep.",Sub-Saharan Africa ,1997,214.852351288921,7824525,,,,0.00295,50.278,3.8038856538709,627340.0
SOM,"Somalia, Fed. Rep.",Sub-Saharan Africa ,1998,219.712160749461,8155417,,,,0.00716,50.755,2.81775426110297,627340.0
SOM,"Somalia, Fed. Rep.",Sub-Saharan Africa ,1999,226.444111028772,8492059,,,,0.0139,50.611,3.8964147033041,627340.0
SOM,"Somalia, Fed. Rep.",Sub-Saharan Africa ,2000,233.032393086303,8838713,,,,0.02,50.747,3.06696506616082,627340.0
SOM,"Somalia, Fed. Rep.",Sub-Saharan Africa ,2001,239.839074088089,9198493,,,,0.0790391786670095,50.829,6.77263777934023,627340.0
SOM,"Somalia, Fed. Rep.",Sub-Saharan Africa ,2002,248.636454000924,9550063,,,,0.115614213354469,50.82,7.10975482220834,627340.0
SOM,"Somalia, Fed. Rep.",Sub-Saharan Africa ,2003,257.910337235953,9909157,,,,0.376198002539086,50.721,6.33209426528047,627340.0
SOM,"Somalia, Fed. Rep.",Sub-Saharan Africa ,2004,266.257271856551,10280998,,,,1.05345474358422,50.685,5.30993351703612,627340.0
SOM,"Somalia, Fed. Rep.",Sub-Saharan Africa ,2005,275.457040797983,10644228,,,,1.077299953,50.894,5.21498242632339,627340.0
SOM,"Somalia, Fed. Rep.",Sub-Saharan Africa ,2006,284.47078986532,10975502,,,,1.100200057,50.915,8.00157608870969,627340.0
SOM,"Somalia, Fed. Rep.",Sub-Saharan Africa ,2007,294.210404466601,11322582,,,,1.122200012,50.885,7.35128787553267,627340.0
SOM,"Somalia, Fed. Rep.",Sub-Saharan Africa ,2008,304.741448811237,11663084,,,,1.142699957,51.456,13.1137723780387,627340.0
SOM,"Somalia, Fed. Rep.",Sub-Saharan Africa ,2009,317.038184814662,11961201,,,,1.160599947,52.101,22.690199188985,627340.0
SOM,"Somalia, Fed. Rep.",Sub-Saharan Africa ,2010,329.970504936872,12261756,,,,,48.9,18.9063043141775,627340.0
SOM,"Somalia, Fed. Rep.",Sub-Saharan Africa ,2011,349.577449077711,12348830,,,,1.25,32.453,38.1357239859251,627340.0
SOM,"Somalia, Fed. Rep.",Sub-Saharan Africa ,2012,369.617204753489,12461160,88.5736460782288,,,1.376700044,49.138,22.6925891013955,627340.0
SOM,"Somalia, Fed. Rep.",Sub-Saharan Africa ,2013,397.108796344814,12869594,83.3409991258378,0.443857556653604,17.8127642098138,1.5,54.016,20.9622103683534,627340.0
SOM,"Somalia, Fed. Rep.",Sub-Saharan Africa ,2014,417.516796906402,13339491,81.7010414559322,0.935247555486575,18.2921917574279,1.629999995,54.442,19.4672659482089,627340.0
SOM,"Somalia, Fed. Rep.",Sub-Saharan Africa ,2015,445.583080073396,13806963,76.4793322385239,0.681391609413828,18.8761765982543,1.75999999,55.056,20.5876137515454,627340.0
SOM,"Somalia, Fed. Rep.",Sub-Saharan Africa ,2016,458.92147682461,14348740,74.3615625516249,0.6454606954404,19.5454511774019,1.879999995,55.283,17.979018527839,627340.0
SOM,"Somalia, Fed. Rep.",Sub-Saharan Africa ,2017,506.501098879426,14916629,68.6756490932841,0.749066892874455,18.697269661953,,52.19,23.1965523707503,627340.0
SOM,"Somalia, Fed. Rep.",Sub-Saharan Africa ,2018,498.981065013918,15452487,73.8219230280706,0.972462847707354,11.735774261604,,54.767,20.0941842769326,627340.0
SOM,"Somalia, Fed. Rep.",Sub-Saharan Africa ,2019,494.444039712384,16030971,70.2980591497227,0.828653957250144,10.7304105687897,2.731400013,57.249,19.9622606011247,627340.0
SOM,"Somalia, Fed. Rep.",Sub-Saharan Africa ,2020,462.867053737278,16651191,75.6954102920723,1.1376518312471,11.455284804417,15.02369976,57.095,35.4513955829502,627340.0
SOM,"Somalia, Fed. Rep.",Sub-Saharan Africa ,2021,461.627830726021,17271431,79.0994411051355,1.17069801771404,11.2356934915275,23.87479973,55.703,25.4958867319859,627340.0
SRB,Serbia,Europe & Central Asia,1995,3012.49816736822,7628264,12.5744954171822,,0.669092065367452,,72.6157317073171,,
SRB,Serbia,Europe & Central Asia,1996,3200.76825835814,7622185,27.3190037104059,3.16000596260261,0.527409241981988,,72.7948536585366,,
SRB,Serbia,Europe & Central Asia,1997,3497.55048957119,7598538,32.6780204946957,3.36740339732567,0.333527259917736,,72.8280975609756,0.358190168504144,
SRB,Serbia,Europe & Central Asia,1998,3699.40380796484,7567745,39.1669755756981,3.05713147460424,0.195087574224892,,72.1948780487805,0.515004188609869,
SRB,Serbia,Europe & Central Asia,1999,3329.4517344386,7540401,24.1979423920709,3.53216202139944,0.311891670595921,,69.9271463414634,3.38569156562399,
SRB,Serbia,Europe & Central Asia,2000,3542.35365914848,7516346,21.109043880746,4.60092009205706,2.33274311334293,,71.5829268292683,15.4824966705202,
SRB,Serbia,Europe & Central Asia,2001,3788.98233947399,7503433,53.8950786178485,3.6330301730712,1.50240352241228,,72.2341463414634,9.58574397184678,
SRB,Serbia,Europe & Central Asia,2002,4038.65251197442,7500031,54.302882889577,3.7841026418813,0.628709984358027,,72.2853658536585,11.6713436580761,
SRB,Serbia,Europe & Central Asia,2003,4233.77644906089,7480591,58.2946720222191,3.09653595251624,0.535968883702967,,72.4365853658537,5.58652325516939,
SRB,Serbia,Europe & Central Asia,2004,4527.43498659451,7463157,72.2876162455649,2.75341642219387,1.75377809041674,23.5,72.6829268292683,4.35496850728415,
SRB,Serbia,Europe & Central Asia,2005,4809.1384076488,7440769,71.9925488520017,2.22169563091897,1.24346302195652,26.29999924,72.8341463414634,3.81450550377035,
SRB,Serbia,Europe & Central Asia,2006,5016.41289322251,7411569,75.529235364472,2.11742898352372,1.500776590768,27.2,73.3853658536585,4.80345132455947,87460.0
SRB,Serbia,Europe & Central Asia,2007,5431.27887426624,7381579,72.7165875771534,2.16443130635595,1.55422939890246,33.15,73.6317073170732,1.9347654520276,87460.0
SRB,Serbia,Europe & Central Asia,2008,5735.94772695749,7350222,75.7432462868839,2.05019989253683,2.85101542369955,35.6,73.8853658536585,1.84905127577715,87460.0
SRB,Serbia,Europe & Central Asia,2009,5578.0119741931,7320807,63.5017226157541,2.07489736839956,1.29420135500539,38.1,73.9853658536585,1.34621138715555,87460.0
SRB,Serbia,Europe & Central Asia,2010,5690.70327182682,7291436,73.7088615865295,2.00369125521031,2.51068899120357,40.9,74.3365853658537,1.48909886680453,87460.0
SRB,Serbia,Europe & Central Asia,2011,5737.00120175811,7236519,75.7493613069523,1.92573079525961,3.35044641406988,42.2,74.5365853658537,2.79482019956138,87460.0
SRB,Serbia,Europe & Central Asia,2012,5739.3075023532,7201497,82.0766814348254,1.91798161392813,2.77478070010415,48.09999847,74.8365853658537,2.48986594723987,87460.0
SRB,Serbia,Europe & Central Asia,2013,5793.33614525565,7166553,84.3322563766638,1.84757469294627,2.05963239192195,53.450364175,75.1853658536585,1.60646086735246,87460.0
SRB,Serbia,Europe & Central Asia,2014,5716.54047153506,7131787,88.3815023270446,1.8702430512257,1.89442302636645,62.0750804639377,75.3365853658537,0.775456189654093,87460.0
SRB,Serbia,Europe & Central Asia,2015,5820.3215576888,7095383,93.5281477663237,1.69548003219134,1.27718856590432,65.3170254003801,75.2878048780488,0.791939226797719,87460.0
SRB,Serbia,Europe & Central Asia,2016,6024.95754653784,7058322,97.6906940431804,1.85741974312422,1.17155898842791,67.0568413716938,75.6878048780488,1.58414154827877,87460.0
SRB,Serbia,Europe & Central Asia,2017,6200.26118592152,7020858,102.740445166934,1.75424084910469,1.52263044010001,70.3308355269141,75.5390243902439,3.91559935517745,87460.0
SRB,Serbia,Europe & Central Asia,2018,6524.08029755191,6982604,105.563713028559,2.01722347053086,1.54067953539602,73.360709154564,75.890243902439,2.13124600902687,87460.0
SRB,Serbia,Europe & Central Asia,2019,6870.75810896296,6945235,107.577309546092,2.18222737795041,1.19461693747908,77.4167736219802,75.9365853658537,1.10615195790582,87460.0
SRB,Serbia,Europe & Central Asia,2020,6850.96742168834,6899126,100.324460810129,2.29536613396667,0.947608509343353,78.36804864,74.4780487804878,0.902053707675581,84090.0
SRB,Serbia,Europe & Central Asia,2021,7465.67601077148,6834326,112.342298324945,2.72904089938996,1.74631766481948,81.16588116,72.780487804878,0.83842238985912,84090.0
SSD,South Sudan,Sub-Saharan Africa ,1995,,5225836,,,,,31.51,,
SSD,South Sudan,Sub-Saharan Africa ,1996,,5356925,,,,,32.124,,
SSD,South Sudan,Sub-Saharan Africa ,1997,,5509136,,,,,33.068,,
SSD,South Sudan,Sub-Saharan Africa ,1998,,5620068,,,,,19.048,,
SSD,South Sudan,Sub-Saharan Africa ,1999,,5771628,,,,,44.537,,
SSD,South Sudan,Sub-Saharan Africa ,2000,,6032267,,,,,47.591,,
SSD,South Sudan,Sub-Saharan Africa ,2001,,6308391,,,,,48.55,,
SSD,South Sudan,Sub-Saharan Africa ,2002,,6596806,,,,,49.394,,
SSD,South Sudan,Sub-Saharan Africa ,2003,,6903127,,,,,52.324,,
SSD,South Sudan,Sub-Saharan Africa ,2004,,7233041,,,,,53.052,,
SSD,South Sudan,Sub-Saharan Africa ,2005,,7590143,,,,,53.965,,
SSD,South Sudan,Sub-Saharan Africa ,2006,,7976526,,,,,54.653,,
SSD,South Sudan,Sub-Saharan Africa ,2007,,8388788,,,,,55.425,,
SSD,South Sudan,Sub-Saharan Africa ,2008,2289.18415375563,8817647,97.2662973183488,5.76128903307145,58.2776601424041,,56.28,,
SSD,South Sudan,Sub-Saharan Africa ,2009,2293.80166888543,9243556,94.8357640879963,4.96846263299849,35.188657039956,,56.848,,
SSD,South Sudan,Sub-Saharan Africa ,2010,2295.07026096006,9745953,90.9434483661131,4.14063254299941,43.7092935094988,,57.485,,
SSD,South Sudan,Sub-Saharan Africa ,2011,2073.23981819145,10288109,93.226859754919,6.09441532228387,51.7868586633182,,57.674,5.09733435565575,
SSD,South Sudan,Sub-Saharan Africa ,2012,1069.19619080938,10756240,71.6198113947489,8.77114861951039,5.60460947133863,1.5,58.241,10.3277206243117,631930.0
SSD,South Sudan,Sub-Saharan Africa ,2013,1165.16202707495,11166275,50.8112465907463,6.56986369718549,14.7084526216951,2.200000048,58.285,8.03578525829966,631930.0
SSD,South Sudan,Sub-Saharan Africa ,2014,1197.09491969479,11235073,64.6345178070809,8.57452320335879,28.4570049428564,2.599999905,45.625,16.4303643627759,631930.0
SSD,South Sudan,Sub-Saharan Africa ,2015,1080.14718624765,11107561,65.5513491845003,8.60365296803653,13.0532234224485,3.0,39.757,15.9162280373347,631930.0
SSD,South Sudan,Sub-Saharan Africa ,2016,,10830102,,4.84674935905441,,3.5,36.72,,631930.0
SSD,South Sudan,Sub-Saharan Africa ,2017,,10259154,,3.9933777725745,,4.1,35.351,,631930.0
SSD,South Sudan,Sub-Saharan Africa ,2018,,10122977,,4.7742494592124,,4.800000191,51.905,,631930.0
SSD,South Sudan,Sub-Saharan Africa ,2019,,10423384,,3.80125272262975,,6.671000004,58.129,,631930.0
SSD,South Sudan,Sub-Saharan Africa ,2020,,10698467,,1.86635872996114,,,57.648,,631930.0
SSD,South Sudan,Sub-Saharan Africa ,2021,,10865780,,1.51129459315632,,,57.047,,631930.0
STP,Sao Tome and Principe,Sub-Saharan Africa ,1995,947.331538535199,134895,,,,,60.536,91.583318824467,960.0
STP,Sao Tome and Principe,Sub-Saharan Africa ,1996,947.030151309961,136962,,,,,60.576,38.9111786709318,960.0
STP,Sao Tome and Principe,Sub-Saharan Africa ,1997,942.971185295678,138922,,,,,60.648,40.6156661984592,960.0
STP,Sao Tome and Principe,Sub-Saharan Africa ,1998,953.9855008639,140751,,,,0.296,60.785,43.9520362186317,960.0
STP,Sao Tome and Principe,Sub-Saharan Africa ,1999,966.2268289095,142442,,,,0.363,60.976,39.3326263898814,960.0
STP,Sao Tome and Principe,Sub-Saharan Africa ,2000,959.938180991352,144018,,,,4.6385168164075,61.207,49.9622748945609,960.0
STP,Sao Tome and Principe,Sub-Saharan Africa ,2001,973.424252100436,146375,,,2.97851781674319,6.31091788794615,61.5,52.4449075505134,960.0
STP,Sao Tome and Principe,Sub-Saharan Africa ,2002,982.32906557627,149922,,,3.20434365847031,7.580665168911,61.826,31.8847298926787,960.0
STP,Sao Tome and Principe,Sub-Saharan Africa ,2003,1036.86196260207,153814,,,4.00630925326351,10.1618443069961,62.158,38.015235689194,960.0
STP,Sao Tome and Principe,Sub-Saharan Africa ,2004,1047.05796134884,157705,,,3.05849147819464,13.3228526892178,62.56,30.2123939618452,960.0
STP,Sao Tome and Principe,Sub-Saharan Africa ,2005,1089.14778798762,161639,,,2.74523195490654,13.75949955,62.434,24.4883635787615,960.0
STP,Sao Tome and Principe,Sub-Saharan Africa ,2006,1157.0861446542,165638,,,2.68486078996349,14.18200016,63.041,15.8176750602604,960.0
STP,Sao Tome and Principe,Sub-Saharan Africa ,2007,1170.51612474435,169700,,,3.62146494582258,14.5904831987414,63.336,33.2466389611615,960.0
STP,Sao Tome and Principe,Sub-Saharan Africa ,2008,1214.14114724792,173793,72.8032735325871,,3.51834389031727,15.47999954,63.448,25.16183610518,960.0
STP,Sao Tome and Principe,Sub-Saharan Africa ,2009,1225.60541902997,177853,71.0282157639862,,3.5091899751829,16.40999985,63.669,15.2032378903829,960.0
STP,Sao Tome and Principe,Sub-Saharan Africa ,2010,1216.3502521663,181802,84.6502605115304,,3.97441398723173,18.75,63.867,24.850763705574,960.0
STP,Sao Tome and Principe,Sub-Saharan Africa ,2011,1214.96130276731,185649,86.1122609020117,,3.82221922487921,20.16119957,64.122,32.5089256932977,960.0
STP,Sao Tome and Principe,Sub-Saharan Africa ,2012,1225.6945255615,189439,83.2030197079574,,3.81740404574064,21.57239914,64.505,22.1920445937398,960.0
STP,Sao Tome and Principe,Sub-Saharan Africa ,2013,1263.70423995281,193148,83.4581625069125,,3.33902231905861,23.0,64.93,19.8991801407116,960.0
STP,Sao Tome and Principe,Sub-Saharan Africa ,2014,1301.32146445028,196767,114.769955102294,,3.04723492306762,24.40999985,65.478,13.7351886070519,960.0
STP,Sao Tome and Principe,Sub-Saharan Africa ,2015,1298.10946596396,200291,112.659579338965,,3.41287577328636,25.81999969,66.023,18.6093632341087,960.0
STP,Sao Tome and Principe,Sub-Saharan Africa ,2016,1342.533807689,203689,100.395470605091,,3.27531389837999,28.0,66.563,15.9382629048394,960.0
STP,Sao Tome and Principe,Sub-Saharan Africa ,2017,1375.59403284199,206970,92.8973617603292,,3.15239782697584,32.61640167,67.074,12.5127348678618,960.0
STP,Sao Tome and Principe,Sub-Saharan Africa ,2018,1413.84348618541,210187,79.2002901440524,,2.33693840944991,37.99380112,67.602,13.5337042493925,960.0
STP,Sao Tome and Principe,Sub-Saharan Africa ,2019,1420.66008316091,213392,67.5747989988655,,2.04664899329107,44.25790024,68.043,12.5636724100504,960.0
STP,Sao Tome and Principe,Sub-Saharan Africa ,2020,1430.84119299096,217435,48.6640079711896,,1.98018939747641,51.55469894,67.979,19.562147795527,960.0
STP,Sao Tome and Principe,Sub-Saharan Africa ,2021,1428.28676097975,221961,57.9403473155232,,1.88439596006627,54.94950104,68.026,13.8454686632253,960.0
SUR,Suriname,Latin America & Caribbean ,1995,6184.2834422862,429606,,,9.7655832957579,0.115,62.779,11.1407468247042,160507.61
SUR,Suriname,Latin America & Caribbean ,1996,6114.83571706509,438830,,,10.6504016452728,0.226,63.079,12.7003065555006,160507.61
SUR,Suriname,Latin America & Caribbean ,1997,6330.13718248353,448067,,,8.94786757802082,1.0,63.385,8.3773984107908,160507.61
SUR,Suriname,Latin America & Caribbean ,1998,6343.51344766536,457406,,,4.90955761131605,1.67,63.706,5.35552546940809,160507.61
SUR,Suriname,Latin America & Caribbean ,1999,6127.31035739875,466916,,,7.92111939836538,1.89,64.035,3.98106943868623,160507.61
SUR,Suriname,Latin America & Caribbean ,2000,6128.31602380553,476643,,,12.3387388089747,2.50641105226881,64.409,3.87199176047367,160507.61
SUR,Suriname,Latin America & Caribbean ,2001,6255.55274185687,486560,,,11.6233257963328,3.06444838873752,64.82,3.26406088995628,160507.61
SUR,Suriname,Latin America & Caribbean ,2002,6301.31731043167,496551,,,7.86803705064934,4.1615687449541,65.274,1.17383835599755,160507.61
SUR,Suriname,Latin America & Caribbean ,2003,6567.84309876847,506414,,,6.93494800304082,4.71987539528956,65.778,0.909240432303263,160507.61
SUR,Suriname,Latin America & Caribbean ,2004,7021.98919924338,513923,,,8.9413724509072,6.0760478144456,66.362,1.74556469922208,160507.61
SUR,Suriname,Latin America & Caribbean ,2005,7261.8171350196,519313,,,15.2004474166859,6.40308628759062,66.997,2.44588846722934,160507.61
SUR,Suriname,Latin America & Caribbean ,2006,7599.35696921481,524997,98.1681931723564,,13.1868444010477,9.49960041,67.643,2.45083710323496,160507.61
SUR,Suriname,Latin America & Caribbean ,2007,7897.25648915828,531016,101.377000372162,,14.3924082867818,14.11,68.307,5.12310807494032,160507.61
SUR,Suriname,Latin America & Caribbean ,2008,8129.11464659446,537245,109.166838523407,,15.9675361939534,21.05999947,68.873,2.81467894839141,160507.61
SUR,Suriname,Latin America & Caribbean ,2009,8276.69079768793,543568,87.9206617785298,,11.3987131377577,31.36,69.323,3.98225897053908,160507.61
SUR,Suriname,Latin America & Caribbean ,2010,8603.90786745855,549923,90.9613941465855,,22.1694362010361,31.59,69.626,2.3557295741876,160507.61
SUR,Suriname,Latin America & Caribbean ,2011,9003.28597674886,556269,,,31.9335594131783,32.0,69.82,1.8348297926085,160507.61
SUR,Suriname,Latin America & Caribbean ,2012,9140.92898611536,562633,,,29.1297720421828,34.68119812,69.957,0.842901225770249,160507.61
SUR,Suriname,Latin America & Caribbean ,2013,9303.46008775809,569020,,,20.7444083074763,37.40000153,70.11,0.614581555371759,160507.61
SUR,Suriname,Latin America & Caribbean ,2014,9224.24378410547,575373,,,13.3454910423686,40.08000183,70.33,0.259036921239328,160507.61
SUR,Suriname,Latin America & Caribbean ,2015,8813.61705392067,581627,,,5.12495877980327,42.76380157,70.567,0.312548177838883,160507.61
SUR,Suriname,Latin America & Caribbean ,2016,8293.31553031406,587757,,,15.0617975898749,45.40000153,70.979,0.524942955278426,160507.61
SUR,Suriname,Latin America & Caribbean ,2017,8338.69235401862,593713,,,19.7854729048857,48.94520187,71.247,0.630103092569359,160507.61
SUR,Suriname,Latin America & Caribbean ,2018,8666.64870697797,599513,,,8.44388268533074,55.10210037,71.468,0.393341224484961,160507.61
SUR,Suriname,Latin America & Caribbean ,2019,8677.30522021731,605768,,,6.83251753458721,62.03350067,71.773,0.653711919570405,160507.61
SUR,Suriname,Latin America & Caribbean ,2020,7213.10766669943,612317,,,4.60122863820656,,72.321,1.06463783191703,160507.61
SUR,Suriname,Latin America & Caribbean ,2021,6973.89941868115,617896,,,9.59272209392741,,68.943,1.06994021937803,160507.61
SVK,Slovak Republic,Europe & Central Asia,1995,7755.6233338553,5361999,107.235188114551,3.10070289089865,0.498550713214508,0.523,72.2536585365854,,48100.0
SVK,Slovak Republic,Europe & Central Asia,1996,8212.83193942756,5373361,110.817704215698,2.93418881478054,0.489853876392068,0.783,72.6536585365854,,48100.0
SVK,Slovak Republic,Europe & Central Asia,1997,8647.39434311517,5383291,117.288133745109,2.26783995445767,0.378012958126354,1.17,72.7048780487805,,48100.0
SVK,Slovak Republic,Europe & Central Asia,1998,8966.21926231252,5390516,101.906217751394,1.7353509879857,0.330940623478682,2.69,72.5512195121951,,48100.0
SVK,Slovak Republic,Europe & Central Asia,1999,8914.68326467255,5396020,97.530252180251,1.56985344586326,0.356253003675616,5.44,72.9024390243902,,48100.0
SVK,Slovak Republic,Europe & Central Asia,2000,8997.21199594319,5388720,108.939262958746,1.65370432455852,0.404812702829579,9.42680320061637,73.0512195121951,,48100.0
SVK,Slovak Republic,Europe & Central Asia,2001,9277.35808851002,5378867,121.931131222912,1.84333774482959,0.359441674513417,12.5283218484637,73.4024390243903,,48100.0
SVK,Slovak Republic,Europe & Central Asia,2002,9690.68468262889,5376912,120.599168045888,1.77638869541757,0.257190615969929,40.14,73.6048780487805,,48100.0
SVK,Slovak Republic,Europe & Central Asia,2003,10168.02256533,5373374,125.998506220804,1.84975289310525,0.256611358525381,43.04,73.6048780487805,,48110.0
SVK,Slovak Republic,Europe & Central Asia,2004,10718.2101858841,5372280,140.222460021585,1.65576883362586,0.300470034071033,52.89,73.9585365853659,,48100.0
SVK,Slovak Republic,Europe & Central Asia,2005,11412.1593630008,5372807,148.705461161746,1.68609625574848,0.320443991598652,55.19,73.9048780487805,,48100.0
SVK,Slovak Republic,Europe & Central Asia,2006,12430.2015488557,5373054,164.992205726236,1.594347802785,0.295365970628096,56.08,74.2048780487805,,48100.0
SVK,Slovak Republic,Europe & Central Asia,2007,13770.9602691527,5374622,166.580025216882,1.47798320217802,0.320032290067116,61.8,74.2073170731707,,48100.0
SVK,Slovak Republic,Europe & Central Asia,2008,14497.1114407172,5379233,162.464472991641,1.46010645649302,0.384452093508407,66.05,74.7048780487805,,48100.0
SVK,Slovak Republic,Europe & Central Asia,2009,13680.7537106597,5386406,136.714352092364,1.51744260464589,0.269772306103852,70.0,74.909756097561,,48090.0
SVK,Slovak Republic,Europe & Central Asia,2010,14596.1477776887,5391428,155.108497681586,1.24987774042242,0.337208259001387,75.71,75.1121951219512,,48091.0
SVK,Slovak Republic,Europe & Central Asia,2011,14950.8735178599,5398384,169.178076311066,1.06939130819127,0.359867998454853,74.4399971746757,75.9585365853659,,48088.0
SVK,Slovak Republic,Europe & Central Asia,2012,15159.6570420004,5407579,176.968958181431,1.0769371641209,0.325157520045924,76.7099901181121,76.109756097561,,48088.0
SVK,Slovak Republic,Europe & Central Asia,2013,15249.8824513785,5413393,180.903136491458,0.976653153261356,0.296934539699268,77.8826,76.4121951219512,,48088.0
SVK,Slovak Republic,Europe & Central Asia,2014,15647.6491763517,5418649,176.756316098132,0.982206647396956,0.288569282906269,79.9843017656729,76.8121951219512,,48080.0
SVK,Slovak Republic,Europe & Central Asia,2015,16442.0760860018,5423801,179.42602289503,1.10604733307789,0.26302479249352,77.6346820339875,76.5634146341463,,48082.0
SVK,Slovak Republic,Europe & Central Asia,2016,16740.7413996428,5430798,182.757379596201,1.11122582751499,0.261669771629207,80.475857275668,77.1658536585366,,48080.0
SVK,Slovak Republic,Europe & Central Asia,2017,17195.2888721963,5439232,186.644687399549,1.10051309804795,0.333116894336664,81.6256675172655,77.1658536585366,,48080.0
SVK,Slovak Republic,Europe & Central Asia,2018,17869.0149173679,5446771,188.732964699496,1.21627211246117,0.289202597240663,80.4489224826099,77.2658536585366,,48080.0
SVK,Slovak Republic,Europe & Central Asia,2019,18250.9802475637,5454147,183.722608631236,1.702848063096,0.251989434209045,82.8536605021784,77.6658536585366,,48080.0
SVK,Slovak Republic,Europe & Central Asia,2020,17763.8563847352,5458827,167.534173320366,1.9041442947824,0.219233025168727,89.92090413,76.8658536585366,,48080.0
SVK,Slovak Republic,Europe & Central Asia,2021,18808.4540496595,5447247,181.97948448512,1.71243604796751,0.226150293544136,88.92560523,74.6146341463415,,48080.0
SVN,Slovenia,Europe & Central Asia,1995,13278.7428559643,1989872,93.0505272972723,1.56609458436673,0.194232755918525,2.9,73.9585365853659,0.244671577740796,20140.0
SVN,Slovenia,Europe & Central Asia,1996,13674.183297426,1988628,93.6684415177777,1.53702782548185,0.193183540777698,5.07,74.4585365853658,0.381841504670418,20140.0
SVN,Slovenia,Europe & Central Asia,1997,14400.670888341,1985956,96.4295395033677,1.40287074092784,0.183659778680949,7.59,74.7073170731707,0.466371017980424,20140.0
SVN,Slovenia,Europe & Central Asia,1998,14874.2904782546,1981629,97.068081542623,1.36530877958536,0.136929271401127,10.1,74.8073170731708,0.180522303674694,20140.0
SVN,Slovenia,Europe & Central Asia,1999,15646.6885879812,1983045,92.9581874247278,1.21560860247362,0.131329520324845,12.6,75.009756097561,0.13744786953403,20140.0
SVN,Slovenia,Europe & Central Asia,2000,16146.1216848394,1988925,104.620348581459,1.1030903407362,0.165849101778217,15.1102595640388,75.4121951219512,0.302387736698922,20140.0
SVN,Slovenia,Europe & Central Asia,2001,16576.7158840406,1992060,105.583223530684,1.31347656232859,0.199306385689207,30.1759104700854,75.7585365853659,0.607985134084902,20140.0
SVN,Slovenia,Europe & Central Asia,2002,17099.658209132,1994530,104.880458289416,1.4084785163184,0.13744231201025,27.8388854180687,76.0073170731707,0.2292973505221,20140.0
SVN,Slovenia,Europe & Central Asia,2003,17635.3608581831,1995733,103.280027127626,1.41990505481164,0.144377050092285,31.8547930120441,76.8585365853659,,20140.0
SVN,Slovenia,Europe & Central Asia,2004,18425.2601213581,1997012,112.399933466762,1.44379021070681,0.234121034135071,40.81,77.2073170731707,,20140.0
SVN,Slovenia,Europe & Central Asia,2005,19102.2776603905,2000474,121.127284217914,1.43040814614095,0.184333376963884,46.81,77.6121951219512,,20140.0
SVN,Slovenia,Europe & Central Asia,2006,20166.5323431214,2006868,130.517913086158,1.55085054600912,0.211639433767345,54.01,78.0865853658537,,20140.0
SVN,Slovenia,Europe & Central Asia,2007,21485.780992381,2018122,137.66309435102,1.44855400639896,0.231396138446941,56.74,78.5609756097561,,20140.0
SVN,Slovenia,Europe & Central Asia,2008,22175.2369557321,2021316,135.387093664802,1.50018334060673,0.393053204516194,58.0,78.7658536585366,,20146.2
SVN,Slovenia,Europe & Central Asia,2009,20307.6188322273,2039669,114.482301023638,1.60495226217918,0.206333476418366,64.0,78.9707317073171,,20145.8
SVN,Slovenia,Europe & Central Asia,2010,20444.1201295876,2048583,128.606575425363,1.61704968465109,0.300599361470026,70.0,79.4219512195122,,20146.2
SVN,Slovenia,Europe & Central Asia,2011,20535.4155754108,2052843,140.332355750319,1.30187924610493,0.35989971304657,67.3399948092396,79.9707317073171,,20146.0
SVN,Slovenia,Europe & Central Asia,2012,19894.8697964548,2057159,143.656448572975,1.17717193840362,0.252704524589708,68.3499745287825,80.1243902439024,,20145.7
SVN,Slovenia,Europe & Central Asia,2013,19704.2186005128,2059953,145.168789432403,1.05894724003693,0.206400677505941,72.6756,80.3219512195122,,20140.0
SVN,Slovenia,Europe & Central Asia,2014,20228.7081986391,2061980,146.471705096746,0.983232647144707,0.264570914876485,71.5862515855601,81.0780487804878,,20140.0
SVN,Slovenia,Europe & Central Asia,2015,20697.2748530619,2063531,147.218367714503,0.938787933833639,0.263848700764214,73.0986599745829,80.7756097560976,,20142.6
SVN,Slovenia,Europe & Central Asia,2016,21309.7122138949,2065042,148.238448080388,1.01508115640424,0.261246243560769,75.4985042610791,81.1756097560976,,20142.0
SVN,Slovenia,Europe & Central Asia,2017,22397.7634988337,2066388,158.70213584467,0.990668071759246,0.268545994107094,78.8854263554775,81.0292682926829,,20138.1
SVN,Slovenia,Europe & Central Asia,2018,23293.966665323,2073894,162.613493975851,0.986759717956076,0.261790471547443,79.7499765956562,81.3780487804878,,20136.4
SVN,Slovenia,Europe & Central Asia,2019,23943.1800949889,2088385,160.044275685249,1.06257823971417,0.23437135303998,83.1083578026717,81.5292682926829,,20136.4
SVN,Slovenia,Europe & Central Asia,2020,22811.8050540778,2102419,147.549008584942,1.0654982010929,0.214171558575469,86.60130109,80.5317073170732,,20136.4
SVN,Slovenia,Europe & Central Asia,2021,24665.4410464026,2108079,161.788727511439,1.23984465824347,0.189323915465621,89.00399524,80.6756097560976,,20136.4
SWE,Sweden,Europe & Central Asia,1995,35064.4138802129,8826939,68.6810841853675,1.74250521093618,0.39523491032722,5.1,78.7404878048781,,407339.7
SWE,Sweden,Europe & Central Asia,1996,35605.4537507466,8840998,66.506522070023,1.47343176529016,0.304507220475052,9.04,78.9590243902439,,407339.7
SWE,Sweden,Europe & Central Asia,1997,36675.7506543343,8846062,71.9948985844646,1.89568067997443,0.352089818196316,23.7,79.1975609756098,,407339.7
SWE,Sweden,Europe & Central Asia,1998,38211.7233090832,8850974,74.3347541033848,1.85898135400003,0.339398189675043,33.5,79.3390243902439,,407339.7
SWE,Sweden,Europe & Central Asia,1999,39786.0271902555,8857874,74.8479171666973,1.85215824084675,0.271024961238607,41.4,79.4414634146342,,407339.7
SWE,Sweden,Europe & Central Asia,2000,41561.7747635857,8872109,81.4721590850121,1.81219616487946,0.313367613234087,45.6876522122282,79.6439024390244,,407339.7
SWE,Sweden,Europe & Central Asia,2001,42014.4022302506,8895960,80.5691828117714,1.76644912426107,0.322643494072171,51.7656649372808,79.7951219512195,,407339.7
SWE,Sweden,Europe & Central Asia,2002,42831.7584103774,8924958,77.0853186972402,1.62865223371684,0.321564907171153,70.57,79.8463414634146,,407339.7
SWE,Sweden,Europe & Central Asia,2003,43475.3655433221,8958229,75.3282174864238,1.58816297928906,0.263508968727942,79.13,80.0951219512195,,407339.7
SWE,Sweden,Europe & Central Asia,2004,45114.6701230708,8993531,78.7358819187356,1.43407694057924,0.238576047242459,83.89,80.4975609756098,,407339.7
SWE,Sweden,Europe & Central Asia,2005,46189.6828420555,9029572,84.167923018031,1.4088832755238,0.436646674359194,84.83,80.5463414634146,,407339.7
SWE,Sweden,Europe & Central Asia,2006,48078.3520110084,9080505,88.3302608918239,1.31996199535912,0.441406275820555,87.76,80.7487804878049,,407339.7
SWE,Sweden,Europe & Central Asia,2007,49262.152916545,9148092,89.5469236610223,1.30317126242131,0.649093880537934,82.01,80.9,,407339.7
SWE,Sweden,Europe & Central Asia,2008,48428.6587081751,9219637,92.8083687095596,1.17073406588482,0.653208439558389,90.0,81.1,,407339.7
SWE,Sweden,Europe & Central Asia,2009,45974.3911151254,9298515,81.958313967393,1.1657412674695,0.34427300932069,91.0,81.3512195121951,,407339.7
SWE,Sweden,Europe & Central Asia,2010,48205.5492512742,9378126,85.0914849272733,1.19449893581106,1.41416853353088,90.0,81.4512195121951,,407339.7
SWE,Sweden,Europe & Central Asia,2011,49356.5905257047,9449213,86.3907448060188,1.10855139297702,1.6957695570353,92.7699860554046,81.8024390243903,,407339.7
SWE,Sweden,Europe & Central Asia,2012,48789.7906883637,9519374,85.2980605424359,1.13574610579856,1.06629092584269,93.1799880065108,81.7048780487805,,407339.7
SWE,Sweden,Europe & Central Asia,2013,48928.4994141291,9600379,81.6402521329964,1.11768901606678,1.00193412946544,94.7836,81.9560975609756,,407339.7
SWE,Sweden,Europe & Central Asia,2014,49557.6183647959,9696110,83.8229810483527,1.1347022453612,0.908726777199877,92.5236065037579,82.2536585365854,,407339.7
SWE,Sweden,Europe & Central Asia,2015,51188.1652120493,9799186,84.1730765958171,1.07374144708625,0.488159781498559,90.6101966398616,82.2048780487805,,407310.64
SWE,Sweden,Europe & Central Asia,2016,51626.3235312369,9923085,83.4519478574149,1.05595798245271,0.722466863316197,89.6509476102355,82.3073170731707,,407310.64
SWE,Sweden,Europe & Central Asia,2017,51894.3748177808,10057698,86.0693088740521,1.0325978685581,1.04602397797532,93.0062669652127,82.409756097561,,407310.64
SWE,Sweden,Europe & Central Asia,2018,52203.0872589761,10175214,90.4087142361701,1.04000297143706,1.06109616438888,89.2469631588137,82.5585365853659,,407310.64
SWE,Sweden,Europe & Central Asia,2019,53024.4099494317,10278887,92.7511390290561,1.09692312001944,0.404780111504663,94.4934434072202,83.109756097561,,407280.0
SWE,Sweden,Europe & Central Asia,2020,51624.5811789573,10353442,84.4745958141618,1.15009466283262,0.370599691340783,94.53943122,82.3560975609756,,407280.0
SWE,Sweden,Europe & Central Asia,2021,53997.1337068799,10415811,91.1102374413042,1.18992635880485,1.20827979934218,94.6703163,83.0560975609756,,407280.0
SWZ,Eswatini,Sub-Saharan Africa ,1995,2119.58163612274,970433,,1.69333926177873,4.1186163619443,0.00103,55.08,3.24523306402637,17200.0
SWZ,Eswatini,Sub-Saharan Africa ,1996,2157.86134438392,989841,,1.65257773101622,4.44658303431243,0.0504,53.296,1.90509945410372,17200.0
SWZ,Eswatini,Sub-Saharan Africa ,1997,2187.69829843414,1006635,,1.49483917047487,3.8630347045267,0.0885,51.699,1.53318179656172,17200.0
SWZ,Eswatini,Sub-Saharan Africa ,1998,2216.00896777397,1019653,,1.64720895062658,4.11892279507686,0.0961,50.066,2.13965852923939,17200.0
SWZ,Eswatini,Sub-Saharan Africa ,1999,2256.76912984402,1030782,,1.68450591336061,3.24174582656197,0.471,48.808,1.78207788765393,17200.0
SWZ,Eswatini,Sub-Saharan Africa ,2000,2273.04683761056,1041414,,1.46023215821152,2.96474122584246,0.926191777269401,47.627,0.758631085106841,17200.0
SWZ,Eswatini,Sub-Saharan Africa ,2001,2283.98316815361,1051064,,1.25574840528112,3.46238536598299,1.28159005046719,46.344,1.81625872705011,17200.0
SWZ,Eswatini,Sub-Saharan Africa ,2002,2358.56935643468,1059441,,1.39355489870954,4.47317674745905,1.81620380712642,45.38,1.58628220432723,17200.0
SWZ,Eswatini,Sub-Saharan Africa ,2003,2448.83792077995,1066700,,1.47739784683142,2.85629396804877,2.43707385055863,44.632,1.62212045946113,17200.0
SWZ,Eswatini,Sub-Saharan Africa ,2004,2522.14342097167,1073159,,1.57952007330623,2.36992798917747,3.22868507316111,43.906,0.807945622989376,17200.0
SWZ,Eswatini,Sub-Saharan Africa ,2005,2658.75180508187,1079022,,2.03322402021397,2.05352202116111,3.697000027,43.958,1.42572327026492,17200.0
SWZ,Eswatini,Sub-Saharan Africa ,2006,2823.48728215402,1084436,,1.67289344815941,2.01403860027349,3.69653878906882,44.563,1.07701092079134,17200.0
SWZ,Eswatini,Sub-Saharan Africa ,2007,2928.46845823015,1090705,,1.64441175361171,2.65465043431262,4.1,45.16,1.47629177933328,17200.0
SWZ,Eswatini,Sub-Saharan Africa ,2008,2950.67334362132,1098091,,1.99882032667877,3.77519043420084,6.85,45.853,2.16710531794129,17200.0
SWZ,Eswatini,Sub-Saharan Africa ,2009,2973.83456912379,1105153,,2.09112187510159,2.67177186311795,8.94,46.913,1.61662016055687,17200.0
SWZ,Eswatini,Sub-Saharan Africa ,2010,3069.52175725884,1111650,,2.36677016665611,2.3895930131961,11.04,48.331,2.17749701669042,17200.0
SWZ,Eswatini,Sub-Saharan Africa ,2011,3108.70225253092,1117833,,2.21867209215692,2.64276236861755,18.13,49.057,2.80080014510547,17200.0
SWZ,Eswatini,Sub-Saharan Africa ,2012,3218.50138205493,1123863,,1.91455696202532,4.18067033297096,20.78179932,50.714,2.02185068657753,17200.0
SWZ,Eswatini,Sub-Saharan Africa ,2013,3332.11983927912,1129990,85.2034551274939,1.95189144736842,4.50064467722075,24.70000076,52.11,2.76120618316915,17200.0
SWZ,Eswatini,Sub-Saharan Africa ,2014,3381.79292071291,1136299,91.6200186943398,1.82286935337352,3.43977917921013,25.0,53.491,2.10772434126083,17200.0
SWZ,Eswatini,Sub-Saharan Africa ,2015,3419.82276559528,1142813,88.2620944023684,1.74960240174858,3.40740844429257,25.64299965,54.941,2.47086745157571,17200.0
SWZ,Eswatini,Sub-Saharan Africa ,2016,3500.17688847942,1149507,89.3584874439935,2.07382569653681,4.60471033148777,28.56999969,56.228,4.19767596613852,17200.0
SWZ,Eswatini,Sub-Saharan Africa ,2017,3596.23605400492,1158195,86.8801420302976,1.92445503522586,4.03940046980401,35.33160019,57.574,3.54192794324578,17200.0
SWZ,Eswatini,Sub-Saharan Africa ,2018,3565.54285067501,1168929,85.4927768173538,2.09604400864986,3.14380015317315,39.38100052,58.707,2.80575012282922,17200.0
SWZ,Eswatini,Sub-Saharan Africa ,2019,3759.67106964666,1179874,86.6407948477595,1.89047734248605,3.2760764754406,43.93389893,59.85,1.73091861357093,17200.0
SWZ,Eswatini,Sub-Saharan Africa ,2020,3609.3669136859,1192729,84.0140188426878,1.85505471294042,3.38164464300091,49.01300049,59.862,2.84060517779019,17200.0
SWZ,Eswatini,Sub-Saharan Africa ,2021,3719.03838239806,1206593,89.9313874866569,1.67850436407438,2.99915237990705,53.99530029,58.228,2.83658692951377,17200.0
SXM,Sint Maarten (Dutch part),Latin America & Caribbean ,1995,,31772,,,,,72.849,,
SXM,Sint Maarten (Dutch part),Latin America & Caribbean ,1996,,31598,,,,,73.188,,
SXM,Sint Maarten (Dutch part),Latin America & Caribbean ,1997,,31404,,,,,73.551,,
SXM,Sint Maarten (Dutch part),Latin America & Caribbean ,1998,,31193,,,,,73.9,,
SXM,Sint Maarten (Dutch part),Latin America & Caribbean ,1999,,30977,,,,,74.222,,
SXM,Sint Maarten (Dutch part),Latin America & Caribbean ,2000,,30773,,,,,74.409,,
SXM,Sint Maarten (Dutch part),Latin America & Caribbean ,2001,,30726,,,,,74.525,,
SXM,Sint Maarten (Dutch part),Latin America & Caribbean ,2002,,30960,,,,,74.585,,
SXM,Sint Maarten (Dutch part),Latin America & Caribbean ,2003,,31327,,,,,74.588,,
SXM,Sint Maarten (Dutch part),Latin America & Caribbean ,2004,,31690,,,,,74.618,,
SXM,Sint Maarten (Dutch part),Latin America & Caribbean ,2005,,32057,,,,,74.681,,
SXM,Sint Maarten (Dutch part),Latin America & Caribbean ,2006,,32428,,,,,74.779,,
SXM,Sint Maarten (Dutch part),Latin America & Caribbean ,2007,,32791,,,,,74.812,,
SXM,Sint Maarten (Dutch part),Latin America & Caribbean ,2008,,33145,,,,,74.852,,
SXM,Sint Maarten (Dutch part),Latin America & Caribbean ,2009,37548.9474627441,33491,,,,,74.796,,
SXM,Sint Maarten (Dutch part),Latin America & Caribbean ,2010,38403.0705201664,33794,,,,,74.821,,
SXM,Sint Maarten (Dutch part),Latin America & Caribbean ,2011,39615.1371367338,34267,,,0.0,,74.868,,34.0
SXM,Sint Maarten (Dutch part),Latin America & Caribbean ,2012,39298.9873567827,35023,,,0.0,,75.125,,34.0
SXM,Sint Maarten (Dutch part),Latin America & Caribbean ,2013,38889.7715088035,35854,,,0.0,,75.391,,34.0
SXM,Sint Maarten (Dutch part),Latin America & Caribbean ,2014,38623.1999405819,36672,,,0.0,,75.735,,34.0
SXM,Sint Maarten (Dutch part),Latin America & Caribbean ,2015,37839.6283815163,37471,,,0.0,,75.899,,34.0
SXM,Sint Maarten (Dutch part),Latin America & Caribbean ,2016,37428.7027557069,38249,,,0.0,,75.952,,34.0
SXM,Sint Maarten (Dutch part),Latin America & Caribbean ,2017,33945.4185182499,38996,,,0.0,,75.455,,34.0
SXM,Sint Maarten (Dutch part),Latin America & Caribbean ,2018,31047.7241050626,39712,,,0.0,,75.693,,34.0
SXM,Sint Maarten (Dutch part),Latin America & Caribbean ,2019,33877.976645467,40385,,,,,75.68,,34.0
SXM,Sint Maarten (Dutch part),Latin America & Caribbean ,2020,28920.3773007159,41008,,,,,75.002,,34.0
SXM,Sint Maarten (Dutch part),Latin America & Caribbean ,2021,29834.6350068383,41571,,,,,74.505,,34.0
SYC,Seychelles,Sub-Saharan Africa ,1995,9388.81967720743,75304,53.3925777094071,2.28118026283164,0.119075541245383,,72.4829268292683,2.53119353157522,460.0
SYC,Seychelles,Sub-Saharan Africa ,1996,10177.0904671696,76417,98.0553434635995,2.09574851017878,0.111417504052815,0.651,71.5609756097561,3.70228081957245,460.0
SYC,Seychelles,Sub-Saharan Africa ,1997,11284.8459766598,77319,76.647187022948,2.02481003710903,0.08862974332445,1.28,71.2121951219512,2.93081511495051,460.0
SYC,Seychelles,Sub-Saharan Africa ,1998,11339.3481297046,78846,78.9739492859688,1.73291558768129,0.0821548448881146,2.53,71.7463414634146,3.88702632181545,460.0
SYC,Seychelles,Sub-Saharan Africa ,1999,11326.9386083063,80410,88.3643279187233,1.78292544212037,0.0744368313246236,6.23,72.6682926829268,2.08712422546176,460.0
SYC,Seychelles,Sub-Saharan Africa ,2000,11703.7535246117,81131,151.302447835167,1.67933282099451,0.106839697103305,7.39562918315276,72.7780487804878,3.7905305374671,460.0
SYC,Seychelles,Sub-Saharan Africa ,2001,11427.9413083015,81202,179.884914877473,1.77826552168784,0.100866292801415,11.0151029300174,73.2536585365854,2.0806293454055,460.0
SYC,Seychelles,Sub-Saharan Africa ,2002,11218.2606464315,83723,156.9298895573,1.67737547090833,0.104835241294799,14.3041708309972,71.0878048780488,8.59369474038363,460.0
SYC,Seychelles,Sub-Saharan Africa ,2003,10677.9692081272,82781,168.844235034216,1.73431637499016,0.118386036607082,14.5925043169492,71.0292682926829,1.32621623063396,460.0
SYC,Seychelles,Sub-Saharan Africa ,2004,10412.0868936027,82475,149.54093675029,1.89764022742369,0.0655728027215241,24.2721392249906,72.6609756097561,1.17762866173969,460.0
SYC,Seychelles,Sub-Saharan Africa ,2005,11297.3118190493,82858,171.101735954764,1.60235235107661,0.0909496426772842,25.4132681462836,72.1317073170732,1.74100086698992,460.0
SYC,Seychelles,Sub-Saharan Africa ,2006,12105.4475265558,84600,177.56693551462,1.41343002330889,0.102807711673663,34.95197117065,72.2170731707317,1.25542857003324,460.0
SYC,Seychelles,Sub-Saharan Africa ,2007,13112.8210098816,85033,174.928462798259,1.46828358935559,0.108712512691565,38.38,73.1439024390244,0.604346896449528,460.0
SYC,Seychelles,Sub-Saharan Africa ,2008,12473.2921769121,86956,208.842968505327,1.15019319695979,0.178453829903448,40.44,73.1634146341463,0.831349884463947,460.0
SYC,Seychelles,Sub-Saharan Africa ,2009,12116.3783687977,87298,221.933825358009,1.02087833561425,0.160955511131527,,73.0829268292683,2.91046012139611,460.0
SYC,Seychelles,Sub-Saharan Africa ,2010,12313.5566919249,89770,198.162692424328,0.737915363270446,0.146953956678162,41.0,73.1975609756098,3.83082249245554,460.0
SYC,Seychelles,Sub-Saharan Africa ,2011,13843.7116081878,87441,210.075382747992,0.855504063317464,0.149780680938161,43.16400146,72.7243902439024,2.30596655759479,460.0
SYC,Seychelles,Sub-Saharan Africa ,2012,14135.0010570653,88303,222.178254853141,0.936679584641367,0.1644793129234,47.07600021,74.2756097560976,3.19879230817889,460.0
SYC,Seychelles,Sub-Saharan Africa ,2013,14050.3135581314,89949,196.517733268793,1.03655893266994,0.136887236537623,50.40000153,73.119512195122,2.19212480230455,460.0
SYC,Seychelles,Sub-Saharan Africa ,2014,14395.6158118771,91359,213.354469426486,2.22757343262158,0.122451367247677,51.25469971,73.2292682926829,0.923416193399686,460.0
SYC,Seychelles,Sub-Saharan Africa ,2015,15333.1051727105,93419,187.475012467679,1.26370471979916,0.100073979606541,54.25960159,74.2951219512195,0.502683940305945,460.0
SYC,Seychelles,Sub-Saharan Africa ,2016,16962.6753972731,94677,180.866188390939,1.39771684213413,0.0990332020466637,56.51470184,74.309756097561,0.397340299992192,460.0
SYC,Seychelles,Sub-Saharan Africa ,2017,17921.5731976918,95843,197.442236417869,1.32734497333997,0.11671286310133,62.55310059,74.3,1.03692016576786,460.0
SYC,Seychelles,Sub-Saharan Africa ,2018,18628.1862276696,96762,185.7075372109,1.20539204484215,0.121453194976473,69.23660278,72.8414634146341,,460.0
SYC,Seychelles,Sub-Saharan Africa ,2019,19481.6461053742,97625,173.407846880196,1.1603964906236,0.0974947166802459,76.63420105,74.0463414634146,,460.0
SYC,Seychelles,Sub-Saharan Africa ,2020,17048.361729788,98462,153.48333156592,1.36712279790406,0.13148617576909,79.25170135,77.2365853658537,,460.0
SYC,Seychelles,Sub-Saharan Africa ,2021,17005.0422063679,99258,183.77081501466,2.46023265148376,0.120645132507182,81.99530029,73.3975609756097,,460.0
SYR,Syrian Arab Republic,"Middle East, North Africa, Afghanistan & Pakistan",1995,1188.1740389135,14616801,68.9765751565305,6.94969131748325,6.06788933260159,0.0,70.209,3.29209874682825,183780.0
SYR,Syrian Arab Republic,"Middle East, North Africa, Afghanistan & Pakistan",1996,1270.04979705395,15018104,69.9141790558683,6.04191605498678,6.02905380947082,0.0,70.156,1.68166289774661,183780.0
SYR,Syrian Arab Republic,"Middle East, North Africa, Afghanistan & Pakistan",1997,1299.29708277572,15417542,66.2229786914424,5.88275531842123,5.04580136221127,0.0326,70.158,1.5383856329457,183780.0
SYR,Syrian Arab Republic,"Middle East, North Africa, Afghanistan & Pakistan",1998,1352.12635287652,15820413,61.424844770787,5.80838111238747,3.10750320061054,0.0637,70.237,1.13703901975319,183780.0
SYR,Syrian Arab Republic,"Middle East, North Africa, Afghanistan & Pakistan",1999,1271.32082241485,16228061,64.3084049166638,5.81058049645217,4.48504926571727,0.124,70.507,1.61066371044835,183780.0
SYR,Syrian Arab Republic,"Middle East, North Africa, Afghanistan & Pakistan",2000,1248.38345857564,16637888,65.2850582895397,5.45365642119423,6.45786585558319,0.181698580104333,70.856,0.928388791974155,183780.0
SYR,Syrian Arab Republic,"Middle East, North Africa, Afghanistan & Pakistan",2001,1264.321407912,17051338,67.899683665793,5.48055046775797,5.22698243829877,0.353759130007247,71.296,0.835490334205585,183780.0
SYR,Syrian Arab Republic,"Middle East, North Africa, Afghanistan & Pakistan",2002,1331.12579353123,17468332,71.2388878454941,5.41250122273305,5.48864248955815,2.09310101861765,71.742,0.330053915420351,183780.0
SYR,Syrian Arab Republic,"Middle East, North Africa, Afghanistan & Pakistan",2003,1307.48124980131,17889296,61.5469905405418,6.24832427198928,5.8103150487949,3.39797261356623,72.188,0.593994922187153,183590.0
SYR,Syrian Arab Republic,"Middle East, North Africa, Afghanistan & Pakistan",2004,1363.6138135409,18336875,78.1150532903158,5.54183867581242,4.83903739957955,4.32159377785571,72.494,0.459434539962709,183570.0
SYR,Syrian Arab Republic,"Middle East, North Africa, Afghanistan & Pakistan",2005,1411.6316668592,18814091,80.1330802847908,5.02641990387935,5.53488198706116,5.648099899,72.797,0.269512340773793,183570.0
SYR,Syrian Arab Republic,"Middle East, North Africa, Afghanistan & Pakistan",2006,1420.72014052107,19637022,74.2051735962788,4.39444682311126,5.40934294961658,7.832600117,73.04,0.0633624876734792,183630.0
SYR,Syrian Arab Republic,"Middle East, North Africa, Afghanistan & Pakistan",2007,1411.68909698729,20884125,76.3793296606986,4.10054365333056,4.80807293077512,11.5,73.256,0.22071471338263,183640.0
SYR,Syrian Arab Republic,"Middle East, North Africa, Afghanistan & Pakistan",2008,1423.59407304833,21636564,74.2279603412154,3.5523398057458,5.63988552760689,14.0,73.368,0.319692105376785,183640.0
SYR,Syrian Arab Republic,"Middle East, North Africa, Afghanistan & Pakistan",2009,1484.40718049155,21976969,59.9438413962102,4.02770775856936,3.3008620480675,17.3,73.496,0.399709284581413,183640.0
SYR,Syrian Arab Republic,"Middle East, North Africa, Afghanistan & Pakistan",2010,1526.36518590261,22482421,64.0101621944449,4.05614173609585,4.10943264371734,20.7,73.542,0.303248460869569,183630.0
SYR,Syrian Arab Republic,"Middle East, North Africa, Afghanistan & Pakistan",2011,1542.71903961106,22878098,50.6960903036998,,20.3536054160127,22.5,72.259,0.532773220491725,183630.0
SYR,Syrian Arab Republic,"Middle East, North Africa, Afghanistan & Pakistan",2012,1142.29215064994,22759763,35.3686903315942,,15.2359708811944,24.30010033,66.206,4.02782714919072,183630.0
SYR,Syrian Arab Republic,"Middle East, North Africa, Afghanistan & Pakistan",2013,884.328816905262,21666917,44.705254783599,,10.4697183432435,26.20000076,65.146,17.7968719040355,183630.0
SYR,Syrian Arab Republic,"Middle East, North Africa, Afghanistan & Pakistan",2014,847.658909813856,20273659,54.2644225207985,,5.74137102637288,28.09000015,65.492,20.1860048241125,183630.0
SYR,Syrian Arab Republic,"Middle East, North Africa, Afghanistan & Pakistan",2015,847.731545352582,19424618,51.0862130409438,,3.61325134885599,29.97979927,63.265,31.050383560241,183630.0
SYR,Syrian Arab Republic,"Middle East, North Africa, Afghanistan & Pakistan",2016,802.968607901263,19193834,67.1119407366416,,3.17208654310089,31.8696003,65.19,73.361144091979,183630.0
SYR,Syrian Arab Republic,"Middle East, North Africa, Afghanistan & Pakistan",2017,795.881817153216,19224668,61.0508545098696,,3.11485462954234,32.70000076,65.651,66.021617679082,183630.0
SYR,Syrian Arab Republic,"Middle East, North Africa, Afghanistan & Pakistan",2018,792.412864720441,19577845,50.6591076441391,,3.35036111849182,33.77000046,67.371,48.2449365908923,183630.0
SYR,Syrian Arab Republic,"Middle East, North Africa, Afghanistan & Pakistan",2019,771.517948289192,20353534,41.9994681765976,,3.76931985084524,,70.97,46.6112858389086,183630.0
SYR,Syrian Arab Republic,"Middle East, North Africa, Afghanistan & Pakistan",2020,753.135305709477,21049429,43.1916195452227,,6.37482598047532,,71.944,83.6397766201111,183630.0
SYR,Syrian Arab Republic,"Middle East, North Africa, Afghanistan & Pakistan",2021,746.077458768389,21628839,59.002012246256,,,,72.418,67.4382643883819,183630.0
TCA,Turks and Caicos Islands,Latin America & Caribbean ,1995,,15052,,,,,71.948,,950.0
TCA,Turks and Caicos Islands,Latin America & Caribbean ,1996,,15765,,,,,72.328,,950.0
TCA,Turks and Caicos Islands,Latin America & Caribbean ,1997,,16482,,,,,72.713,,950.0
TCA,Turks and Caicos Islands,Latin America & Caribbean ,1998,,17212,,,,,73.113,,950.0
TCA,Turks and Caicos Islands,Latin America & Caribbean ,1999,,17959,,,,,73.531,,950.0
TCA,Turks and Caicos Islands,Latin America & Caribbean ,2000,,18730,,,,,73.972,,950.0
TCA,Turks and Caicos Islands,Latin America & Caribbean ,2001,,19576,,,0.0019501757884643,,74.409,,950.0
TCA,Turks and Caicos Islands,Latin America & Caribbean ,2002,,20597,,,0.0017774404590904,,74.843,,950.0
TCA,Turks and Caicos Islands,Latin America & Caribbean ,2003,,21727,,,0.0017636985953662,,75.262,,950.0
TCA,Turks and Caicos Islands,Latin America & Caribbean ,2004,,22856,,,0.0016077428210628,,75.63,,950.0
TCA,Turks and Caicos Islands,Latin America & Caribbean ,2005,,23988,,,0.0013726335142143,,75.954,,950.0
TCA,Turks and Caicos Islands,Latin America & Caribbean ,2006,,25123,,,0.0016518949216197,,76.197,,950.0
TCA,Turks and Caicos Islands,Latin America & Caribbean ,2007,37466.1822614725,26270,,,0.0016609916101474,,76.427,,950.0
TCA,Turks and Caicos Islands,Latin America & Caribbean ,2008,38854.1075698814,27427,,,0.0016509205822626,,76.084,,950.0
TCA,Turks and Caicos Islands,Latin America & Caribbean ,2009,29988.5997375172,28588,,,0.0019241212354845,,76.672,,950.0
TCA,Turks and Caicos Islands,Latin America & Caribbean ,2010,29111.8729223189,29739,,,0.0047019001758573,,76.784,,950.0
TCA,Turks and Caicos Islands,Latin America & Caribbean ,2011,29363.9475927366,30846,,,0.0038713623215308,,76.87,,950.0
TCA,Turks and Caicos Islands,Latin America & Caribbean ,2012,27441.3335987017,32127,,,0.0038898876095343,,76.969,,950.0
TCA,Turks and Caicos Islands,Latin America & Caribbean ,2013,26477.5410719582,33653,,,0.0051393504759319,,77.1,,950.0
TCA,Turks and Caicos Islands,Latin America & Caribbean ,2014,27636.8210228067,35050,,,0.005970285101066,,77.212,,950.0
TCA,Turks and Caicos Islands,Latin America & Caribbean ,2015,29457.0140691162,36605,,,0.0041513085128981,,77.321,,950.0
TCA,Turks and Caicos Islands,Latin America & Caribbean ,2016,30183.0002949881,38315,,,0.0052020184345093,,77.437,,950.0
TCA,Turks and Caicos Islands,Latin America & Caribbean ,2017,50586.1032335151,39913,,,0.0044879974728214,,77.505,,950.0
TCA,Turks and Caicos Islands,Latin America & Caribbean ,2018,51863.1830309332,41559,,,0.0027728167415969,,77.596,,950.0
TCA,Turks and Caicos Islands,Latin America & Caribbean ,2019,52419.8862128617,43166,,,0.0023566481015865,,77.691,,950.0
TCA,Turks and Caicos Islands,Latin America & Caribbean ,2020,33739.4253991739,44386,,,0.0041665796951334,,77.499,,950.0
TCA,Turks and Caicos Islands,Latin America & Caribbean ,2021,42907.7492465912,45243,,,0.0032675007747061,,77.234,,950.0
TCD,Chad,Sub-Saharan Africa ,1995,560.331446829175,7089064,55.6965565726313,0.89855575134087,14.2163486584076,,47.453,16.3120755758355,1259200.0
TCD,Chad,Sub-Saharan Africa ,1996,547.925799475536,7410108,46.6100331929446,1.00166734233204,12.7277173769849,,47.551,18.5193861427149,1259200.0
TCD,Chad,Sub-Saharan Africa ,1997,559.25985583523,7670366,49.313101141288,0.697722260505036,12.4551814464249,0.000658,47.762,14.9176750529465,1259200.0
TCD,Chad,Sub-Saharan Africa ,1998,577.909573477303,7938840,48.0589828951249,0.598524353955962,11.6316656029818,0.00427,47.802,10.0017816059693,1259200.0
TCD,Chad,Sub-Saharan Africa ,1999,554.148900751381,8222705,50.5078677642823,0.885368766386186,9.50402148727577,0.0123,47.934,12.2584019683917,1259200.0
TCD,Chad,Sub-Saharan Africa ,2000,530.600331266396,8512093,51.5711720135652,0.999606076289673,10.5734977135563,0.03570707628555,47.937,9.5790320315673,1259200.0
TCD,Chad,Sub-Saharan Africa ,2001,572.806706826392,8804124,64.3219080406854,0.99371784003006,8.36504776729485,0.0459341343557353,48.306,11.1709224830019,1259200.0
TCD,Chad,Sub-Saharan Africa ,2002,600.171451974963,9116192,126.350807849912,1.11881329019114,8.65186088391704,0.166069664674347,48.36,11.8353132597947,1259200.0
TCD,Chad,Sub-Saharan Africa ,2003,661.55691667897,9487833,83.3789149599315,0.97060058970103,14.3393379007977,0.320308555366775,48.609,11.0306696630692,1259200.0
TCD,Chad,Sub-Saharan Africa ,2004,845.518131165737,9920036,101.768590921564,0.742432609642281,34.9264279168197,0.360920107034467,48.687,8.90985536474583,1259200.0
TCD,Chad,Sub-Saharan Africa ,2005,952.871910087319,10328092,77.577493649797,0.610589376245507,36.3205988355502,0.399257700084004,48.86,5.0640581694482,1259200.0
TCD,Chad,Sub-Saharan Africa ,2006,914.21066458867,10706424,77.0815766029615,2.17784149012173,34.2599109523942,0.581045764229641,48.747,3.42123678473592,1259200.0
TCD,Chad,Sub-Saharan Africa ,2007,920.35281567764,11081660,75.1059962731949,3.24949802660511,33.0605206762299,0.847224520710968,49.21,3.80705392371502,1259200.0
TCD,Chad,Sub-Saharan Africa ,2008,916.08727463451,11476296,69.0677746090641,4.27645851757143,33.9195928441547,1.19,49.503,3.77077728714465,1259200.0
TCD,Chad,Sub-Saharan Africa ,2009,871.485311278207,11893754,64.8597511917067,5.70148439592454,19.3963985864073,1.5,49.828,4.67984496430215,1259200.0
TCD,Chad,Sub-Saharan Africa ,2010,956.953018707396,12312575,63.7311691270791,4.31747390688638,23.7814056347722,1.700000048,50.107,3.6075829648098,1259200.0
TCD,Chad,Sub-Saharan Africa ,2011,965.286963559567,12754997,57.5437561870898,3.75931302180558,28.1688125971144,1.899999976,50.426,2.79586817868355,1259200.0
TCD,Chad,Sub-Saharan Africa ,2012,1016.42152061942,13210998,54.3851887421013,,24.7933556227023,2.099999905,50.765,2.70077208194832,1259200.0
TCD,Chad,Sub-Saharan Africa ,2013,1008.61711428961,13691079,51.5308164549816,4.29488547231355,20.0436304196548,2.5,51.051,2.65913588338369,1259200.0
TCD,Chad,Sub-Saharan Africa ,2014,993.321157706456,14188678,40.8116269859319,2.15784238896733,15.6882203824047,2.900000095,51.141,2.23447112498487,1259200.0
TCD,Chad,Sub-Saharan Africa ,2015,993.990730610869,14647621,48.5114982079885,1.52397076587984,11.9712071081449,3.5,51.32,4.2626310110577,1259200.0
TCD,Chad,Sub-Saharan Africa ,2016,923.565872051196,15114655,43.9580149331537,2.31170355001725,13.110061160108,5.800000191,51.603,4.86328239276989,1259200.0
TCD,Chad,Sub-Saharan Africa ,2017,879.075895464417,15622759,43.2900613852468,1.65961164003921,16.8846139020106,6.351900101,51.875,4.9097667891971,1259200.0
TCD,Chad,Sub-Saharan Africa ,2018,898.834794005046,16156531,46.7384317860183,1.65270267984506,20.9399413766231,6.956299782,52.447,5.77264254457821,1259200.0
TCD,Chad,Sub-Saharan Africa ,2019,917.203710060136,16685223,46.6777247152768,1.57360148213511,19.6499588651766,7.618199825,52.993,4.32350743168364,1259200.0
TCD,Chad,Sub-Saharan Africa ,2020,884.980541934939,17224679,40.6428170621932,2.21192688117357,13.9330901678111,8.343099594,53.082,6.98188710718764,1259200.0
TCD,Chad,Sub-Saharan Africa ,2021,857.52763057976,17828273,43.9465041015895,2.07913556881174,21.3429312625159,9.653699875,53.136,4.35909031354751,1259200.0
TGO,Togo,Sub-Saharan Africa ,1995,687.145176769208,4110450,55.6017737303644,1.85752563400778,12.6268567305943,0.0,53.708,10.5392845847132,54390.0
TGO,Togo,Sub-Saharan Africa ,1996,716.372671266443,4291136,59.4098688003353,,11.2517302304362,0.0109,53.829,7.60624815307516,54390.0
TGO,Togo,Sub-Saharan Africa ,1997,792.111709235126,4438794,53.2069014922318,,10.6753886502018,0.211,53.855,5.99299106111148,54390.0
TGO,Togo,Sub-Saharan Africa ,1998,754.708267677364,4551635,55.737924512227,,10.3801458110484,0.306,53.963,5.79101758037706,54390.0
TGO,Togo,Sub-Saharan Africa ,1999,754.520837025414,4665754,50.108899621779,,6.80166561450354,0.59,54.318,3.26904305243628,54390.0
TGO,Togo,Sub-Saharan Africa ,2000,730.148392769906,4783722,48.8080041114183,,7.14401583181283,0.8,54.587,3.3512788863041,54390.0
TGO,Togo,Sub-Saharan Africa ,2001,718.084179469825,4904144,51.3941520650307,,6.64861942296073,0.9,54.757,2.23303001742668,54390.0
TGO,Togo,Sub-Saharan Africa ,2002,727.322768684689,5027130,51.609565282441,,6.84815672076429,1.0,55.044,2.14033653859319,54390.0
TGO,Togo,Sub-Saharan Africa ,2003,757.076842057466,5154112,55.389978417259,1.36569983895261,9.30157253117212,1.2,55.312,1.68959799229878,54390.0
TGO,Togo,Sub-Saharan Africa ,2004,731.610797958447,5281320,57.8710938708872,1.40604809612512,6.31025984592111,1.5,55.608,2.06326412063306,54390.0
TGO,Togo,Sub-Saharan Africa ,2005,680.485159475257,5413154,61.4542800128481,1.45744020230587,6.87103075962386,1.799999952,55.931,2.59168474504698,54390.0
TGO,Togo,Sub-Saharan Africa ,2006,678.890227390526,5569664,61.6128604620733,,8.39328796217993,2.0,56.154,2.43150425641595,54390.0
TGO,Togo,Sub-Saharan Africa ,2007,650.046681355874,5748443,61.7740721086659,,10.5484843902413,2.200000048,56.395,3.28409842892058,54390.0
TGO,Togo,Sub-Saharan Africa ,2008,654.896723036341,5936138,62.3076674472105,1.72218624355757,15.1545627268664,2.400000095,56.663,7.23397812253565,54390.0
TGO,Togo,Sub-Saharan Africa ,2009,668.669623161752,6130946,62.210419994299,1.63801256321406,14.6752963580582,2.599999905,56.94,10.5153774076447,54390.0
TGO,Togo,Sub-Saharan Africa ,2010,686.014185396121,6325788,66.7974885937104,1.65885798813081,11.3076284343152,3.0,57.24,8.35462242966074,54390.0
TGO,Togo,Sub-Saharan Africa ,2011,706.442158827353,6500582,77.732312664143,1.52606374846498,17.924810571738,3.5,57.624,9.58901263947118,54390.0
TGO,Togo,Sub-Saharan Africa ,2012,733.683602929868,6653718,75.7132085684163,1.62464311756716,20.9936889901917,4.0,57.953,4.52211105280759,54390.0
TGO,Togo,Sub-Saharan Africa ,2013,759.841612443554,6798848,82.1477877564195,1.67620536115859,15.5653200902369,4.5,58.356,3.74264885538888,54390.0
TGO,Togo,Sub-Saharan Africa ,2014,786.587399651446,6937644,70.9156517502517,1.81828886251592,13.3950715961836,5.699999809,58.776,3.27577089750294,54390.0
TGO,Togo,Sub-Saharan Africa ,2015,813.894676975085,7071502,69.1281378813376,1.67442289494562,12.7280087175611,7.119999886,59.23,3.38311172899741,54390.0
TGO,Togo,Sub-Saharan Africa ,2016,832.959515987733,7200884,66.4450409805081,1.36106759176365,9.003109569313,11.31000042,59.677,2.7515700899264,54390.0
TGO,Togo,Sub-Saharan Africa ,2017,851.735728621337,7324386,58.2088602526732,1.39797941282441,7.77733835842081,12.3602249692905,60.145,5.39611738507745,54390.0
TGO,Togo,Sub-Saharan Africa ,2018,876.562800915869,7458206,57.5737388499452,1.46839079223187,4.87362329556752,15.5,60.608,4.77675656828307,54390.0
TGO,Togo,Sub-Saharan Africa ,2019,900.166602437871,7619925,56.3398500747576,2.36248167773665,4.32587635811955,20.72730064,61.061,5.76916765205899,54390.0
TGO,Togo,Sub-Saharan Africa ,2020,899.748802355348,7788054,55.0659513954403,2.16399918335325,4.73168572169493,29.02370071,61.14,7.47384425103709,54390.0
TGO,Togo,Sub-Saharan Africa ,2021,928.301087692897,7936176,56.3775580757321,2.38551286600829,7.86417419787513,30.33839989,61.337,4.11363457117729,54390.0
THA,Thailand,East Asia & Pacific,1995,3614.93244016732,59098232,89.7561749368245,2.2737823729037,0.794698605026913,0.0748,69.757,0.503823181209674,510890.0
THA,Thailand,East Asia & Pacific,1996,3766.86364433088,59920064,84.2741479979753,2.15152508135528,0.884654104500189,0.115,69.94,0.46598647294813,510890.0
THA,Thailand,East Asia & Pacific,1997,3614.60848543994,60724584,95.0517906464755,2.17392250470724,1.1194897221251,0.361,70.362,0.428858204180387,510890.0
THA,Thailand,East Asia & Pacific,1998,3295.36018381294,61522630,100.240473732828,1.85636828124458,1.13200555125819,1.09,70.703,0.640508742205871,510890.0
THA,Thailand,East Asia & Pacific,1999,3403.08737356896,62299043,100.706288704433,1.62379763252113,1.10201089053417,2.43,70.979,0.827412037694016,510890.0
THA,Thailand,East Asia & Pacific,2000,3514.71662970608,63007815,121.297955351472,1.48811161651995,2.03569797727683,3.68904127944164,71.205,0.565511331523491,510890.0
THA,Thailand,East Asia & Pacific,2001,3599.02524877358,63651141,120.267966273533,1.42988520327266,1.94127427905778,5.55632612097332,71.52,0.243178620321182,510890.0
THA,Thailand,East Asia & Pacific,2002,3783.75422073266,64266437,114.969743021067,1.32827955528117,1.74432562114147,7.53125033488567,71.775,0.229823641321821,510890.0
THA,Thailand,East Asia & Pacific,2003,4018.15538187068,64868166,116.692819704865,1.23290567713875,2.29161140202485,9.29902723805965,72.101,-0.64262026934326,510890.0
THA,Thailand,East Asia & Pacific,2004,4232.77157261934,65452047,127.411873720393,1.12835658834693,2.39381750940094,10.6773033237281,72.1,0.0313559660249106,510890.0
THA,Thailand,East Asia & Pacific,2005,4372.25730206261,66017420,137.853866832247,0.986191840708362,2.84717140955297,15.0260043588909,72.894,-0.0910159391248752,510890.0
THA,Thailand,East Asia & Pacific,2006,4551.5250018314,66567687,134.086946191268,0.950123246459469,2.88566054006214,17.1607147169285,73.341,-0.100307247856215,510890.0
THA,Thailand,East Asia & Pacific,2007,4760.66708464831,67102394,129.873226989717,1.01918920071311,2.75732969055044,20.03,73.779,-0.120958244825058,510890.0
THA,Thailand,East Asia & Pacific,2008,4805.76393990836,67619830,140.437011540931,1.25266188719419,3.62309704439162,18.2,74.221,-0.219233287590922,510890.0
THA,Thailand,East Asia & Pacific,2009,4737.45679763314,68121080,119.269418854589,1.54034760915174,2.40093157400913,20.1,74.669,-0.0114163265106956,510890.0
THA,Thailand,East Asia & Pacific,2010,5059.35747831657,68579447,127.250522638251,1.5225558657538,2.73568032123207,22.4,75.012,-0.0063828085589496,510890.0
THA,Thailand,East Asia & Pacific,2011,5070.23740191942,69007208,139.675407224576,1.39063450331731,3.14709998160529,23.669925618731,75.302,-0.0370621023919577,510890.0
THA,Thailand,East Asia & Pacific,2012,5403.87846036273,69436098,137.67493851024,1.38988888346862,2.90571167294829,26.46,75.59,-0.0346318176482192,510890.0
THA,Thailand,East Asia & Pacific,2013,5516.61164164135,69845114,132.462274174269,1.34525091985427,2.61852748014065,28.94,75.96,0.0073181111067813,510890.0
THA,Thailand,East Asia & Pacific,2014,5541.46599361845,70216367,130.905495444398,1.37997604796617,2.8228271736769,34.8860535783465,76.279,0.091751001899181,510890.0
THA,Thailand,East Asia & Pacific,2015,5688.85335397884,70540795,124.839662152526,1.33732679725458,1.93092320697655,39.3161267365004,76.563,0.0154141717261514,510890.0
THA,Thailand,East Asia & Pacific,2016,5857.78052935926,70859841,120.57522728913,1.32516695969445,1.5532188768547,47.5049656215909,76.769,0.0578192906755546,510890.0
THA,Thailand,East Asia & Pacific,2017,6076.74307700082,71160187,120.891427433638,1.33627619959584,1.63215260676224,52.8919293439676,76.989,0.0574019888684555,510890.0
THA,Thailand,East Asia & Pacific,2018,6314.19948412043,71376079,120.841864730984,1.32639351547521,1.81670642609227,56.8174809301456,77.19,-0.0869413910259997,510890.0
THA,Thailand,East Asia & Pacific,2019,6434.53770518034,71522271,109.689514715166,1.32729814008386,1.51242491485513,66.6524194587528,77.197,-0.0667850839888094,510890.0
THA,Thailand,East Asia & Pacific,2020,6032.42244606793,71641484,97.6624419371158,1.46077928107965,1.1095683956846,77.84374066,77.331,0.0406892072425178,510890.0
THA,Thailand,East Asia & Pacific,2021,6119.11018526099,71727332,117.131472183199,1.41836848663438,1.8170265297611,85.26956666,77.606,0.0273472949122472,510890.0
TJK,Tajikistan,Europe & Central Asia,1995,452.904385394465,5948584,137.515902578797,1.09861325115562,0.827377198461063,,61.389,5.50108826974665,139960.0
TJK,Tajikistan,Europe & Central Asia,1996,369.934883507426,6066523,156.670590142672,1.28914100486224,0.911480712324929,,60.806,10.6620369690835,139960.0
TJK,Tajikistan,Europe & Central Asia,1997,371.661243144454,6139829,181.590119644925,1.69509493670886,0.876321242763277,,61.928,9.57098887212203,139960.0
TJK,Tajikistan,Europe & Central Asia,1998,389.089746664022,6176397,106.89554276797,1.71303160358954,0.286222519684449,,62.404,12.4765816541507,139960.0
TJK,Tajikistan,Europe & Central Asia,1999,401.406381787908,6208370,133.60594795539,1.39204460966543,0.617502657171856,0.0328,63.114,10.6546788766408,139960.0
TJK,Tajikistan,Europe & Central Asia,2000,429.537300984643,6284735,175.351206134214,0.598174532502226,1.03361279036881,0.048599594582182,63.542,13.5578899593814,139960.0
TJK,Tajikistan,Europe & Central Asia,2001,461.681195760256,6407377,146.657305562056,0.580783882496171,0.805848988816504,0.0512591325352927,64.197,15.7885555339716,139960.0
TJK,Tajikistan,Europe & Central Asia,2002,501.80856647117,6531669,138.6839688324,1.04883693330169,0.870841445154547,0.0554628269910006,64.898,13.1100550043846,139960.0
TJK,Tajikistan,Europe & Central Asia,2003,546.391479808684,6658575,137.669592976856,1.11879149508362,0.771708158446555,0.0645837771508553,65.874,8.97648886730944,139960.0
TJK,Tajikistan,Europe & Central Asia,2004,590.957111385699,6790547,128.338170674363,1.13133632771605,0.670242624415773,0.0774799071356825,66.604,11.3401573829087,139960.0
TJK,Tajikistan,Europe & Central Asia,2005,618.333702588577,6924720,126.994699303416,,0.573554955696277,0.298690023682825,66.531,8.50835122713539,139960.0
TJK,Tajikistan,Europe & Central Asia,2006,649.163328755334,7057566,141.153912074728,,0.806534780212606,3.77240620666448,66.997,5.97610728362084,139960.0
TJK,Tajikistan,Europe & Central Asia,2007,686.48090192413,7194477,145.528099715723,,0.755300010566859,7.19761951797855,67.405,4.15306828134239,139960.0
TJK,Tajikistan,Europe & Central Asia,2008,726.185491338269,7338403,114.480149093579,1.02218713975002,0.83611428208625,8.78,67.924,3.52155422876604,139960.0
TJK,Tajikistan,Europe & Central Asia,2009,739.212878526331,7490230,85.9781370434108,0.954768508640922,0.667149274578302,10.07,68.248,5.00982401356829,139960.0
TJK,Tajikistan,Europe & Central Asia,2010,770.604105393791,7652141,73.493044509473,0.95285512473335,1.67499054637824,11.55000019,68.37,4.64952131531418,139960.0
TJK,Tajikistan,Europe & Central Asia,2011,809.368229154093,7824785,79.7842446734572,1.09380663999495,2.03753218816376,13.02999973,68.698,3.39232844839424,139960.0
TJK,Tajikistan,Europe & Central Asia,2012,849.519080831738,8014084,83.1759445401528,0.999142722822931,1.70765801661998,14.51000023,69.13,4.04567037031609,139960.0
TJK,Tajikistan,Europe & Central Asia,2013,889.882383099979,8216724,71.7437428882341,,1.3294136907651,16.0,69.579,3.51448292740253,139960.0
TJK,Tajikistan,Europe & Central Asia,2014,925.970961482804,8425552,54.6071596053705,1.1283850454994,2.19331996280515,17.48999977,69.697,3.15555673173096,138786.0
TJK,Tajikistan,Europe & Central Asia,2015,956.916310930656,8643840,49.9378160689555,1.28197181934631,2.26536441077173,18.97999954,69.665,4.41164164343703,138790.0
TJK,Tajikistan,Europe & Central Asia,2016,997.352614556708,8865631,55.7246446907573,1.20806716554116,3.80725838932103,20.46999931,69.982,4.45117437792254,138790.0
TJK,Tajikistan,Europe & Central Asia,2017,1042.26391757642,9085946,53.7861046057767,1.03718533693392,4.54778525164425,21.95999908,70.524,3.79974891065399,138790.0
TJK,Tajikistan,Europe & Central Asia,2018,1094.8002018221,9307333,55.8461114113303,1.04856527674186,5.40040742136206,32.59999847,70.737,4.49075789057439,138790.0
TJK,Tajikistan,Europe & Central Asia,2019,1148.34676712493,9529966,56.0450159145896,0.996966249525976,5.22368712777317,22.68630028,70.962,3.75844222920152,138790.0
TJK,Tajikistan,Europe & Central Asia,2020,1171.90127480359,9749310,55.7491040194954,0.947973986993497,5.13513488386848,27.54409981,68.605,7.53240794173957,138790.0
TJK,Tajikistan,Europe & Central Asia,2021,1254.06999592306,9966908,71.825937435383,1.00261189599905,9.04634759702914,36.70560074,69.594,5.18205062190212,138790.0
TKM,Turkmenistan,Europe & Central Asia,1995,1983.16344483491,4191203,168.179524539877,2.31584615384615,47.6696604159181,,63.514,1.22769156153216,469930.0
TKM,Turkmenistan,Europe & Central Asia,1996,2079.99758720175,4263819,152.516129032258,2.04174435876061,58.5978853551026,,63.538,0.986610699308045,469930.0
TKM,Turkmenistan,Europe & Central Asia,1997,1811.89459160428,4336730,103.690369036904,3.96227021447804,40.3711114117977,,63.667,0.821207261703307,469930.0
TKM,Turkmenistan,Europe & Central Asia,1998,1908.07863828898,4410507,96.3201143265452,3.11402734984911,6.66996650893168,,63.966,1.04333709716657,469930.0
TKM,Turkmenistan,Europe & Central Asia,1999,2182.50137303073,4492170,90.4761904761905,2.90187475069805,18.7194907376426,0.045,64.475,1.03664816433669,469930.0
TKM,Turkmenistan,Europe & Central Asia,2000,2256.40240323977,4582677,103.580317825005,,59.3410849589971,0.13328218259348,64.931,1.30286978046486,469930.0
TKM,Turkmenistan,Europe & Central Asia,2001,2307.71956018735,4675409,81.9858549438358,,75.3659098606219,0.175209517731422,65.325,2.18462257909482,469930.0
TKM,Turkmenistan,Europe & Central Asia,2002,2268.02824244615,4769465,63.7046861184792,,52.4472081690816,0.302132016152841,65.593,1.01652688811123,469930.0
TKM,Turkmenistan,Europe & Central Asia,2003,2296.70842307223,4863865,63.201750694386,,48.7135348522424,0.425182631884743,65.854,0.488916395319566,469930.0
TKM,Turkmenistan,Europe & Central Asia,2004,2365.72190264503,4958093,59.3199674884855,,44.100559936972,0.754053982724623,66.055,0.80282058671455,469930.0
TKM,Turkmenistan,Europe & Central Asia,2005,2624.2315668841,5052257,53.9723419741336,,43.1678316179969,0.997300029,66.275,0.385218170601729,469930.0
TKM,Turkmenistan,Europe & Central Asia,2006,2858.53224143565,5147105,52.4473010022922,,51.478078444309,1.3195731180963,66.574,0.425943207204888,469930.0
TKM,Turkmenistan,Europe & Central Asia,2007,3115.9792751828,5244046,56.2777777777778,,49.2587863251987,1.40636068812023,67.02,0.233872996313786,469930.0
TKM,Turkmenistan,Europe & Central Asia,2008,3506.50453694834,5345029,94.7240751970891,,56.9658866272325,1.75,67.584,0.0993787085415853,469930.0
TKM,Turkmenistan,Europe & Central Asia,2009,3647.67813083756,5451592,104.95217927132,,22.9354468837346,1.950000048,68.155,0.214359975231378,469930.0
TKM,Turkmenistan,Europe & Central Asia,2010,3902.54200118683,5564356,97.2464440197632,,23.2100512626625,3.0,68.608,0.21011005591369,469930.0
TKM,Turkmenistan,Europe & Central Asia,2011,4383.14380872567,5683417,118.095536458021,,34.2784349181735,5.0,68.87,0.154588806940526,469930.0
TKM,Turkmenistan,Europe & Central Asia,2012,4762.66047536389,5808546,119.176960326488,,30.8737007585666,7.195799828,68.961,0.11829226696331,469930.0
TKM,Turkmenistan,Europe & Central Asia,2013,5131.14087328544,5939341,109.48116584462,,27.4926438120002,9.600000381,68.968,0.100367357827648,469930.0
TKM,Turkmenistan,Europe & Central Asia,2014,5535.50161297771,6075283,102.760907500564,,20.1759840166561,12.19999981,69.001,0.0870517032822848,469930.0
TKM,Turkmenistan,Europe & Central Asia,2015,5759.497903834,6215770,73.2280034158293,,15.4827871650235,14.99680042,69.061,0.0681034692133807,469930.0
TKM,Turkmenistan,Europe & Central Asia,2016,5979.47627661058,6360041,58.2932324852085,,9.65761604863881,17.99029922,69.142,0.0993341337503549,469930.0
TKM,Turkmenistan,Europe & Central Asia,2017,6221.41962759021,6507061,47.3983995269018,,13.0262092742703,,69.19,0.0880351907321554,469930.0
TKM,Turkmenistan,Europe & Central Asia,2018,6460.13015920839,6655524,41.6378669600992,,20.0690091609088,,69.272,0.0820348754046089,469930.0
TKM,Turkmenistan,Europe & Central Asia,2019,6719.32320157703,6803944,37.6560517756178,,13.4925127713072,,69.405,0.0947720390163953,469930.0
TKM,Turkmenistan,Europe & Central Asia,2020,6964.38162887016,6949912,29.9541700399769,,,,68.846,0.131203987652433,469930.0
TKM,Turkmenistan,Europe & Central Asia,2021,7244.61385880341,7092043,33.4124528498008,,,,69.353,0.115678637768225,469930.0
TLS,Timor-Leste,East Asia & Pacific,1995,854.130472722832,868146,,,,,47.543,0.0037754369224459,14870.0
TLS,Timor-Leste,East Asia & Pacific,1996,897.360531368488,892282,,,,,48.26,0.012930281088455,14870.0
TLS,Timor-Leste,East Asia & Pacific,1997,907.916565963385,917184,,,,,48.968,0.0666731283500428,14870.0
TLS,Timor-Leste,East Asia & Pacific,1998,865.831377976116,942530,,,,,48.583,0.254363275712382,14870.0
TLS,Timor-Leste,East Asia & Pacific,1999,631.072912537914,834697,,,,,45.246,33.643668899866,14870.0
TLS,Timor-Leste,East Asia & Pacific,2000,1117.56429796112,745088,175.648464819583,,0.403626442484974,,58.097,44.8838408224727,14870.0
TLS,Timor-Leste,East Asia & Pacific,2001,1192.74796162196,812249,166.743415284881,,0.349604288511654,,58.772,30.6830818868594,14870.0
TLS,Timor-Leste,East Asia & Pacific,2002,1028.1319342253,879159,180.403744337855,,0.385732111728361,0.0,59.477,28.8419889650931,14870.0
TLS,Timor-Leste,East Asia & Pacific,2003,964.32256461813,916878,122.311964931018,,0.520108397399869,,60.13,26.4381311443841,14870.0
TLS,Timor-Leste,East Asia & Pacific,2004,955.470548287377,929074,107.330819562041,,,,60.743,23.6703841127693,14870.0
TLS,Timor-Leste,East Asia & Pacific,2005,964.026614173558,948311,74.6712513087646,1.7802292883409,,0.0990317678179026,61.272,21.8489152782894,14870.0
TLS,Timor-Leste,East Asia & Pacific,2006,897.573763670928,976597,98.8757193818142,3.76928162185985,,0.5,61.881,16.0746372617951,14870.0
TLS,Timor-Leste,East Asia & Pacific,2007,961.848462090269,1004889,128.760892225689,4.37269712601326,,1.0,62.396,14.2156985176446,14870.0
TLS,Timor-Leste,East Asia & Pacific,2008,1042.86835443002,1032429,135.250760342415,3.64703161141095,,1.5,62.858,8.31464435620397,14870.0
TLS,Timor-Leste,East Asia & Pacific,2009,1120.09698448398,1058782,157.686448551719,5.01870958866419,,2.0,63.265,8.41635016729083,14870.0
TLS,Timor-Leste,East Asia & Pacific,2010,1195.38067803197,1084679,134.4005216863,2.9926287139941,,3.0,63.66,8.5817681870701,14870.0
TLS,Timor-Leste,East Asia & Pacific,2011,1237.48383284275,1110207,140.766349625231,1.96949347659248,,4.0,64.022,6.01864385209395,14870.0
TLS,Timor-Leste,East Asia & Pacific,2012,1269.41629276068,1134885,128.500493298465,2.87728369527749,,7.0,64.384,6.56841631940227,14870.0
TLS,Timor-Leste,East Asia & Pacific,2013,1281.92864092574,1158695,79.6341248298199,2.27036904335364,,11.0,64.719,6.22759279282768,14870.0
TLS,Timor-Leste,East Asia & Pacific,2014,1312.96494079465,1181903,82.7357773406823,2.04684585089477,,17.5,65.027,7.47629943996094,14870.0
TLS,Timor-Leste,East Asia & Pacific,2015,1319.59297370991,1205131,60.0769209292639,2.32446540880503,79.4309494383903,18.60000038,65.326,7.61301154505667,14870.0
TLS,Timor-Leste,East Asia & Pacific,2016,1333.6585468432,1228312,60.310621759226,1.59859756097561,44.5556159738805,21.20000076,65.61,10.07447442191,14870.0
TLS,Timor-Leste,East Asia & Pacific,2017,1267.08660142883,1251703,58.6347507796182,1.60517350157729,44.8705165836223,24.20000076,65.898,10.2742993521023,14870.0
TLS,Timor-Leste,East Asia & Pacific,2018,1237.20064730412,1275959,64.8191831225499,1.3245501285347,62.7689541343655,27.60000038,66.204,9.28755185807878,14870.0
TLS,Timor-Leste,East Asia & Pacific,2019,1507.24748294374,1300945,70.6142440551536,1.69208066896212,44.8952633775622,28.00460052,66.496,8.04092578407799,14870.0
TLS,Timor-Leste,East Asia & Pacific,2020,1947.83997138866,1326053,84.7503111042388,1.77790106333796,34.3932968859447,32.01269913,66.919,10.6088184307989,14870.0
TLS,Timor-Leste,East Asia & Pacific,2021,2015.82039246197,1350139,99.8600009384765,1.08198620689655,34.7297460391742,35.04199982,66.199,7.40670795341022,14870.0
TON,Tonga,East Asia & Pacific,1995,3667.018949682,100225,71.1192857546477,,0.066306271778409,0.123,68.592,15.07397759745,720.0
TON,Tonga,East Asia & Pacific,1996,3668.59609669275,100275,77.8333565419141,,0.0635689367095886,0.164,68.803,12.9098639127195,720.0
TON,Tonga,East Asia & Pacific,1997,3632.11240437129,100674,71.850198257484,,0.0487477295034594,0.511,69.012,11.6656763994628,720.0
TON,Tonga,East Asia & Pacific,1998,3689.21670248881,101388,78.2916318575919,,0.0547913596038476,0.765,69.224,10.0760555329752,720.0
TON,Tonga,East Asia & Pacific,1999,3749.82348312358,102046,60.7775208771412,,0.0294183638681561,1.02,69.431,9.39390738304228,720.0
TON,Tonga,East Asia & Pacific,2000,3866.68591314331,102677,61.508239295468,,0.0280007129178722,2.4343980443669,69.635,7.91452344030605,720.0
TON,Tonga,East Asia & Pacific,2001,3901.1807203994,103288,62.4065643935194,,0.0334836324185704,2.82537183911525,69.8,11.3527034589865,720.0
TON,Tonga,East Asia & Pacific,2002,4050.98962313421,103874,73.8374093817514,,0.0356624746568151,2.90729731626382,70.03,9.67658607428986,720.0
TON,Tonga,East Asia & Pacific,2003,4030.19690552619,104464,73.2160568173731,,0.0416732311926056,2.98581736750435,70.228,10.9581762534757,720.0
TON,Tonga,East Asia & Pacific,2004,3928.06030724493,105071,73.9737151214869,,0.0314037620833385,3.95237389457043,70.433,8.71606839962638,720.0
TON,Tonga,East Asia & Pacific,2005,3880.07054158497,105671,76.2080494394572,,0.0240156319029119,4.907800198,70.56,12.5939064292581,720.0
TON,Tonga,East Asia & Pacific,2006,3775.24848570829,106253,66.3549884749532,,0.0365612699976649,5.853899956,70.71,7.58437285278215,720.0
TON,Tonga,East Asia & Pacific,2007,3665.89549972281,106726,68.2299182500325,,0.0481607338181629,7.179900169,70.887,10.5611063920936,720.0
TON,Tonga,East Asia & Pacific,2008,3833.60169058266,107020,72.6563791156237,,0.0556292226810907,8.11076994380395,71.041,7.32061417043046,720.0
TON,Tonga,East Asia & Pacific,2009,3630.76096995072,107203,74.3406648891028,,0.0549399979848963,10.0,70.949,11.4381524080741,720.0
TON,Tonga,East Asia & Pacific,2010,3653.97817265087,107400,70.7976681214649,,0.0485079387936127,16.0,71.319,15.5903845042411,720.0
TON,Tonga,East Asia & Pacific,2011,3892.76807750666,107570,78.8578648859134,,0.0478419579924403,25.0,71.437,20.7806358947272,720.0
TON,Tonga,East Asia & Pacific,2012,3932.59367180675,107460,77.9722872799652,,0.0398683612912305,30.0,71.546,16.1195443283327,720.0
TON,Tonga,East Asia & Pacific,2013,3962.16980948788,107078,82.731581196292,,0.0401188794815067,32.75400162,71.65,17.5105702047413,720.0
TON,Tonga,East Asia & Pacific,2014,4058.81584447473,106609,74.7304254735603,,0.0521558048423682,35.95439911,71.721,18.085732716026,720.0
TON,Tonga,East Asia & Pacific,2015,4123.90347238813,106095,81.3902291563255,,0.0421389970297059,38.65129852,71.851,15.4727285847858,720.0
TON,Tonga,East Asia & Pacific,2016,4419.8147470039,105524,87.7771750789587,,0.0453861467678001,39.95000076,71.951,19.3249944563632,720.0
TON,Tonga,East Asia & Pacific,2017,4568.62484962494,105356,88.0434925855836,,0.0540904435129096,46.20080185,72.066,18.2310186726043,720.0
TON,Tonga,East Asia & Pacific,2018,4583.55968565688,105567,86.1039702691392,,0.0399575891818241,48.80789948,72.169,18.8481236408772,720.0
TON,Tonga,East Asia & Pacific,2019,4566.07508700721,105669,88.045385533046,,0.0355539728781376,51.56299973,72.292,20.0379657277216,720.0
TON,Tonga,East Asia & Pacific,2020,4647.0077529158,105704,81.849496682175,,0.0390440712702677,54.47370148,72.379,30.0519383690215,720.0
TON,Tonga,East Asia & Pacific,2021,4612.90086913298,105490,68.5461517477239,,0.0407524657583253,57.549,72.13,20.7308719511235,720.0
TTO,Trinidad and Tobago,Latin America & Caribbean ,1995,7100.85381245723,1295169,,,12.3694001900686,0.158,67.995,0.478016805057394,5130.0
TTO,Trinidad and Tobago,Latin America & Caribbean ,1996,7573.78560828675,1300928,,,13.9994543672843,0.393,68.039,0.287862975928922,5130.0
TTO,Trinidad and Tobago,Latin America & Caribbean ,1997,8112.94285878867,1305836,,,12.4304855931719,1.17,68.143,0.625026064738507,5130.0
TTO,Trinidad and Tobago,Latin America & Caribbean ,1998,8742.6993105224,1310225,,,6.55905261383883,2.72,68.331,0.255330875205058,5130.0
TTO,Trinidad and Tobago,Latin America & Caribbean ,1999,9412.08108378445,1314708,,,10.4893735592622,5.81,68.509,0.420184951766259,5130.0
TTO,Trinidad and Tobago,Latin America & Caribbean ,2000,10023.0206669207,1319774,,,14.0818626378959,7.72141147401745,68.629,-0.0207285774446687,5130.0
TTO,Trinidad and Tobago,Latin America & Caribbean ,2001,10395.2041042218,1325567,,0.155634799309892,10.1729837328617,15.384627218944,68.874,-0.074587677962348,5130.0
TTO,Trinidad and Tobago,Latin America & Caribbean ,2002,11165.960015838,1332011,,0.213074265946209,11.8982860535807,21.9986754804449,69.232,-0.110570483838977,5130.0
TTO,Trinidad and Tobago,Latin America & Caribbean ,2003,12714.5004334846,1338709,,0.294294112206887,10.6549102773187,25.9717641091609,69.454,-0.0295541666089769,5130.0
TTO,Trinidad and Tobago,Latin America & Caribbean ,2004,13657.2534995604,1345380,,0.56332687432576,10.8323099394832,27.0242700782714,69.879,-0.0117985017897267,5130.0
TTO,Trinidad and Tobago,Latin America & Caribbean ,2005,15075.4179709902,1294494,,0.604538000333575,16.0670386642135,28.97669983,70.185,-0.0158663453926308,5130.0
TTO,Trinidad and Tobago,Latin America & Caribbean ,2006,17021.2241679562,1297944,,0.621275873847403,18.3898478452635,30.00370026,70.437,0.070578798936977,5130.0
TTO,Trinidad and Tobago,Latin America & Caribbean ,2007,17758.6995224652,1303188,,0.568668581528334,15.9606779203426,32.3,70.797,0.0990189014859516,5130.0
TTO,Trinidad and Tobago,Latin America & Caribbean ,2008,18285.2735441992,1308587,,0.493375226495272,15.2710339879178,34.8,71.117,0.0348676769384547,5130.0
TTO,Trinidad and Tobago,Latin America & Caribbean ,2009,17461.9640940055,1310106,,0.709658644481144,16.147506232455,44.3,71.404,0.0369043004066841,5130.0
TTO,Trinidad and Tobago,Latin America & Caribbean ,2010,17938.0949459463,1317714,,0.635217366605715,13.5019281289188,48.5,71.809,0.0205897773805389,5130.0
TTO,Trinidad and Tobago,Latin America & Caribbean ,2011,17746.509252615,1328019,,0.566437190906244,21.1902057775941,55.2,72.232,,5130.0
TTO,Trinidad and Tobago,Latin America & Caribbean ,2012,18835.6674122954,1335194,,0.641229257894688,19.0454490519432,57.5,72.513,,5130.0
TTO,Trinidad and Tobago,Latin America & Caribbean ,2013,19392.1974593783,1340557,,0.76306904134769,18.9417880426583,59.90000153,72.785,,5130.0
TTO,Trinidad and Tobago,Latin America & Caribbean ,2014,20032.5402001718,1345343,,0.656301051048555,15.5987828212435,62.40000153,72.898,,5130.0
TTO,Trinidad and Tobago,Latin America & Caribbean ,2015,19887.2327716498,1349667,,0.752974392707466,7.5354554955632,65.09999847,72.882,,5130.0
TTO,Trinidad and Tobago,Latin America & Caribbean ,2016,18331.034459758,1353895,,0.914265892901233,4.12214241273861,67.80000305,72.935,,5130.0
TTO,Trinidad and Tobago,Latin America & Caribbean ,2017,17402.6155328454,1356633,,0.845376415248969,5.76137730000007,70.59999847,72.984,,5130.0
TTO,Trinidad and Tobago,Latin America & Caribbean ,2018,17205.615135339,1359193,,0.694747131148301,11.2320374302733,72.76029968,72.658,,5130.0
TTO,Trinidad and Tobago,Latin America & Caribbean ,2019,17225.361633712,1363985,,0.733109759963043,11.0689882994292,74.98670197,72.836,,5130.0
TTO,Trinidad and Tobago,Latin America & Caribbean ,2020,15679.9611486825,1366725,,0.812607258583509,5.88215476519225,77.28130341,72.645,,5130.0
TTO,Trinidad and Tobago,Latin America & Caribbean ,2021,15558.0940536829,1367558,,0.859057055256023,7.85936855870429,84.36576986,71.111,,5130.0
TUN,Tunisia,"Middle East, North Africa, Afghanistan & Pakistan",1995,2322.59207185194,9161258,93.7144465686907,1.74470758582503,2.71456241635544,0.0112,70.785,0.438978099906968,155360.0
TUN,Tunisia,"Middle East, North Africa, Afghanistan & Pakistan",1996,2452.90929820496,9294432,85.7203547620671,1.86753522903203,3.08155016721926,0.0276,71.247,0.68389277226035,155360.0
TUN,Tunisia,"Middle East, North Africa, Afghanistan & Pakistan",1997,2551.55055160864,9421270,80.5007104439621,1.72638454432232,2.58194906905437,0.0437,71.67,0.98354617153288,155360.0
TUN,Tunisia,"Middle East, North Africa, Afghanistan & Pakistan",1998,2639.87498120997,9541667,79.9794582620079,1.67797151546674,1.81269534648363,0.108,72.067,0.72050358845748,155360.0
TUN,Tunisia,"Middle East, North Africa, Afghanistan & Pakistan",1999,2766.57007135231,9655963,77.9051139411665,1.55607575730874,2.33524520432869,1.6,72.344,1.14873144869281,155360.0
TUN,Tunisia,"Middle East, North Africa, Afghanistan & Pakistan",2000,2864.54703666618,9764935,82.639110670191,1.5479040325129,3.70327177976697,2.75074029298135,72.604,1.08539559752194,155360.0
TUN,Tunisia,"Middle East, North Africa, Afghanistan & Pakistan",2001,2941.73893592906,9869677,89.5522011944661,1.52111247336458,2.92496870132318,4.29796603474685,72.822,1.73357307064937,155360.0
TUN,Tunisia,"Middle East, North Africa, Afghanistan & Pakistan",2002,2950.20410959054,9971515,85.3421759692656,1.49264292624339,2.84157068666264,5.25288729548421,73.07,0.980683049760948,155360.0
TUN,Tunisia,"Middle East, North Africa, Afghanistan & Pakistan",2003,3058.22895827842,10071632,82.390340709916,1.48388570363995,2.55468043997787,6.49084579532797,73.304,1.1432713219354,155360.0
TUN,Tunisia,"Middle East, North Africa, Afghanistan & Pakistan",2004,3218.72320748457,10166163,86.9253446966283,1.42590206296513,3.04495874209081,8.52881775162591,73.519,1.11564394035814,155360.0
TUN,Tunisia,"Middle East, North Africa, Afghanistan & Pakistan",2005,3301.93817216029,10255472,90.2512478803945,1.45160141621028,4.33097628210826,9.655099869,73.712,1.2033769052433,155360.0
TUN,Tunisia,"Middle East, North Africa, Afghanistan & Pakistan",2006,3444.5513526091,10346410,93.9409304094309,1.44636242435988,4.79955838418535,12.98639965,73.888,1.33205646009299,155360.0
TUN,Tunisia,"Middle East, North Africa, Afghanistan & Pakistan",2007,3642.11977444786,10441702,104.059400976647,1.26099385636655,6.35147319614426,17.1,74.039,0.88510753240212,155360.0
TUN,Tunisia,"Middle East, North Africa, Afghanistan & Pakistan",2008,3760.11828478704,10542635,114.343660218696,1.29062492574542,9.88012098886805,27.53,74.192,0.894107973185608,155360.0
TUN,Tunisia,"Middle East, North Africa, Afghanistan & Pakistan",2009,3835.25011939301,10650681,93.0168787876722,1.2949496088007,6.99090855049675,34.07,74.32,1.1944088162353,155360.0
TUN,Tunisia,"Middle East, North Africa, Afghanistan & Pakistan",2010,3906.90625867605,10765980,100.151009836799,1.23617052057621,5.80230500738706,36.8,74.438,1.2306315777533,155360.0
TUN,Tunisia,"Middle East, North Africa, Afghanistan & Pakistan",2011,3784.7412903401,10886035,100.106379304237,1.48625780102894,6.26002372605509,39.1,74.471,2.01298317558378,155360.0
TUN,Tunisia,"Middle East, North Africa, Afghanistan & Pakistan",2012,3900.04620132702,11009647,101.550723929668,1.43987394498013,6.61237658820711,41.4416008,74.599,2.251052233298,155360.0
TUN,Tunisia,"Middle East, North Africa, Afghanistan & Pakistan",2013,3947.58763533174,11141361,98.9549566862038,1.5597373837127,5.46168537320013,43.79999924,74.674,1.53281884863117,155360.0
TUN,Tunisia,"Middle East, North Africa, Afghanistan & Pakistan",2014,4021.59954703591,11274288,96.1071038558701,1.8068874807375,4.59413759866907,46.15999985,74.784,1.89980743872399,155360.0
TUN,Tunisia,"Middle East, North Africa, Afghanistan & Pakistan",2015,4014.94773686432,11402264,87.2485306596052,2.13959162946471,2.68828674720116,46.4999943435776,74.875,1.11182323500338,155360.0
TUN,Tunisia,"Middle East, North Africa, Afghanistan & Pakistan",2016,4015.28893802703,11528674,87.0926643641466,2.22498472970201,2.18515588296029,49.5999948415756,75.007,1.49023772076605,155360.0
TUN,Tunisia,"Middle East, North Africa, Afghanistan & Pakistan",2017,4062.80606534519,11650498,95.8091979825804,2.03182932622148,2.51025972718522,55.5001550633671,75.177,1.97197984286984,155360.0
TUN,Tunisia,"Middle East, North Africa, Afghanistan & Pakistan",2018,4127.97005697994,11765514,103.871824260635,1.97644872011962,2.82187987069052,64.1908102327387,75.37,1.93708049744182,155360.0
TUN,Tunisia,"Middle East, North Africa, Afghanistan & Pakistan",2019,4153.27978615515,11875081,102.332614725789,2.38327777746153,2.24739229652362,66.6999983024144,75.599,2.40119246823005,155360.0
TUN,Tunisia,"Middle East, North Africa, Afghanistan & Pakistan",2020,3749.26841452928,11974057,84.3333297071767,2.71275567542328,1.46717230583582,68.55639648,75.004,2.37469792485443,155360.0
TUN,Tunisia,"Middle East, North Africa, Afghanistan & Pakistan",2021,3902.53322990199,12048622,93.6334140664079,2.62965981069507,2.24923087429424,68.31552226,72.893,2.43554093679102,155360.0
TUR,Turkiye,Europe & Central Asia,1995,5577.82539654281,61024503,35.9924804952774,3.90164973474904,0.365520641620309,0.0817,69.734,0.135448386215229,769630.0
TUR,Turkiye,Europe & Central Asia,1996,5887.67309798528,61951134,39.6477180344549,4.13969694261893,0.375047056554969,0.193,70.245,0.0994503142877492,769630.0
TUR,Turkiye,Europe & Central Asia,1997,6230.18622126407,62852966,42.7610666826994,4.10367223056831,0.290640491419618,0.474,70.668,0.0025919862711241,769630.0
TUR,Turkiye,Europe & Central Asia,1998,6261.28870069222,63734383,40.3769887377902,3.18220800142332,0.143921581818923,0.699,71.144,0.0102874687964261,769630.0
TUR,Turkiye,Europe & Central Asia,1999,5989.55700860592,64591923,37.6665043273244,3.88141296380978,0.183061333622872,2.29,70.752,0.0049182892500626,769630.0
TUR,Turkiye,Europe & Central Asia,2000,6326.25746472488,65425961,42.3746746988077,3.64342934046749,0.241654018503172,3.761685035075,71.931,0.12135708053618,769630.0
TUR,Turkiye,Europe & Central Asia,2001,5906.92348536699,66245128,49.9447830679013,3.57667970794229,0.290748556810644,5.18948146078506,72.271,0.0675777481699122,769630.0
TUR,Turkiye,Europe & Central Asia,2002,6211.70542960394,67048795,48.1026101234402,3.76709151041563,0.208352788307941,11.38,72.605,0.115754535563139,769630.0
TUR,Turkiye,Europe & Central Asia,2003,6496.07277294612,67831730,46.3681553387846,3.26703119500148,0.185862775534768,12.33,72.906,0.054104952531475,769630.0
TUR,Turkiye,Europe & Central Asia,2004,7061.62219794984,68592617,48.9934575435266,2.67100029372768,0.258039998415792,14.58,73.223,0.0714072770021877,769630.0
TUR,Turkiye,Europe & Central Asia,2005,7623.14640948457,69329557,46.3088308846211,2.38609105306995,0.246555610028496,15.46,73.51,0.0793981381757925,769630.0
TUR,Turkiye,Europe & Central Asia,2006,8078.5153787571,70045349,48.9456766641314,2.34016133817719,0.338060205831875,18.24,73.804,0.10281382815024,769630.0
TUR,Turkiye,Europe & Central Asia,2007,8477.53328393352,70158112,48.027468179713,2.19980660446648,0.393584701213481,28.63,74.129,0.11718922381036,769630.0
TUR,Turkiye,Europe & Central Asia,2008,8447.93976396947,71051678,50.7612500066681,2.18178699504167,0.622799886391042,34.37,74.38,0.145540653642637,769630.0
TUR,Turkiye,Europe & Central Asia,2009,7925.30110421185,72039206,47.0391385732199,2.47155127527395,0.390043503554907,36.4,74.679,0.20986570584865,769630.0
TUR,Turkiye,Europe & Central Asia,2010,8472.57809050119,73142150,46.9433366709891,2.27171515093383,1.0333326630856,39.82,74.964,0.133710784390566,769630.0
TUR,Turkiye,Europe & Central Asia,2011,9265.85910238578,74223629,53.651583897618,2.0275060358965,1.15599036897188,43.065710430925,74.823,0.392890729605449,769630.0
TUR,Turkiye,Europe & Central Asia,2012,9588.32066531438,75175827,53.3277612968607,2.00944811786941,0.748490714870341,45.13,75.552,0.354162588303747,769630.0
TUR,Turkiye,Europe & Central Asia,2013,10269.4489140773,76147624,53.0683530043043,1.92395966496054,0.621362748916478,46.25,76.171,0.298657321015624,769630.0
TUR,Turkiye,Europe & Central Asia,2014,10597.9801881716,77181884,54.30677404128,1.87196639443904,0.515494221044849,51.0373665521645,76.452,0.368978427074074,769630.0
TUR,Turkiye,Europe & Central Asia,2015,11064.6494504662,78218479,51.8749252596832,1.81284855723729,0.259377096732697,53.7449791423583,76.539,0.250212907969912,769630.0
TUR,Turkiye,Europe & Central Asia,2016,11279.6169531569,79277962,48.870183807987,2.05032437865497,0.381853603415781,58.3477340145685,76.595,0.418863670013141,769630.0
TUR,Turkiye,Europe & Central Asia,2017,12005.6459824832,80312698,56.1356585158689,2.05006599219326,0.379263394718781,64.6846176835371,77.037,0.370310035215228,769630.0
TUR,Turkiye,Europe & Central Asia,2018,12255.0082146169,81407204,62.8251323851165,2.52209022414858,0.52996663633101,71.0427608433809,77.454,0.1538596716039,769630.0
TUR,Turkiye,Europe & Central Asia,2019,12238.2950220128,82579440,62.5784589326239,2.68985897943633,0.382779823529053,73.9767022871511,77.737,0.0918151888240677,769630.0
TUR,Turkiye,Europe & Central Asia,2020,12338.643833135,83384680,60.389853117297,2.19555218691023,0.397202384078982,77.6695605,76.525,0.0749701564760712,769630.0
TUR,Turkiye,Europe & Central Asia,2021,13670.938029516,84147318,69.6088976086437,1.85888321091456,0.827048726504594,81.40843745,75.722,0.12803464228529,769630.0
TUV,Tuvalu,East Asia & Pacific,1995,2693.15612225087,9280,,,0.0,,62.505,32.4060622407087,30.0
TUV,Tuvalu,East Asia & Pacific,1996,2515.79896868216,9342,,,0.0,,62.709,42.2160070513452,30.0
TUV,Tuvalu,East Asia & Pacific,1997,2750.38612782493,9400,,,0.0,,62.942,37.5336441324678,30.0
TUV,Tuvalu,East Asia & Pacific,1998,3159.58561799858,9451,,,0.0,,63.162,20.4922335742282,30.0
TUV,Tuvalu,East Asia & Pacific,1999,3095.43517251256,9496,,,0.0,,63.346,14.9942440886003,30.0
TUV,Tuvalu,East Asia & Pacific,2000,3051.37894204891,9544,,,0.0,5.24163958486214,63.536,17.2304845912981,30.0
TUV,Tuvalu,East Asia & Pacific,2001,3059.14305159403,9586,,,0.0,5.7,63.709,32.1966886138269,30.0
TUV,Tuvalu,East Asia & Pacific,2002,3300.84183236169,9623,,,0.0,6.3,63.825,33.9400105824777,30.0
TUV,Tuvalu,East Asia & Pacific,2003,3133.78208016242,9695,,,0.0,6.9,63.897,20.9634162790694,30.0
TUV,Tuvalu,East Asia & Pacific,2004,3036.7117312686,9816,,,0.0,7.6,63.989,21.1333342722367,30.0
TUV,Tuvalu,East Asia & Pacific,2005,2886.47360709377,9940,,,0.0,8.300000191,64.096,23.4849423784802,30.0
TUV,Tuvalu,East Asia & Pacific,2006,2890.2979042629,10056,,,0.0,9.100000381,64.247,36.3071504578391,30.0
TUV,Tuvalu,East Asia & Pacific,2007,3051.64998981595,10182,,,0.0,10.0,64.402,21.5198472877289,30.0
TUV,Tuvalu,East Asia & Pacific,2008,3208.62150790145,10321,,,0.0,11.19999981,64.516,31.1488909221725,30.0
TUV,Tuvalu,East Asia & Pacific,2009,2987.77161613649,10461,,,0.0,12.80000019,64.693,33.0877913805441,30.0
TUV,Tuvalu,East Asia & Pacific,2010,2872.02011343345,10614,,,0.0,14.60000038,64.834,25.6787030519399,30.0
TUV,Tuvalu,East Asia & Pacific,2011,3040.4474312404,10780,,,0.0,16.5,64.96,63.4620295374147,30.0
TUV,Tuvalu,East Asia & Pacific,2012,2912.10912265748,10934,,,0.0,18.70000076,65.079,50.3229022499791,30.0
TUV,Tuvalu,East Asia & Pacific,2013,3004.5049231989,11001,,,0.0,21.20000076,65.171,46.5541185040782,30.0
TUV,Tuvalu,East Asia & Pacific,2014,3059.3244224989,10984,,,0.0,24.10000038,65.278,67.1883075759508,30.0
TUV,Tuvalu,East Asia & Pacific,2015,3352.66722400181,10963,,,0.0,27.29999924,65.365,87.2159234780041,30.0
TUV,Tuvalu,East Asia & Pacific,2016,3523.41345550387,10930,,,0.0,31.0,65.51,40.5878206079003,30.0
TUV,Tuvalu,East Asia & Pacific,2017,3658.98029250415,10869,,,0.0,35.20000076,65.683,45.4522925558503,30.0
TUV,Tuvalu,East Asia & Pacific,2018,3750.43562817208,10751,,,0.0,,65.871,39.3589758564057,30.0
TUV,Tuvalu,East Asia & Pacific,2019,4323.09703196938,10581,,,0.0,,66.109,50.9664709186189,30.0
TUV,Tuvalu,East Asia & Pacific,2020,4265.46279289261,10399,,,0.0,,66.357,60.6779014948573,30.0
TUV,Tuvalu,East Asia & Pacific,2021,4351.24068896314,10194,,,0.0,,65.824,43.4974105887582,30.0
TZA,Tanzania,Sub-Saharan Africa ,1995,508.840423583984,30383497,45.1619199872127,1.62721403741102,14.0466657457605,,51.005,11.6109620525086,885800.0
TZA,Tanzania,Sub-Saharan Africa ,1996,522.333251953125,30945762,35.7265066969485,1.55535029886083,11.2990228895592,0.00162,51.132,9.26352265438513,885800.0
TZA,Tanzania,Sub-Saharan Africa ,1997,529.954223632813,31578089,28.8587832233337,1.54354453955173,8.87332092455647,0.0079,51.246,8.55195323153081,885800.0
TZA,Tanzania,Sub-Saharan Africa ,1998,535.363159179688,32420458,26.1436420608095,1.60197154683142,5.72964123320078,0.00924,51.807,8.29898800632007,885800.0
TZA,Tanzania,Sub-Saharan Africa ,1999,546.605529785156,33300330,25.0220548113162,1.48766265966724,3.76820743854737,0.0751,52.399,7.90852071240446,885800.0
TZA,Tanzania,Sub-Saharan Africa ,2000,555.348083496094,34260139,23.9891151549808,1.48726401206321,3.75533581161388,0.11719444010825,53.244,8.02800073547245,885800.0
TZA,Tanzania,Sub-Saharan Africa ,2001,573.400146484375,35198299,28.0301432282533,1.45160464399204,4.04412476360876,0.171300350668948,54.124,9.62180281998858,885800.0
TZA,Tanzania,Sub-Saharan Africa ,2002,598.421569824219,36121304,27.4992172734904,1.30259845652854,4.85747358130828,0.222484413923909,54.94,8.9722319249215,885800.0
TZA,Tanzania,Sub-Saharan Africa ,2003,621.720703125,37089555,30.4488358249326,1.07430696847071,6.86273700817164,0.676962856510303,55.929,11.4747572086006,885800.0
TZA,Tanzania,Sub-Saharan Africa ,2004,650.516540527344,38109668,33.609786736665,0.994614572583098,5.35429372711806,0.87757497099259,56.836,10.768081128605,885800.0
TZA,Tanzania,Sub-Saharan Africa ,2005,680.051208496094,39182076,36.9592732894013,0.823941300163293,4.99358813102763,1.100000024,57.675,8.25662251169564,885800.0
TZA,Tanzania,Sub-Saharan Africa ,2006,704.502746582031,40294902,42.7681664691467,0.792124010730679,5.52196373960203,1.299999952,58.512,10.1364121936795,885800.0
TZA,Tanzania,Sub-Saharan Africa ,2007,731.52001953125,41435512,48.0583947796554,0.762064569335019,6.20610344090512,1.6,59.26,13.0717810372467,885800.0
TZA,Tanzania,Sub-Saharan Africa ,2008,752.540466308594,42570728,49.0265445510865,0.698278989715238,5.0765951351817,1.899999976,59.896,8.42870297355262,885800.0
TZA,Tanzania,Sub-Saharan Africa ,2009,772.929565429688,43633982,43.5326006456317,0.757193066304469,5.53625650735826,2.400000095,60.494,10.7331343483789,885800.0
TZA,Tanzania,Sub-Saharan Africa ,2010,801.29931640625,44758488,47.6404394295683,0.896024084275438,5.55945838220369,2.900000095,61.127,7.17513045072094,885800.0
TZA,Tanzania,Sub-Saharan Africa ,2011,838.999267578125,46029367,56.1661241821809,0.903150747306732,7.33646177996057,3.200000048,61.618,7.179007105631,885800.0
TZA,Tanzania,Sub-Saharan Africa ,2012,851.910705566406,47374260,54.3689490815138,0.91379934806313,6.8325198508577,3.950000048,62.286,7.22165919270816,885800.0
TZA,Tanzania,Sub-Saharan Africa ,2013,882.8115234375,48824128,48.6316275295495,0.972362603264413,5.76723525319283,4.400000095,62.788,7.63862528624182,885800.0
TZA,Tanzania,Sub-Saharan Africa ,2014,913.811218261719,50351512,45.3560223433065,1.0157610032095,5.04690559304949,7.0,63.364,5.35921223892237,885800.0
TZA,Tanzania,Sub-Saharan Africa ,2015,939.127319335938,52020962,40.7576808778314,1.09136986722986,5.30193884393363,10.0,63.928,5.53593138236348,885800.0
TZA,Tanzania,Sub-Saharan Africa ,2016,970.156127929688,53824013,35.4204704002636,1.09369193376988,5.61603835789229,13.5042328468919,64.404,4.74809158515156,885800.0
TZA,Tanzania,Sub-Saharan Africa ,2017,1001.55895996094,55652890,33.1125919853124,1.05581731620716,5.13616759488345,14.46339989,64.963,4.94008016271732,885800.0
TZA,Tanzania,Sub-Saharan Africa ,2018,1024.01525878906,57437145,32.6426099043737,1.10090687427422,3.61159728659091,15.49069977,65.488,4.35592721035203,885800.0
TZA,Tanzania,Sub-Saharan Africa ,2019,1051.7666015625,59174891,33.0185892502311,1.06113270582911,3.53145044367484,16.59090042,66.007,3.54419186412252,885800.0
TZA,Tanzania,Sub-Saharan Africa ,2020,1041.25964355469,60972798,27.9630151969884,1.07713241782149,3.85169508025186,19.48139954,66.771,3.51569211163046,885800.0
TZA,Tanzania,Sub-Saharan Africa ,2021,1054.31726074219,62830412,29.9151840074048,1.12240771800076,6.69370906979479,22.87540054,66.131,3.77140550623774,885800.0
UGA,Uganda,Sub-Saharan Africa ,1995,441.226201168263,20665667,32.62314586277,2.10151053274244,19.509460753546,0.00286,47.706,14.6366581801683,199810.0
UGA,Uganda,Sub-Saharan Africa ,1996,468.427898950193,21231550,35.3854868820104,2.21091090169168,18.5824681208781,0.00463,47.759,11.250259775264,199810.0
UGA,Uganda,Sub-Saharan Africa ,1997,478.250663988847,21856046,34.1585669652784,2.11670724007935,16.8500438638723,0.0103,48.026,13.0091698784697,199810.0
UGA,Uganda,Sub-Saharan Africa ,1998,487.008977266219,22515806,30.043921931244,2.44235581316614,16.7918484266104,0.0653,48.263,10.0070991883726,199810.0
UGA,Uganda,Sub-Saharan Africa ,1999,509.455395054388,23257281,36.0247101570245,2.65573403225382,12.463772500312,0.106,48.977,10.154151847557,199810.0
UGA,Uganda,Sub-Saharan Africa ,2000,509.19755319016,24000150,32.7490333383822,1.76460770822564,12.0494143938765,0.163714063074854,49.64,14.0648892396156,199810.0
UGA,Uganda,Sub-Saharan Africa ,2001,519.456547890884,24745676,35.3299767819725,1.68324514574881,12.4643931713023,0.237945087191408,50.576,14.6461904790796,199810.0
UGA,Uganda,Sub-Saharan Africa ,2002,547.405338919875,25532870,36.2777941561831,1.63467473652418,14.2481201571521,0.384093504951945,51.443,12.1261986938445,199810.0
UGA,Uganda,Sub-Saharan Africa ,2003,564.720539196569,26352124,36.5857264641268,1.69168784576439,20.8852302359366,0.464849840113968,52.414,15.5137701114878,199810.0
UGA,Uganda,Sub-Saharan Africa ,2004,585.339489080616,27154515,35.4600862456436,1.76615583020933,15.1925629839147,0.719970679914031,53.699,15.8223537372308,199810.0
UGA,Uganda,Sub-Saharan Africa ,2005,604.404813057618,27963289,38.9942854839061,1.68432268847927,13.9239561199514,1.742200017,54.926,13.3302557080378,199810.0
UGA,Uganda,Sub-Saharan Africa ,2006,650.270540867444,28794003,43.6332857896204,1.50342601664363,13.2519669621419,2.52940011,56.118,16.3351104302689,199810.0
UGA,Uganda,Sub-Saharan Africa ,2007,684.542241787248,29653430,46.7774166522822,1.39447189004469,16.1640796388529,3.67196535074744,57.248,14.8890401817022,199810.0
UGA,Uganda,Sub-Saharan Africa ,2008,722.565167003452,30539553,56.2582682050634,1.34734497189712,16.4379945980784,3.880000114,58.253,11.5908556045177,199810.0
UGA,Uganda,Sub-Saharan Africa ,2009,749.342865535423,31451151,47.0638780748379,1.43231723283534,9.46245873827469,4.099999905,59.157,7.22534398711211,199810.0
UGA,Uganda,Sub-Saharan Africa ,2010,768.624091660131,32390802,38.2692490371291,2.46009387698207,8.10229439370414,4.300000191,59.959,5.19156058788344,200520.0
UGA,Uganda,Sub-Saharan Africa ,2011,816.516366587228,33354543,39.7552255606122,2.538786699798,9.15620849237058,4.599999905,60.791,5.73210519086011,200520.0
UGA,Uganda,Sub-Saharan Africa ,2012,823.580468285493,34337438,43.5021371397314,1.17612274538488,10.6585708011681,4.800000191,61.579,6.14500428197936,200520.0
UGA,Uganda,Sub-Saharan Africa ,2013,828.988669729986,35337042,43.1091548734687,0.937840989830747,10.6586103842094,5.099999905,62.353,6.00234317051374,200520.0
UGA,Uganda,Sub-Saharan Africa ,2014,845.978664791099,36395539,36.0144010819085,0.924476429892299,10.3312319703494,5.400000095,63.057,5.12679105484007,200520.0
UGA,Uganda,Sub-Saharan Africa ,2015,862.934610355811,37531446,37.6892983324358,0.986680287683281,10.7947576138514,5.699999809,63.831,5.15807437280951,200520.0
UGA,Uganda,Sub-Saharan Africa ,2016,874.648370639216,38799152,31.2093620232119,1.00333547376504,12.7336513052995,5.9,64.494,6.14318637256677,200520.0
UGA,Uganda,Sub-Saharan Africa ,2017,871.093880017151,40177388,36.8370529334101,1.03901851871998,12.1305147407764,7.417900085,65.174,6.70141170342905,200520.0
UGA,Uganda,Sub-Saharan Africa ,2018,895.07512785438,41565831,36.6384055999567,1.15245192326926,8.38888217833344,9.326299667,65.775,6.07970266543343,200520.0
UGA,Uganda,Sub-Saharan Africa ,2019,920.939101515671,42999637,39.3610539647435,1.71775245377408,7.38833937837014,11.72579956,66.354,5.90142002234634,200520.0
UGA,Uganda,Sub-Saharan Africa ,2020,917.0350317644,44457152,37.0006923916369,2.46768517919382,7.56349041713714,7.4,66.41,8.38393775594199,200520.0
UGA,Uganda,Sub-Saharan Africa ,2021,919.401675217265,45910930,41.7136307424781,2.33814515074458,7.47552032336567,10.0,66.45,6.47129062382146,200520.0
UKR,Ukraine,Europe & Central Asia,1995,1493.38208007813,51665539,97.2296964841051,2.73494760851588,3.00013519630908,0.0431,67.114,,579350.0
UKR,Ukraine,Europe & Central Asia,1996,1355.57336425781,51226109,93.8566450766079,3.17883449282933,3.00659576743048,0.0986,67.097,,579350.0
UKR,Ukraine,Europe & Central Asia,1997,1326.27795410156,50786885,84.2414161623735,3.98824090389786,2.3661179742638,0.199,67.658,,579350.0
UKR,Ukraine,Europe & Central Asia,1998,1311.59362792969,50379731,86.0497284415116,3.24403179965191,1.82031485198517,0.301,67.993,,579350.0
UKR,Ukraine,Europe & Central Asia,1999,1319.533203125,49976446,101.951706965548,2.88352763946873,1.8914890284607,0.405,68.004,,579350.0
UKR,Ukraine,Europe & Central Asia,2000,1409.22265625,49556660,115.735714934593,3.51108284883721,3.37065587715521,0.716183762031043,67.786,,579350.0
UKR,Ukraine,Europe & Central Asia,2001,1547.2783203125,49106855,99.9261276192731,2.76926719545401,4.2625129241196,1.23875954748114,67.675,,579350.0
UKR,Ukraine,Europe & Central Asia,2002,1644.28125,48677281,95.994669810112,2.67619950627408,3.31708349401602,1.87388511643427,67.699,,579340.0
UKR,Ukraine,Europe & Central Asia,2003,1814.25854492188,48315136,102.590182257396,2.74557877088929,3.00747829119925,3.14812758815439,67.638,,579340.0
UKR,Ukraine,Europe & Central Asia,2004,2042.44494628906,47979507,109.981708544962,2.50682433490703,3.35413577019042,3.4894778812677,67.472,,579340.0
UKR,Ukraine,Europe & Central Asia,2005,2122.6015625,47585556,94.6475701087848,2.79248933066336,4.34601419220758,3.749799967,67.517,0.474531618403603,579380.0
UKR,Ukraine,Europe & Central Asia,2006,2298.13232421875,47278694,89.181052639031,2.77159181333191,4.59204338036687,4.50612456357379,67.49,0.457065609040872,579360.0
UKR,Ukraine,Europe & Central Asia,2007,2498.35205078125,47062798,88.0465606718626,2.87000281658483,5.41574038243989,6.55,67.715,0.296337484064836,579330.0
UKR,Ukraine,Europe & Central Asia,2008,2567.69409179688,46819175,94.1718921417534,2.67292227463357,7.94411211992449,11.0,68.262,0.346163660123109,579320.0
UKR,Ukraine,Europe & Central Asia,2009,2188.17016601563,46623731,87.4761626200316,2.8403538702613,4.78921031716247,17.9,69.159,0.570397755162243,579320.0
UKR,Ukraine,Europe & Central Asia,2010,2285.93383789063,46456003,95.72973045329,2.74199654235065,7.06385110746983,23.3,70.188,0.47909497548762,579320.0
UKR,Ukraine,Europe & Central Asia,2011,2418.12084960938,46307853,104.805073904259,2.25828771122262,7.90825649188772,28.7082628400713,70.711,0.483170255639416,579320.0
UKR,Ukraine,Europe & Central Asia,2012,2426.92944335938,46210056,102.622788356626,2.35345197687142,4.70265519474683,35.27,71.09,0.427491476303355,579320.0
UKR,Ukraine,Europe & Central Asia,2013,2432.41625976563,46126770,94.0016694501782,2.3928953083474,3.99136453684378,40.954128997,71.474,0.42124089336654,579320.0
UKR,Ukraine,Europe & Central Asia,2014,2308.6435546875,45972380,100.691782483624,2.96736825853937,3.6083209332499,46.2359754571651,71.803,1.06368188041463,579290.0
UKR,Ukraine,Europe & Central Asia,2015,2094.47387695313,45784896,107.806616298156,3.84784847607093,2.59911540564351,48.8846436813218,72.686,1.52831593029216,579290.0
UKR,Ukraine,Europe & Central Asia,2016,2156.0830078125,45616832,105.521204913122,3.66861786886462,2.39942596673544,53.0009695981884,73.389,1.61498487532565,579290.0
UKR,Ukraine,Europe & Central Asia,2017,2217.7529296875,45436041,104.034982911399,3.24149291547879,2.95421204623726,58.8894794459775,73.993,1.03823767611707,579300.0
UKR,Ukraine,Europe & Central Asia,2018,2308.6669921875,45208907,99.1998150718675,3.63516607992805,2.91046955095297,62.5531553933869,73.569,0.925520694973838,579400.0
UKR,Ukraine,Europe & Central Asia,2019,2398.07836914063,44957458,90.5112342910763,4.06793765037597,1.73179870039083,70.1248442995263,73.92,0.719140943846709,579400.0
UKR,Ukraine,Europe & Central Asia,2020,2324.107421875,44680014,79.1564523761815,4.40031470276707,1.09312749593482,75.03790912,73.283,1.46149209346667,579400.0
UKR,Ukraine,Europe & Central Asia,2021,2426.6123046875,44298640,82.69796136345,3.42549199562857,7.5129023639251,79.21829353,71.631,1.14242200616382,579400.0
URY,Uruguay,Latin America & Caribbean ,1995,9822.89680356996,3189440,38.0976748425287,2.71463667452926,0.44852566255986,0.31,73.493,0.362907444051361,175020.0
URY,Uruguay,Latin America & Caribbean ,1996,10316.2027570949,3206324,39.5284364552889,2.80593839042227,0.381449645677067,1.85,73.812,0.180907514403698,175020.0
URY,Uruguay,Latin America & Caribbean ,1997,11138.8676127212,3223345,37.706397080707,2.39972074691363,0.401275809484488,3.36,73.92,0.156701125452597,175020.0
URY,Uruguay,Latin America & Caribbean ,1998,11584.9491858277,3239280,35.6400154006956,2.2581336824168,0.327248533539315,6.99,74.029,0.109312253184617,175020.0
URY,Uruguay,Latin America & Caribbean ,1999,11357.0866859804,3254015,33.3864489469027,2.3944609705068,0.301658893171144,9.97,74.293,0.107001705140806,175020.0
URY,Uruguay,Latin America & Caribbean ,2000,11096.3309569487,3266206,36.7137381507902,2.43597728787045,0.193328084228466,10.5390577480141,74.693,0.0947097156567166,175020.0
URY,Uruguay,Latin America & Caribbean ,2001,10643.5574019273,3274251,36.3095126435057,2.50257766217716,0.216877824747985,11.1214376832783,74.987,0.0788181323831106,175020.0
URY,Uruguay,Latin America & Caribbean ,2002,9806.7713064359,3278867,40.02906730756,2.53014006008996,0.45458997663173,11.4194701966853,74.979,0.118459542963487,175020.0
URY,Uruguay,Latin America & Caribbean ,2003,9878.75684344081,3281186,51.7591995826472,2.23754532184395,0.632377734235131,15.9371367159756,75.086,0.149469781297799,175020.0
URY,Uruguay,Latin America & Caribbean ,2004,10366.9067382871,3283148,61.4766880860242,2.0407280132366,0.800895044345689,17.0630983403661,75.319,0.186907603536987,175020.0
URY,Uruguay,Latin America & Caribbean ,2005,11131.3984890038,3285771,58.8776963255774,2.00038586601038,0.806565485741014,20.0881895579305,75.829,0.108732166591775,175020.0
URY,Uruguay,Latin America & Caribbean ,2006,11574.470540231,3289506,61.9715745165876,2.00617807800672,1.12340438595144,29.39999962,75.888,0.127455572912577,175020.0
URY,Uruguay,Latin America & Caribbean ,2007,12310.482735502,3295153,59.2104478374095,1.77716708828507,1.28842123844774,34.0,76.15,0.15912861687198,175020.0
URY,Uruguay,Latin America & Caribbean ,2008,13165.83628166,3302177,65.2080950071821,1.86952468832085,1.56798161399914,39.3,76.275,0.108766841322309,175020.0
URY,Uruguay,Latin America & Caribbean ,2009,13691.71420689,3310091,53.3944192683736,1.82261337958887,1.34673827245616,41.8,76.67,0.160171340095208,175020.0
URY,Uruguay,Latin America & Caribbean ,2010,14722.3780081191,3318580,51.6990372012256,1.87580785777619,2.02169884847788,46.4,76.691,0.108979833186083,175020.0
URY,Uruguay,Latin America & Caribbean ,2011,15443.9961926395,3326825,53.2470340109018,1.71974893241654,1.43709496222999,51.4046610563616,76.614,0.0374258130647216,175020.0
URY,Uruguay,Latin America & Caribbean ,2012,15949.3176985435,3335401,55.0611541633768,1.60724459656554,1.17962644777555,54.453768680746,76.691,0.0344525766639668,175020.0
URY,Uruguay,Latin America & Caribbean ,2013,16639.4054750651,3345337,49.7178464746233,1.68721815702608,1.29138043579779,57.69,76.953,0.0626792393829293,175020.0
URY,Uruguay,Latin America & Caribbean ,2014,17122.0364563225,3356334,49.0876240632174,1.74099456885648,1.45872376049256,61.4624951684405,77.194,0.158546383313004,175020.0
URY,Uruguay,Latin America & Caribbean ,2015,17125.9016800298,3368017,45.3282408087534,1.76584061733326,1.85218241655473,64.5707870971624,77.285,0.0419617780284561,175020.0
URY,Uruguay,Latin America & Caribbean ,2016,17357.2349992841,3379283,48.4705353074514,1.8091708739885,1.74168715941962,66.40000153,77.351,0.0332974335507448,175020.0
URY,Uruguay,Latin America & Caribbean ,2017,17611.6036800874,3388438,46.3779636198842,1.91114379023487,1.82938511988003,70.3223543994698,77.618,0.0677663395096234,175020.0
URY,Uruguay,Latin America & Caribbean ,2018,17608.94412947,3394534,47.7913453459107,2.07741613248953,1.97299244228802,80.7268428795854,77.527,,175020.0
URY,Uruguay,Latin America & Caribbean ,2019,17758.4384273402,3397206,49.7448660724665,2.0057166464094,1.70632780467724,83.3515337667548,77.503,,175020.0
URY,Uruguay,Latin America & Caribbean ,2020,16443.363490131,3398968,47.7318331202564,2.05692189335606,2.29343009292959,85.47100067,78.381,,175020.0
URY,Uruguay,Latin America & Caribbean ,2021,17416.0052308469,3396695,58.3150555063308,2.26205420416101,1.92773520463627,87.64440155,75.434,,175020.0
USA,United States,North America,1995,41710.8207256668,266278000,22.4533816490568,3.8602457917389,0.815170233171652,9.24,75.6219512195122,,9158960.0
USA,United States,North America,1996,42783.8165724095,269394000,22.6870719902412,3.55498220635218,0.999135594441053,16.4,76.0268292682927,,9158960.0
USA,United States,North America,1997,44151.6860410035,272657000,23.4283278026178,3.40556224418855,0.84570606694479,21.6,76.4292682926829,,9158960.0
USA,United States,North America,1998,45596.4306879224,275854000,22.8258939797637,3.20155849896996,0.548987113142318,30.1,76.5804878048781,,9158960.0
USA,United States,North America,1999,47234.2455290381,279040000,23.3135697296238,3.08567678324746,0.642858628809835,35.8,76.5829268292683,,9158960.0
USA,United States,North America,2000,48616.2546282435,282162411,25.1029855568536,3.11224214697679,1.11328917528516,43.0791626375201,76.6365853658537,,9161920.0
USA,United States,North America,2001,48597.4246124122,284968955,22.9671830154975,3.12380980266703,0.915678454324647,49.0808315896951,76.8365853658537,,9161920.0
USA,United States,North America,2002,48967.3661217576,287625193,22.2863842136065,3.44761809928778,0.689227378994075,58.7854038836952,76.9365853658537,,9161920.0
USA,United States,North America,2003,49905.5233080788,290107933,22.6272972866813,3.82716104473623,1.0459220644239,61.6971171244207,77.0365853658537,,9161920.0
USA,United States,North America,2004,51348.3473386025,292805298,24.4480566571904,4.01631273640692,1.25369196394813,64.7582564759896,77.4878048780488,,9161920.0
USA,United States,North America,2005,52649.5713060461,295516599,25.6385573436769,4.08923187524508,1.49664347432686,67.9681015,77.4878048780488,,9161920.0
USA,United States,North America,2006,53596.315236412,298379912,26.9752858058903,4.04134230166038,1.13066389011262,68.93119812,77.6878048780488,,9161920.0
USA,United States,North America,2007,54152.8292673551,301231207,28.0120155631098,4.07335051467688,1.07811498701399,75.0,77.9878048780488,,9161920.0
USA,United States,North America,2008,53703.962897927,304093966,29.8677875257061,4.44659552156261,1.92914075974883,74.0,78.0390243902439,,9147420.0
USA,United States,North America,2009,51863.6183416558,306771529,24.759527635837,4.87576835879774,0.743921134944805,71.0,78.390243902439,,9147420.0
USA,United States,North America,2010,52812.6829869279,309378227,28.2198829408336,4.90402300595835,0.968704075093042,71.69,78.5414634146342,,9147420.0
USA,United States,North America,2011,53215.5362314388,311839461,30.842478575914,4.82244197600452,1.23502930471558,69.7294607619268,78.6414634146341,,9147420.0
USA,United States,North America,2012,54000.8410778217,314339099,30.681839575193,4.4617099699335,0.776694501385092,74.7,78.7414634146342,,9147420.0
USA,United States,North America,2013,54728.860179812,316726282,29.9413062848227,4.02370560438155,0.750833995599957,71.4,78.7414634146342,,9147420.0
USA,United States,North America,2014,55665.2411187802,319257560,29.906569337428,3.67891817387645,0.703153661885122,73.0,78.8414634146341,,9147420.0
USA,United States,North America,2015,56849.4697923159,321815121,27.6882139340768,3.46449292564277,0.234371770177788,74.5542024462761,78.690243902439,,9147420.0
USA,United States,North America,2016,57430.8499298804,324353340,26.4525977865465,3.40260233575118,0.303325431060077,85.5444212887222,78.5390243902439,,9147420.0
USA,United States,North America,2017,58435.9707535619,326608609,27.1253382222874,3.2977234873792,0.427546323641111,87.2748891687657,78.5390243902439,,9147420.0
USA,United States,North America,2018,59817.6556798612,328529577,27.4453591302618,3.3040005391035,0.595678810382377,88.498903165152,78.6390243902439,,9147420.0
USA,United States,North America,2019,61047.9648238812,330226227,26.2584806245428,3.40921408383721,0.557098125905551,89.4302848575712,78.7878048780488,,9147420.0
USA,United States,North America,2020,59533.609024416,331578104,23.1399437509149,3.64518757294704,0.329505971924439,90.34470367,76.9804878048781,,9147420.0
USA,United States,North America,2021,63096.7856149746,332100166,25.2327260228331,3.40451991574826,1.27994423022721,91.2684021,76.3292682926829,,9147420.0
UZB,Uzbekistan,Europe & Central Asia,1995,1250.27933587957,22917589,,0.883906988706055,11.1179090432586,0.00153,64.67,0.628701606778828,425400.0
UZB,Uzbekistan,Europe & Central Asia,1996,1247.8810920149,23351981,,0.984546296961412,10.6468479718971,0.00429,64.78,0.631959380190467,425400.0
UZB,Uzbekistan,Europe & Central Asia,1997,1290.28380529458,23758960,57.1985913618542,1.11881208629618,10.1136804153901,0.0105,65.028,0.960077593849041,425400.0
UZB,Uzbekistan,Europe & Central Asia,1998,1324.80194060935,24134929,45.4179547762326,,1.90257531931013,0.0208,65.169,1.06152478915215,425400.0
UZB,Uzbekistan,Europe & Central Asia,1999,1362.51315204654,24476008,36.6188588125863,1.30640163668501,2.75191080361565,0.0307,65.307,0.924012513572395,425400.0
UZB,Uzbekistan,Europe & Central Asia,2000,1397.01202350998,24787054,44.0540299791129,0.91880954113644,13.0415850904654,0.484347307694947,65.456,1.36795502857977,435965.0
UZB,Uzbekistan,Europe & Central Asia,2001,1437.5947280451,25090283,56.776277587152,0.665921193229433,23.6268314045495,0.597567993875805,65.853,1.3363957095157,435911.0
UZB,Uzbekistan,Europe & Central Asia,2002,1476.49258739973,25399980,58.954524710746,0.476876688257673,20.2621767791619,1.08193974248733,66.376,1.92211628902364,435911.0
UZB,Uzbekistan,Europe & Central Asia,2003,1520.35493285443,25711259,70.4592746850874,0.429913341474552,21.8113636692648,1.91259517784997,66.852,1.91746975775119,435877.0
UZB,Uzbekistan,Europe & Central Asia,2004,1613.64273882937,26029350,76.5956691950086,,18.7848672272018,2.59372542084924,67.203,2.02944845202254,435853.0
UZB,Uzbekistan,Europe & Central Asia,2005,1704.33893207214,26356975,69.5252584247083,,15.384751249307,3.34350988825952,67.481,1.18366808165985,435849.0
UZB,Uzbekistan,Europe & Central Asia,2006,1807.87328626177,26699043,67.4712921717973,,25.5491555225991,6.38832196706805,67.905,0.867719729488372,435850.0
UZB,Uzbekistan,Europe & Central Asia,2007,1951.57878907892,27076008,74.4141929762327,,22.592298325054,7.49060468138629,68.483,0.721422098392653,435984.0
UZB,Uzbekistan,Europe & Central Asia,2008,2095.38214534409,27494774,79.7479920348578,,30.0514470934068,9.0801145234501,69.035,0.573820556154252,435967.0
UZB,Uzbekistan,Europe & Central Asia,2009,2228.0552685669,27939328,68.673142199791,,18.630930613669,11.9,69.517,0.495013913285575,435945.0
UZB,Uzbekistan,Europe & Central Asia,2010,2359.64199067641,28385506,44.1432918113775,,14.7836491186156,15.89999962,69.836,0.251547093000904,435892.0
UZB,Uzbekistan,Europe & Central Asia,2011,2512.68783806993,28823196,44.3313973754476,,19.0673372740717,18.6,70.143,0.209781571352684,435809.0
UZB,Uzbekistan,Europe & Central Asia,2012,2657.09909084172,29261903,39.6570271654711,,17.2844522443221,23.60000038,70.411,0.336228235076421,435800.0
UZB,Uzbekistan,Europe & Central Asia,2013,2823.00205379328,29724065,37.5113183619111,,14.6803511298882,26.79999924,70.692,0.351817535517489,435789.0
UZB,Uzbekistan,Europe & Central Asia,2014,2990.56339751192,30222994,32.1925400076306,,10.3618681106859,35.5,70.973,0.351298373420937,435789.0
UZB,Uzbekistan,Europe & Central Asia,2015,3172.89899391083,30749346,27.1724545801626,,7.25480371959986,42.79999924,71.33,0.455591812378803,440600.0
UZB,Uzbekistan,Europe & Central Asia,2016,3327.90932206401,31284568,25.6926479568511,,6.72025279446491,46.79130173,71.58,0.517654292174368,440591.0
UZB,Uzbekistan,Europe & Central Asia,2017,3425.78819696408,31819178,41.0443062055515,,12.0271937236882,48.6999988524556,71.737,0.86970014786476,440588.0
UZB,Uzbekistan,Europe & Central Asia,2018,3559.85436594803,32373490,61.395110017578,2.86661981035524,18.6507971459477,55.2000006732722,71.999,1.68415408546664,440587.0
UZB,Uzbekistan,Europe & Central Asia,2019,3733.50435754861,32964701,62.3003782302878,,10.8569985159248,70.3999986481458,72.093,1.62751451448214,440555.0
UZB,Uzbekistan,Europe & Central Asia,2020,3723.82133264406,33586372,53.1070769988551,,9.08357795040879,71.09999824,71.461,2.08215014834937,440650.0
UZB,Uzbekistan,Europe & Central Asia,2021,3951.99657327359,34243696,54.7477822134912,,20.46516083278,76.59043014,71.681,1.42655971711714,440653.0
VCT,St. Vincent and the Grenadines,Latin America & Caribbean ,1995,4468.26394261096,113047,,,0.0368255678169312,0.129,70.575,15.6417051769403,390.0
VCT,St. Vincent and the Grenadines,Latin America & Caribbean ,1996,4522.93058114134,113119,,,0.0255986941131515,0.483,70.466,8.1614276728751,390.0
VCT,St. Vincent and the Grenadines,Latin America & Caribbean ,1997,4680.55582185707,113141,,,0.0343912073578112,0.926,70.382,1.77209136572686,390.0
VCT,St. Vincent and the Grenadines,Latin America & Caribbean ,1998,4870.32086653059,113180,,,0.0273078795269573,1.85,70.263,5.73917417337618,390.0
VCT,St. Vincent and the Grenadines,Latin America & Caribbean ,1999,4994.11436770598,113366,,,0.0220430636250947,2.78,70.312,4.44042806328533,390.0
VCT,St. Vincent and the Grenadines,Latin America & Caribbean ,2000,5067.96739467376,113545,,,0.0197308869123896,3.24503741064558,70.35,1.54034541908251,390.0
VCT,St. Vincent and the Grenadines,Latin America & Caribbean ,2001,5158.56617678847,113501,,,0.0180467018441428,5.09480977832946,70.382,1.82230707794831,390.0
VCT,St. Vincent and the Grenadines,Latin America & Caribbean ,2002,5441.52648867536,113347,,,0.0151801262417854,5.54959487957379,70.658,0.972007497785095,390.0
VCT,St. Vincent and the Grenadines,Latin America & Caribbean ,2003,5816.20788359407,113141,,,0.015347834892368,6.46227416659743,70.43,1.29250857731118,390.0
VCT,St. Vincent and the Grenadines,Latin America & Caribbean ,2004,6071.94945269221,112835,,,0.0145943068486417,7.37116584201749,70.445,2.03408748186352,390.0
VCT,St. Vincent and the Grenadines,Latin America & Caribbean ,2005,6244.35953746008,112450,,,0.0134063462217842,9.19827808234299,70.454,1.42794839033887,390.0
VCT,St. Vincent and the Grenadines,Latin America & Caribbean ,2006,6707.27875985734,112014,,,0.0171699193285803,12.0,70.434,0.776406801355181,390.0
VCT,St. Vincent and the Grenadines,Latin America & Caribbean ,2007,6960.17151500732,111531,,,0.0157871725548066,16.0,70.446,9.5216323954537,390.0
VCT,St. Vincent and the Grenadines,Latin America & Caribbean ,2008,7019.9950843874,111028,,,0.0161514365672412,21.0,70.611,3.70185379569314,390.0
VCT,St. Vincent and the Grenadines,Latin America & Caribbean ,2009,6955.82358345268,110508,,,0.0148951275322513,31.0,70.712,4.10432822282195,390.0
VCT,St. Vincent and the Grenadines,Latin America & Caribbean ,2010,6678.04200697308,109959,,,0.0333656636694466,33.70000076,70.66,2.30312260476677,390.0
VCT,St. Vincent and the Grenadines,Latin America & Caribbean ,2011,6674.58198966102,109349,,,0.028465453623185,36.70000076,70.609,2.53335438037497,390.0
VCT,St. Vincent and the Grenadines,Latin America & Caribbean ,2012,6790.68325958275,108736,,,0.0269643348103745,40.0,70.539,1.14468359782794,390.0
VCT,St. Vincent and the Grenadines,Latin America & Caribbean ,2013,6996.57386151332,108135,,,0.034115439439788,43.5,70.091,1.11956564767271,390.0
VCT,St. Vincent and the Grenadines,Latin America & Caribbean ,2014,7116.22071347207,107535,,,0.0423946065801886,47.4,70.355,1.33785239505301,390.0
VCT,St. Vincent and the Grenadines,Latin America & Caribbean ,2015,7353.73556054184,106960,,,0.0312630692791454,49.40000153,70.463,1.76016350874309,390.0
VCT,St. Vincent and the Grenadines,Latin America & Caribbean ,2016,7702.8942635647,106349,,,0.0407859033307733,51.5,70.7,1.13133706804751,390.0
VCT,St. Vincent and the Grenadines,Latin America & Caribbean ,2017,7872.92690537077,105663,,,0.0329828886778541,53.70000076,71.013,1.41230644187295,390.0
VCT,St. Vincent and the Grenadines,Latin America & Caribbean ,2018,8179.99598957084,104926,,,0.0209304790297473,56.0,71.017,2.05685952053976,390.0
VCT,St. Vincent and the Grenadines,Latin America & Caribbean ,2019,8294.67434486665,104167,,,0.018299980174056,59.57630157,70.994,9.29651990257923,390.0
VCT,St. Vincent and the Grenadines,Latin America & Caribbean ,2020,7989.74651933597,103526,,,0.0256464367493511,63.38100052,69.605,8.88817341524276,390.0
VCT,St. Vincent and the Grenadines,Latin America & Caribbean ,2021,8211.33588012942,102841,,,0.0193291690653381,68.83339691,69.132,14.4869430698902,390.0
VEN,"Venezuela, RB",Latin America & Caribbean ,1995,3973.55920518961,22193821,0.0,1.54906215977261,15.1363210095652,0.122,71.714,0.0594593626241813,882050.0
VEN,"Venezuela, RB",Latin America & Caribbean ,1996,3881.59743994053,22662113,0.0,1.03948338355238,23.8367720643582,0.248,71.92,0.0524281429916007,882050.0
VEN,"Venezuela, RB",Latin America & Caribbean ,1997,4044.09570748455,23131685,0.0,1.79528505216579,18.0963540802062,0.391,72.56,0.0088769963958726,882050.0
VEN,"Venezuela, RB",Latin America & Caribbean ,1998,3982.54013627533,23601337,0.0,1.58855520454273,9.06347009522954,1.38,72.446,0.0452396124472916,882050.0
VEN,"Venezuela, RB",Latin America & Caribbean ,1999,3673.62857141093,24066593,0.0,1.43719900378467,13.269532614572,2.84,72.088,0.0453632623518278,882050.0
VEN,"Venezuela, RB",Latin America & Caribbean ,2000,3732.15152475602,24526708,0.0,1.52657012884905,20.5761295010598,3.3595974645036,72.388,0.0675068614760506,882050.0
VEN,"Venezuela, RB",Latin America & Caribbean ,2001,3789.56578237406,24979922,0.0,1.55510791113255,15.3442903568827,4.63600094778677,71.019,0.0372427152656055,882050.0
VEN,"Venezuela, RB",Latin America & Caribbean ,2002,3396.89746362025,25435671,0.0,1.15337359551171,19.4545884689745,4.91044632720325,72.823,0.0638825303733608,882050.0
VEN,"Venezuela, RB",Latin America & Caribbean ,2003,3078.26141026099,25892703,0.0,1.18269062721142,21.8955843439596,7.49996346522407,72.056,0.101215854895886,882050.0
VEN,"Venezuela, RB",Latin America & Caribbean ,2004,3576.82370624267,26340838,0.0,1.28830181236512,23.8297115705399,8.40446959241215,72.752,0.0428280041344901,882050.0
VEN,"Venezuela, RB",Latin America & Caribbean ,2005,3875.81409628464,26785804,0.0,1.83171374924625,29.2230041014033,12.5529979098299,73.075,0.0340535841354326,882050.0
VEN,"Venezuela, RB",Latin America & Caribbean ,2006,4190.56607050126,27224686,0.0,1.9784922172232,28.0774680117788,15.2247114771787,72.972,0.031374023704989,882050.0
VEN,"Venezuela, RB",Latin America & Caribbean ,2007,4489.56571662594,27649363,0.0,1.88899310620025,23.1186941835454,20.83,73.348,0.0313675214173523,882050.0
VEN,"Venezuela, RB",Latin America & Caribbean ,2008,4655.65136715099,28053696,0.0,1.79355285179574,23.9223070628002,25.88,72.578,0.0189684614808185,882050.0
VEN,"Venezuela, RB",Latin America & Caribbean ,2009,4451.37446074164,28438298,0.0,1.23107041540807,10.5416668243022,32.7,72.785,0.0180511983183216,882050.0
VEN,"Venezuela, RB",Latin America & Caribbean ,2010,4323.73301534677,28813101,0.0,1.01348862784929,12.380878328857,37.37,73.092,0.0125096108451562,882050.0
VEN,"Venezuela, RB",Latin America & Caribbean ,2011,4444.55159079494,29185212,0.0,1.13040534078431,24.4753357613612,40.22,73.09,0.0158810649495964,882050.0
VEN,"Venezuela, RB",Latin America & Caribbean ,2012,4638.41209800487,29553826,50.7514450867052,1.34147173233053,18.7812359044725,49.0500830729861,73.086,0.0140787093806355,882050.0
VEN,"Venezuela, RB",Latin America & Caribbean ,2013,4642.55149314778,29912198,62.5819672131148,1.66955178280415,17.6253449138361,54.90000153,73.076,0.0151451519132444,882050.0
VEN,"Venezuela, RB",Latin America & Caribbean ,2014,4412.9795921313,30254079,64.0956340956341,1.16181680999136,11.8465082797294,57.0,72.837,0.020793611622377,882050.0
VEN,"Venezuela, RB",Latin America & Caribbean ,2015,4096.61989137473,30573972,60.377358490566,0.941375968866619,,58.0,73.004,0.0311197644930695,882050.0
VEN,"Venezuela, RB",Latin America & Caribbean ,2016,3374.43091608185,30765720,41.3927576601671,0.454046014282467,,60.0,72.002,0.0409512003893944,882050.0
VEN,"Venezuela, RB",Latin America & Caribbean ,2017,2863.33227846365,30565323,42.6149425287356,2.23333219917076,,,71.903,0.0801620644800587,882050.0
VEN,"Venezuela, RB",Latin America & Caribbean ,2018,2359.38238345005,29807592,54.6332963725646,0.150853892569221,,,72.641,0.158570816621299,882050.0
VEN,"Venezuela, RB",Latin America & Caribbean ,2019,1759.05547364548,28938098,58.1288399985284,1.79230375763991,,49.05009842,72.766,0.378741658938603,882050.0
VEN,"Venezuela, RB",Latin America & Caribbean ,2020,1255.86457068119,28444077,26.0905679013051,1.57552271230291,,72.44110107,72.369,0.799384817298155,882050.0
VEN,"Venezuela, RB",Latin America & Caribbean ,2021,1272.94397516527,28237826,29.2263872682484,0.313630729266034,,74.11219788,71.536,0.493809162075709,882050.0
VGB,British Virgin Islands,Latin America & Caribbean ,1995,,17840,,,,,74.089,,150.0
VGB,British Virgin Islands,Latin America & Caribbean ,1996,,18287,,,,,74.341,,150.0
VGB,British Virgin Islands,Latin America & Caribbean ,1997,,18756,,,,,74.469,,150.0
VGB,British Virgin Islands,Latin America & Caribbean ,1998,,19238,,,,,74.569,,150.0
VGB,British Virgin Islands,Latin America & Caribbean ,1999,,19730,,,,,74.652,,150.0
VGB,British Virgin Islands,Latin America & Caribbean ,2000,,20241,,,,,74.753,,150.0
VGB,British Virgin Islands,Latin America & Caribbean ,2001,,20796,,,,,74.831,,150.0
VGB,British Virgin Islands,Latin America & Caribbean ,2002,,21430,,,,18.8857412653447,74.971,,150.0
VGB,British Virgin Islands,Latin America & Caribbean ,2003,,22134,,,,,75.183,,150.0
VGB,British Virgin Islands,Latin America & Caribbean ,2004,,22881,,,,,75.404,,150.0
VGB,British Virgin Islands,Latin America & Caribbean ,2005,,23665,,,,,75.569,,150.0
VGB,British Virgin Islands,Latin America & Caribbean ,2006,,24493,,,,,75.745,,150.0
VGB,British Virgin Islands,Latin America & Caribbean ,2007,,25366,,,,,75.893,,150.0
VGB,British Virgin Islands,Latin America & Caribbean ,2008,,26288,,,,,76.07,,150.0
VGB,British Virgin Islands,Latin America & Caribbean ,2009,,27218,,,,36.0,76.205,,150.0
VGB,British Virgin Islands,Latin America & Caribbean ,2010,,27675,,,,37.0,76.289,,150.0
VGB,British Virgin Islands,Latin America & Caribbean ,2011,,28710,,,,37.4,76.363,,150.0
VGB,British Virgin Islands,Latin America & Caribbean ,2012,,30345,,,,37.6,76.433,,150.0
VGB,British Virgin Islands,Latin America & Caribbean ,2013,,31703,,,,,76.472,,150.0
VGB,British Virgin Islands,Latin America & Caribbean ,2014,,32962,,,,,76.527,,150.0
VGB,British Virgin Islands,Latin America & Caribbean ,2015,,34498,,,,,76.558,,150.0
VGB,British Virgin Islands,Latin America & Caribbean ,2016,,33878,,,,77.7014296797074,76.624,,150.0
VGB,British Virgin Islands,Latin America & Caribbean ,2017,,32699,,,,77.7042682926829,75.67,,150.0
VGB,British Virgin Islands,Latin America & Caribbean ,2018,,34657,,,,,76.728,,150.0
VGB,British Virgin Islands,Latin America & Caribbean ,2019,,36395,,,,,76.845,,150.0
VGB,British Virgin Islands,Latin America & Caribbean ,2020,,37135,,,,,76.894,,150.0
VGB,British Virgin Islands,Latin America & Caribbean ,2021,,37809,,,,,75.297,,150.0
VIR,Virgin Islands (U.S.),Latin America & Caribbean ,1995,,107818,,,,2.8,71.1666097560976,,350.0
VIR,Virgin Islands (U.S.),Latin America & Caribbean ,1996,,108095,,,,4.65,71.575512195122,,350.0
VIR,Virgin Islands (U.S.),Latin America & Caribbean ,1997,,108357,,,,6.95,70.9152195121951,,350.0
VIR,Virgin Islands (U.S.),Latin America & Caribbean ,1998,,108537,,,,9.25,71.2462682926829,,350.0
VIR,Virgin Islands (U.S.),Latin America & Caribbean ,1999,,108599,,,,11.1,71.1116097560976,,350.0
VIR,Virgin Islands (U.S.),Latin America & Caribbean ,2000,,108642,,,,13.8150805419196,76.619512195122,,350.0
VIR,Virgin Islands (U.S.),Latin America & Caribbean ,2001,,108549,,,,18.3757660397468,77.6219512195122,,350.0
VIR,Virgin Islands (U.S.),Latin America & Caribbean ,2002,43205.7246740388,108509,283.169834457388,,0.0,27.4944323774436,77.5219512195122,,350.0
VIR,Virgin Islands (U.S.),Latin America & Caribbean ,2003,43036.1815136022,108505,362.968341562591,,5.53610623916158e-05,27.4290729887632,77.5219512195122,,350.0
VIR,Virgin Islands (U.S.),Latin America & Caribbean ,2004,44466.2872190216,108466,435.159336318146,,4.55087436911593,27.3770087880198,77.7731707317073,,350.0
VIR,Virgin Islands (U.S.),Latin America & Caribbean ,2005,46021.5905731819,108453,503.206865401987,,2.303477558914,27.3443196733265,77.4219512195122,,350.0
VIR,Virgin Islands (U.S.),Latin America & Caribbean ,2006,47671.567182812,108369,552.118644067797,,2.4815703726033,27.3326105376325,78.3243902439024,,350.0
VIR,Virgin Islands (U.S.),Latin America & Caribbean ,2007,49598.1259079427,108337,560.367892976589,,3.8258764076629,27.3393358364014,76.8634146341463,,350.0
VIR,Virgin Islands (U.S.),Latin America & Caribbean ,2008,50174.7528938473,108397,863.195098963242,,9.54949861751269,27.3617774210613,77.1634146341463,,350.0
VIR,Virgin Islands (U.S.),Latin America & Caribbean ,2009,46862.8076001874,108404,508.402761247322,,1.83139190991551,27.3965096846662,77.5146341463415,,350.0
VIR,Virgin Islands (U.S.),Latin America & Caribbean ,2010,47162.7375570431,108357,586.401480111008,,3.45978934522894,31.22,77.8658536585366,,350.0
VIR,Virgin Islands (U.S.),Latin America & Caribbean ,2011,43320.176769501,108290,679.232772910253,,4.1047335352688,35.6,78.3170731707317,,350.0
VIR,Virgin Islands (U.S.),Latin America & Caribbean ,2012,36938.1682086351,108188,157.177794081683,,1.96183734012522,40.5479,78.5170731707317,,350.0
VIR,Virgin Islands (U.S.),Latin America & Caribbean ,2013,34663.6460602129,108041,142.241840556447,,1.34622849772001,45.3,78.7170731707317,,350.0
VIR,Virgin Islands (U.S.),Latin America & Caribbean ,2014,34098.7109972738,107882,164.291725105189,,0.85274473054265,50.07,78.8682926829268,,350.0
VIR,Virgin Islands (U.S.),Latin America & Caribbean ,2015,34007.3529411765,107712,84.7665847665848,,0.448439817567942,54.839137296,79.0170731707317,,350.0
VIR,Virgin Islands (U.S.),Latin America & Caribbean ,2016,34614.7482633247,107516,113.296471827278,,0.440640386181765,59.60831579895,79.1682926829268,,350.0
VIR,Virgin Islands (U.S.),Latin America & Caribbean ,2017,34435.4944455756,107281,157.696362677913,,0.458057890874122,64.3774942980087,79.3682926829268,,350.0
VIR,Virgin Islands (U.S.),Latin America & Caribbean ,2018,35174.1019944986,107001,159.240377262299,,0.372382849153501,,79.5195121951219,,350.0
VIR,Virgin Islands (U.S.),Latin America & Caribbean ,2019,36309.7438446842,106669,155.4234409124,,0.247081553705368,,79.6682926829268,,350.0
VIR,Virgin Islands (U.S.),Latin America & Caribbean ,2020,35850.7433148653,106290,113.596594939702,,0.205447216042101,,79.819512195122,,350.0
VIR,Virgin Islands (U.S.),Latin America & Caribbean ,2021,37313.0484931531,105870,180.297315287331,,,,80.0682926829268,,350.0
VNM,Viet Nam,East Asia & Pacific,1995,927.625512005765,72049940,74.7212659206088,,7.28047435709847,,70.871,3.75537843928603,325490.0
VNM,Viet Nam,East Asia & Pacific,1996,998.924907248853,73156447,92.7057468018939,,7.00278823071902,0.000135,71.296,3.72438597361357,325490.0
VNM,Viet Nam,East Asia & Pacific,1997,1064.77802859908,74226889,94.3444840684516,,5.75041182361485,0.00398,71.67,3.22554562632484,325490.0
VNM,Viet Nam,East Asia & Pacific,1998,1110.1126773248,75299660,97.0012485118429,,4.5585937085968,0.0131,72.283,3.95089687186579,325490.0
VNM,Viet Nam,East Asia & Pacific,1999,1148.04465210832,76287452,102.787406603958,,5.6404762468781,0.129,72.575,4.40208592256148,325490.0
VNM,Viet Nam,East Asia & Pacific,2000,1212.19657794381,77154011,111.417094419512,,9.69222818683314,0.254248275754934,72.746,4.83393543954672,311060.0
VNM,Viet Nam,East Asia & Pacific,2001,1273.8052690094,77969361,111.955937998525,,7.98035643169834,1.26565123612317,72.984,3.8949000204821,311090.0
VNM,Viet Nam,East Asia & Pacific,2002,1340.51670460271,78772224,116.696868652499,,7.4254913633254,1.85499923592581,73.138,3.08507058118226,310550.0
VNM,Viet Nam,East Asia & Pacific,2003,1418.74337471509,79563777,124.327954439125,2.12864112884164,7.95488668034576,3.78028081370641,73.236,3.94089664268723,310070.0
VNM,Viet Nam,East Asia & Pacific,2004,1510.94449049599,80338971,133.016497868747,2.01437983970519,11.7642910494755,7.64240852842363,73.062,3.7194078561081,310070.0
VNM,Viet Nam,East Asia & Pacific,2005,1609.96268313651,81088313,130.714846045026,1.78096085234042,12.1341965365962,12.7399292907031,73.198,2.99332424920426,312837.0
VNM,Viet Nam,East Asia & Pacific,2006,1699.67620343393,82167897,138.313621869598,1.93836458436365,12.2305390234099,17.2545617186662,73.293,2.60232903445206,312795.0
VNM,Viet Nam,East Asia & Pacific,2007,1788.9485028957,83633375,154.605383996554,2.30475733676407,11.4131853552874,20.7554447679753,73.385,3.11873414046993,312558.0
VNM,Viet Nam,East Asia & Pacific,2008,1856.00519883979,85175788,154.317479627758,2.15637292727254,13.9196883964883,23.92,73.455,2.41265527442172,312792.0
VNM,Viet Nam,East Asia & Pacific,2009,1927.13427057454,86460018,134.706317721758,2.26520866993266,7.40088651172265,26.55,73.525,3.28052266497676,312762.0
VNM,Viet Nam,East Asia & Pacific,2010,2027.58184375924,87455152,113.977687539714,1.81539587772715,7.4812809152762,30.65,73.611,1.33844437226168,313294.0
VNM,Viet Nam,East Asia & Pacific,2011,2132.90453762087,88468314,125.260577940829,1.55654936250578,9.06944428635118,35.07,73.713,1.98615765962449,313284.0
VNM,Viet Nam,East Asia & Pacific,2012,2224.11404253256,89510356,123.224116745985,1.71831331991755,7.29867693307343,36.79999924,73.762,2.17219868944015,313457.0
VNM,Viet Nam,East Asia & Pacific,2013,2320.08431444934,90573104,130.846354866743,1.74407703676771,5.91331153505454,38.5,73.821,1.97972552084625,313007.33
VNM,Viet Nam,East Asia & Pacific,2014,2439.28655744423,91679578,135.410521454361,1.82295771785959,5.66094916066902,41.0,73.886,1.87689874659763,313371.0
VNM,Viet Nam,East Asia & Pacific,2015,2577.56885340113,92823254,144.914228195237,1.90702805588388,3.38333033260239,45.0,73.955,1.39461008493105,313383.0
VNM,Viet Nam,East Asia & Pacific,2016,2715.57887431272,94000117,145.409507973118,1.95056176952778,2.68357593807147,53.0,73.984,1.1961451189338,313387.0
VNM,Viet Nam,East Asia & Pacific,2017,2868.13680013379,95176977,160.98008365887,1.80387228671057,3.21350443557147,58.1400000036297,74.026,0.910699779837221,313403.0
VNM,Viet Nam,East Asia & Pacific,2018,3048.28327602145,96237319,164.663936775893,1.80650138874311,3.26009968480725,69.8479286837965,74.1,0.558921597096612,313429.0
VNM,Viet Nam,East Asia & Pacific,2019,3241.07648966529,97173776,164.704215031408,,2.50068260501281,68.6615802057338,74.211,0.342992317246203,313429.0
VNM,Viet Nam,East Asia & Pacific,2020,3303.16949807493,98079191,163.245862814935,,1.8108819584417,70.30000012,75.383,0.353395254058579,313429.0
VNM,Viet Nam,East Asia & Pacific,2021,3358.21734764714,98935098,186.675832836814,,2.54701708790768,74.20999985,74.145,0.151801839170189,313429.0
VUT,Vanuatu,East Asia & Pacific,1995,3087.19404922191,167137,91.9615068150109,,0.938812813187722,,68.104,20.9763685995718,12190.0
VUT,Vanuatu,East Asia & Pacific,1996,3089.28646118538,170911,92.9417808219178,,0.908437357701725,0.0568,68.176,13.3860669564946,12190.0
VUT,Vanuatu,East Asia & Pacific,1997,3171.92553062882,174626,96.196924634563,,0.690819286912999,0.14,68.309,11.1627411076209,12190.0
VUT,Vanuatu,East Asia & Pacific,1998,3142.89632206241,178313,94.7409334170479,,0.647688718052586,0.274,68.372,11.6151605210642,12190.0
VUT,Vanuatu,East Asia & Pacific,1999,3088.79816363894,182048,91.232330240222,,0.830092672505644,0.538,67.924,11.8302352215324,12190.0
VUT,Vanuatu,East Asia & Pacific,2000,3197.45596137228,186281,87.1557917790657,,0.802617573481721,2.10833689115184,68.586,13.7018358274476,12190.0
VUT,Vanuatu,East Asia & Pacific,2001,3012.01602489196,191031,87.7721451440768,,0.75567411241593,2.83057223877678,68.722,11.4419087718614,12190.0
VUT,Vanuatu,East Asia & Pacific,2002,2784.99720920365,195863,91.6997236888901,,0.798636115210123,3.51003871071264,68.836,10.8711626814732,12190.0
VUT,Vanuatu,East Asia & Pacific,2003,2833.77914920751,200746,91.5679895901106,,0.912412528807683,3.90329584542948,68.933,11.0009513442329,12190.0
VUT,Vanuatu,East Asia & Pacific,2004,2875.65032353901,205711,98.7059775016543,,0.675079281587889,4.74660261917533,68.985,11.1480122806299,12190.0
VUT,Vanuatu,East Asia & Pacific,2005,2955.66861124127,210760,100.173820339297,,0.56881892988079,5.082300186,69.166,10.9237503563341,12190.0
VUT,Vanuatu,East Asia & Pacific,2006,3129.08540327369,215923,89.5414618090556,,0.65556136825846,5.850599766,69.126,11.8273623008978,12190.0
VUT,Vanuatu,East Asia & Pacific,2007,3141.20026364818,221276,90.1716511021211,,0.783751103579609,6.800000191,69.144,11.7189492450368,12190.0
VUT,Vanuatu,East Asia & Pacific,2008,3234.97623699324,226896,105.774852580058,,0.975476260660565,7.26911992337492,69.302,15.8305329628658,12190.0
VUT,Vanuatu,East Asia & Pacific,2009,3249.66193798709,232731,108.489179063187,,0.871792337326022,7.5,69.422,17.7020522025928,12190.0
VUT,Vanuatu,East Asia & Pacific,2010,3214.3726213639,238248,103.823312203828,,0.832399543964073,8.0,69.57,16.8665757142958,12190.0
VUT,Vanuatu,East Asia & Pacific,2011,3244.13703026186,243474,96.9987664175314,,0.844354134271983,9.199999809,69.729,12.3662073622638,12190.0
VUT,Vanuatu,East Asia & Pacific,2012,3205.68705963169,248883,104.451629665983,,0.801186721952393,10.59799957,69.898,14.4656613027988,12190.0
VUT,Vanuatu,East Asia & Pacific,2013,3149.6849727764,254482,93.4638521005109,,0.752150306423104,11.30000019,69.986,10.583169057837,12190.0
VUT,Vanuatu,East Asia & Pacific,2014,3175.63375342175,260240,91.3913104611923,,0.987395102309584,18.79999924,70.043,11.1544238790762,12190.0
VUT,Vanuatu,East Asia & Pacific,2015,3214.41948587141,266101,92.5427728613569,,0.815485061379561,22.35140038,70.163,21.2528443995794,12190.0
VUT,Vanuatu,East Asia & Pacific,2016,3257.49719984988,272087,93.2943778278248,,0.816331822730397,,70.397,13.7717274400261,12190.0
VUT,Vanuatu,East Asia & Pacific,2017,3316.81034596861,278507,90.0680828139658,,0.902392843807671,,70.5,12.6281417618501,12190.0
VUT,Vanuatu,East Asia & Pacific,2018,3319.75630455318,285259,89.6801368961432,,0.60798151676621,,70.626,11.5961690078323,12190.0
VUT,Vanuatu,East Asia & Pacific,2019,3349.5593410421,291985,85.2923789349229,,0.547725243089635,,70.783,11.0573972166038,12190.0
VUT,Vanuatu,East Asia & Pacific,2020,3085.16558189305,298858,65.4819913449416,,0.629507608350041,,70.385,13.8469964389378,12190.0
VUT,Vanuatu,East Asia & Pacific,2021,2979.39062838967,305868,60.1426638378911,,0.568069760913224,,69.952,13.2492891882687,12190.0
WSM,Samoa,East Asia & Pacific,1995,2589.40524057852,174571,,,2.02450058778076,,69.469,19.5845312724397,2830.0
WSM,Samoa,East Asia & Pacific,1996,2751.65426684601,176071,,,1.85156487059107,,69.767,14.3128831270717,2830.0
WSM,Samoa,East Asia & Pacific,1997,2746.33660844689,177547,,,1.2951021020926,0.175,70.045,10.8605745134182,2830.0
WSM,Samoa,East Asia & Pacific,1998,2785.31171323751,178905,,,1.29191261556716,0.23,70.308,13.3898041326316,2830.0
WSM,Samoa,East Asia & Pacific,1999,2824.55330392791,180275,,,1.08116476851778,0.285,70.555,10.4816090842454,2830.0
WSM,Samoa,East Asia & Pacific,2000,2945.37217923198,181685,,,0.47111704310974,0.566392532680849,70.791,11.820485106309,2830.0
WSM,Samoa,East Asia & Pacific,2001,3137.46403765812,183166,,,0.551007408390949,1.68990283058724,71.028,16.3933543266333,2830.0
WSM,Samoa,East Asia & Pacific,2002,3291.3424477268,184471,87.9199711386734,,0.567747940965295,2.24483267578443,71.233,14.522722595377,2830.0
WSM,Samoa,East Asia & Pacific,2003,3444.99857743289,185430,76.272148769255,,0.558162847387572,2.79963044878076,71.441,10.7640203735322,2830.0
WSM,Samoa,East Asia & Pacific,2004,3535.73813824914,186249,72.5293703149674,,0.403326023249032,3.07552941044897,71.508,8.00780424619942,2830.0
WSM,Samoa,East Asia & Pacific,2005,3755.78242822467,186978,76.2247442670718,,0.311289651963659,3.35259211246829,71.487,9.78060321500747,2830.0
WSM,Samoa,East Asia & Pacific,2006,3820.92239453139,187709,82.4691938417408,,0.259331274861089,4.46917387320954,71.62,10.3785092600733,2830.0
WSM,Samoa,East Asia & Pacific,2007,3818.25503804332,188753,83.2022041824641,,0.330598374650033,4.75,71.605,7.28553282093282,2830.0
WSM,Samoa,East Asia & Pacific,2008,3925.8743329936,190107,73.8864270586579,,0.468263247489721,5.031599998,71.531,6.74414136009505,2830.0
WSM,Samoa,East Asia & Pacific,2009,3875.94291686166,191513,75.9793921615973,,0.443535455037048,6.0,69.486,11.3299759132541,2830.0
WSM,Samoa,East Asia & Pacific,2010,4081.15535978003,193023,78.5698016774915,,0.410594291707161,7.0,71.451,15.3333363733388,2830.0
WSM,Samoa,East Asia & Pacific,2011,4201.45663738908,194713,81.600955014363,,0.479148651100215,11.0,71.393,12.3986870914422,2830.0
WSM,Samoa,East Asia & Pacific,2012,4007.91092846814,196498,82.7339794775292,,0.39649921551572,12.92249966,71.159,15.7158815008836,2830.0
WSM,Samoa,East Asia & Pacific,2013,3976.39289268132,198268,77.877751737476,,0.354470433710273,15.30000019,71.229,14.6717734560995,2830.0
WSM,Samoa,East Asia & Pacific,2014,3967.23730470679,200037,80.5007740440855,,0.514371821253179,21.20000076,71.142,12.2561655203972,2830.0
WSM,Samoa,East Asia & Pacific,2015,4084.36083819933,201782,74.6343550051873,,0.385043626528853,,71.06,11.6017151369859,2830.0
WSM,Samoa,East Asia & Pacific,2016,4373.23792440391,203499,75.2118174672901,,0.425429774129313,,71.003,10.7408203595479,2830.0
WSM,Samoa,East Asia & Pacific,2017,4393.37316255965,205415,74.0110807608335,,0.482469410561221,,70.991,15.8597255998171,2780.0
WSM,Samoa,East Asia & Pacific,2018,4321.00518344962,207582,78.9349684295151,,0.264678611319933,,71.052,15.0831962737277,2780.0
WSM,Samoa,East Asia & Pacific,2019,4466.08075482035,209780,83.3310795816457,,0.232259603701569,,70.269,14.2371527072521,2780.0
WSM,Samoa,East Asia & Pacific,2020,4283.06392492734,211944,77.4847998856019,,0.301640791056231,,70.727,19.9605864722959,2780.0
WSM,Samoa,East Asia & Pacific,2021,4032.1373106241,213779,59.7697795919357,,0.280275449205485,,71.096,10.1604899595608,2780.0
XKX,Kosovo,Europe & Central Asia,1995,,2137514,,,,,68.782,,
XKX,Kosovo,Europe & Central Asia,1996,,2168753,,,,,69.359,,
XKX,Kosovo,Europe & Central Asia,1997,,2197284,,,,,69.862,,
XKX,Kosovo,Europe & Central Asia,1998,,2078964,,,,,68.58,,
XKX,Kosovo,Europe & Central Asia,1999,,1871524,,,,,58.265,,
XKX,Kosovo,Europe & Central Asia,2000,,1802493,,,,,71.321,,
XKX,Kosovo,Europe & Central Asia,2001,,1820009,,,,,71.782,,
XKX,Kosovo,Europe & Central Asia,2002,,1829462,,,,,72.227,,
XKX,Kosovo,Europe & Central Asia,2003,,1826434,,,,,72.678,,
XKX,Kosovo,Europe & Central Asia,2004,,1822773,,,,,73.132,,
XKX,Kosovo,Europe & Central Asia,2005,,1818354,,,,,73.437,,
XKX,Kosovo,Europe & Central Asia,2006,,1813079,,,,,73.63,,
XKX,Kosovo,Europe & Central Asia,2007,,1807094,,,,,74.422,,
XKX,Kosovo,Europe & Central Asia,2008,2543.5980687089,1800858,76.7307430830911,0.0163027941392356,3.46974810931307,,74.711,,
XKX,Kosovo,Europe & Central Asia,2009,2680.85995592712,1794681,77.7553766977497,0.481597270513536,1.27548398495597,,74.79,15.2700132064796,
XKX,Kosovo,Europe & Central Asia,2010,2822.63227046091,1788743,82.1774799739022,0.722607027057869,2.55556688241113,,74.609,9.69822446656901,
XKX,Kosovo,Europe & Central Asia,2011,2995.64811314457,1791949,86.1517494661872,0.804774182927632,2.41955836525131,,75.323,8.97689904502077,
XKX,Kosovo,Europe & Central Asia,2012,3021.35000691677,1807126,81.3639162574412,0.703950801287396,0.984751666231743,,75.75,8.90982135878791,
XKX,Kosovo,Europe & Central Asia,2013,3163.4704088827,1818119,75.1034836607029,0.721739287326993,0.528578459655645,,76.336,8.24378267305474,
XKX,Kosovo,Europe & Central Asia,2014,3279.02345017707,1812788,77.0760521643276,0.758327843608571,0.522780519330801,,76.179,8.01862434964991,
XKX,Kosovo,Europe & Central Asia,2015,3520.62685324451,1788274,74.0204422546574,0.794280304031609,0.345818043207918,,76.024,6.84228574068154,
XKX,Kosovo,Europe & Central Asia,2016,3739.17386677497,1777568,75.0188123077463,0.777866853947473,0.394911793338711,,76.748,5.46971488970066,
XKX,Kosovo,Europe & Central Asia,2017,3890.17624537261,1791019,80.4101373469745,0.802900990332654,0.559517101853948,83.8935968102791,77.105,5.35688771371857,
XKX,Kosovo,Europe & Central Asia,2018,4009.11952439378,1797086,86.3150846710967,0.804420588442497,0.582555742632103,89.4430319734879,77.117,4.30722285996677,
XKX,Kosovo,Europe & Central Asia,2019,4219.06495675744,1788891,85.7534085053482,0.831725992996201,0.403302686372993,,77.249,4.28067762284735,
XKX,Kosovo,Europe & Central Asia,2020,3990.94425586648,1790151,75.6080171280001,1.02303890223714,0.405629883811269,,74.212,6.88138715177698,
XKX,Kosovo,Europe & Central Asia,2021,4429.87389440857,1786079,98.6384304855253,0.845929878221182,0.928898942515976,,74.981,4.73972544769984,
YEM,"Yemen, Rep.","Middle East, North Africa, Afghanistan & Pakistan",1995,1927.42298079078,16740058,87.4446919838225,6.35057848305458,40.1598943510304,,60.532,1.40352151087987,527970.0
YEM,"Yemen, Rep.","Middle East, North Africa, Afghanistan & Pakistan",1996,1949.99754744654,17313177,85.9391074430978,5.28134594096812,36.5843551114901,0.000621,60.884,4.25682329113019,527970.0
YEM,"Yemen, Rep.","Middle East, North Africa, Afghanistan & Pakistan",1997,1987.6265785116,17873936,80.145988654048,5.80575259672107,29.832525277783,0.015,61.34,5.70935807878228,527970.0
YEM,"Yemen, Rep.","Middle East, North Africa, Afghanistan & Pakistan",1998,2041.67107777046,18446013,72.6619985473237,6.08156870413826,21.6895961696112,0.0233,61.788,6.60934681942907,527970.0
YEM,"Yemen, Rep.","Middle East, North Africa, Afghanistan & Pakistan",1999,2053.79786274001,19029420,72.0039277408966,5.17272243639362,28.9441851432533,0.0566,62.275,6.63669431402041,527970.0
YEM,"Yemen, Rep.","Middle East, North Africa, Afghanistan & Pakistan",2000,2114.67265566851,19624141,75.4388386390908,4.91539236509943,41.4063455621789,0.0825003865143108,62.761,3.51368276365183,527970.0
YEM,"Yemen, Rep.","Middle East, North Africa, Afghanistan & Pakistan",2001,2129.77268762778,20226147,70.8923979770182,5.4810146916463,33.2270815659587,0.0908024587169292,63.286,4.05840209982411,527970.0
YEM,"Yemen, Rep.","Middle East, North Africa, Afghanistan & Pakistan",2002,2148.88860494788,20835086,74.7304558609206,6.8956079503431,31.0497728852744,0.518796032123435,63.807,2.1924216428531,527970.0
YEM,"Yemen, Rep.","Middle East, North Africa, Afghanistan & Pakistan",2003,2164.86083019467,21456379,74.3826165968098,6.85455205201499,32.1919199005229,0.604734100431821,64.407,2.2700875366359,527970.0
YEM,"Yemen, Rep.","Middle East, North Africa, Afghanistan & Pakistan",2004,2185.78999159086,22095167,71.8466740069203,5.301366496456,34.1535884387229,0.881222988679516,64.881,2.12851356652432,527970.0
YEM,"Yemen, Rep.","Middle East, North Africa, Afghanistan & Pakistan",2005,2237.63762643152,22790085,76.773285677642,4.8683170115889,41.1656856093808,1.048599958,65.356,1.95776381549943,527970.0
YEM,"Yemen, Rep.","Middle East, North Africa, Afghanistan & Pakistan",2006,2234.74266863312,23543083,82.0761626564135,4.30846709527936,40.4987746786826,1.24782404904485,65.8,1.61429445859282,527970.0
YEM,"Yemen, Rep.","Middle East, North Africa, Afghanistan & Pakistan",2007,2235.75075901067,24318082,79.1234205876059,4.85072305945547,33.0050730617766,5.01,66.23,1.19651025652321,527970.0
YEM,"Yemen, Rep.","Middle East, North Africa, Afghanistan & Pakistan",2008,2244.04491655237,25111941,81.244718850294,4.44582924481359,33.8694342767331,6.89,66.609,1.71677267214277,527970.0
YEM,"Yemen, Rep.","Middle East, North Africa, Afghanistan & Pakistan",2009,2257.46902086832,25927724,68.0713910145084,5.65364869262807,21.001304593999,9.96,66.905,2.33450195380551,527970.0
YEM,"Yemen, Rep.","Middle East, North Africa, Afghanistan & Pakistan",2010,2356.19960422096,26754387,64.3856367797178,4.68555712379286,23.5484181707179,12.35,67.223,1.57763919562978,527970.0
YEM,"Yemen, Rep.","Middle East, North Africa, Afghanistan & Pakistan",2011,1994.83663337222,27582897,63.0594579549043,4.92646180284206,25.9395800444886,14.90499973,67.412,1.5714639103162,527970.0
YEM,"Yemen, Rep.","Middle East, North Africa, Afghanistan & Pakistan",2012,1981.45800046603,28433647,61.3616371825683,4.57388404478979,18.8463591940271,17.44650078,67.569,2.10398970855669,527970.0
YEM,"Yemen, Rep.","Middle East, North Africa, Afghanistan & Pakistan",2013,2014.7289059487,29312952,52.5118781367089,4.07952717554633,13.5874899680381,20.0,67.961,2.69337831146103,527970.0
YEM,"Yemen, Rep.","Middle East, North Africa, Afghanistan & Pakistan",2014,1950.1625450589,30226309,48.2430405122774,3.96689083277903,10.9650660396012,22.54999924,68.003,2.85146347741999,527970.0
YEM,"Yemen, Rep.","Middle East, North Africa, Afghanistan & Pakistan",2015,1362.1738120601,31159379,30.3676590844637,,2.06582147254408,24.08539963,66.761,4.29182331313696,527970.0
YEM,"Yemen, Rep.","Middle East, North Africa, Afghanistan & Pakistan",2016,1197.95865971172,32109010,31.0815442908559,,0.766194564986369,24.57920074,67.105,7.44172699032262,527970.0
YEM,"Yemen, Rep.","Middle East, North Africa, Afghanistan & Pakistan",2017,1103.45634849842,33090921,42.9699046721967,,2.00088361190121,,67.12,12.3879940640427,527970.0
YEM,"Yemen, Rep.","Middle East, North Africa, Afghanistan & Pakistan",2018,1079.32938366255,34085182,56.0778227215077,,4.87867391772049,,65.915,38.0320424626616,527970.0
YEM,"Yemen, Rep.","Middle East, North Africa, Afghanistan & Pakistan",2019,,35111408,,,,17.49099922,66.567,,527970.0
YEM,"Yemen, Rep.","Middle East, North Africa, Afghanistan & Pakistan",2020,,36134863,,,,,66.435,,527970.0
YEM,"Yemen, Rep.","Middle East, North Africa, Afghanistan & Pakistan",2021,,37140230,,,,,66.019,,527970.0
ZAF,South Africa,Sub-Saharan Africa ,1995,4337.29729686998,44541554,39.4780337793026,2.11786404667743,4.03562638417749,0.677,61.603,0.228690826449012,1213090.0
ZAF,South Africa,Sub-Saharan Africa ,1996,4465.50649854807,45123018,42.199251732528,1.75587879819291,4.64270090290704,0.842,61.079,0.226288783850357,1213090.0
ZAF,South Africa,Sub-Saharan Africa ,1997,4527.04992403877,45666838,42.3013344291831,1.58213355671958,3.69265986755738,1.63,60.538,0.298986445985656,1213090.0
ZAF,South Africa,Sub-Saharan Africa ,1998,4494.85711232358,46223880,44.0357453368965,1.38316672312245,3.11344933385369,2.91,59.912,0.344174184794893,1213090.0
ZAF,South Africa,Sub-Saharan Africa ,1999,4552.85007973031,46730335,42.2582960172673,1.27205293062738,2.48859050822074,4.12,59.19,0.36630987248153,1213090.0
ZAF,South Africa,Sub-Saharan Africa ,2000,4700.87555500704,47159719,46.2207217354077,1.38728913141799,3.71688450048923,5.34855973203537,58.368,0.329800401698625,1213090.0
ZAF,South Africa,Sub-Saharan Africa ,2001,4786.482450463,47566800,49.170945185829,1.48316101798605,4.94658656928292,6.34661931839768,57.161,0.325667218287791,1213090.0
ZAF,South Africa,Sub-Saharan Africa ,2002,4916.81498068625,48019415,53.4655016294369,1.52930955872386,4.67923392268105,6.71032243705404,55.58,0.401400145937755,1213090.0
ZAF,South Africa,Sub-Saharan Africa ,2003,5011.62223150169,48500348,45.723862568979,1.4688112381823,2.99086668200306,7.00769172611251,54.245,0.333740719749369,1213090.0
ZAF,South Africa,Sub-Saharan Africa ,2004,5187.35683424034,48991421,45.6435752240041,1.35572857797827,4.77963979439938,8.4251186825406,53.963,0.251143523831332,1213090.0
ZAF,South Africa,Sub-Saharan Africa ,2005,5406.07581377638,49490033,47.4277813970329,1.23481125272958,4.56849246597233,7.48854252992921,53.914,0.239934238306902,1213090.0
ZAF,South Africa,Sub-Saharan Africa ,2006,5650.9883176549,49998277,53.7681412741145,1.15387200554978,5.2274047401405,7.60713967477381,54.22,0.24211060827743,1213090.0
ZAF,South Africa,Sub-Saharan Africa ,2007,5891.42069421698,50528584,57.125139137747,1.05851963686616,6.3657074741337,8.06537517355504,54.948,0.245933095130919,1213090.0
ZAF,South Africa,Sub-Saharan Africa ,2008,6009.71963138635,51114599,65.9745237996233,1.03941759302272,11.9900580422374,8.43,55.982,0.362940139707328,1213090.0
ZAF,South Africa,Sub-Saharan Africa ,2009,5847.05811084505,51728516,49.5875353278801,1.08950470906387,4.93797499670312,10.0,57.413,0.332432060610017,1213090.0
ZAF,South Africa,Sub-Saharan Africa ,2010,5953.94506512821,52344051,50.4060871625999,1.00348106887351,6.84683101275869,24.0,58.886,0.250537275075127,1213090.0
ZAF,South Africa,Sub-Saharan Africa ,2011,6067.12482726885,52995205,54.6363504358971,1.00265340405471,7.81466074244917,33.97,60.602,0.312185227759399,1213090.0
ZAF,South Africa,Sub-Saharan Africa ,2012,6121.55783860713,53782567,55.5826171933345,1.03352274081458,6.40436399402211,41.0,61.737,0.251661597696877,1213090.0
ZAF,South Africa,Sub-Saharan Africa ,2013,6170.87670863373,54678791,58.875027630051,1.02779402383821,6.11153096342063,46.5,62.388,0.33112469209882,1213090.0
ZAF,South Africa,Sub-Saharan Africa ,2014,6155.00589462516,55594838,59.4995740550593,1.02189399625968,4.66573419871465,49.0,63.184,0.289821392763173,1213090.0
ZAF,South Africa,Sub-Saharan Africa ,2015,6112.27382485974,56723537,56.7266761447156,1.00692862196088,2.80794769347075,51.91910172,64.053,0.419248415633216,1213090.0
ZAF,South Africa,Sub-Saharan Africa ,2016,6095.295060428,57259551,55.8612575048782,0.971046764986093,3.56159906611897,54.0,64.749,0.374342476704099,1213090.0
ZAF,South Africa,Sub-Saharan Africa ,2017,6125.6920507497,57635162,53.5359318293741,0.943568494750462,3.8355856656622,56.16740036,65.422,0.273627076562111,1213090.0
ZAF,South Africa,Sub-Saharan Africa ,2018,6117.2701406047,58613001,54.4855451276341,0.894757064750116,3.86949148830953,62.40000153,65.726,0.233782961836093,1213090.0
ZAF,South Africa,Sub-Saharan Africa ,2019,6032.82972598668,59587885,53.8979964081406,0.882430271670915,4.18782227881945,69.69689941,66.071,0.254444933587184,1213090.0
ZAF,South Africa,Sub-Saharan Africa ,2020,5569.58483319272,60562381,50.7596590804177,0.956510732317856,4.01777511009808,72.1128006,65.15,0.362427644652388,1213090.0
ZAF,South Africa,Sub-Saharan Africa ,2021,5750.90937479584,61502603,56.1647136277546,0.805965112062888,7.32857859192335,74.96859741,62.01,0.253147136898378,1213090.0
ZMB,Zambia,Sub-Saharan Africa ,1995,768.035201563368,8785763,69.2267746955964,1.45168841419497,7.23321498317749,0.00878,46.051,56.9615584657091,743390.0
ZMB,Zambia,Sub-Saharan Africa ,1996,796.018059633101,9004053,63.8214821755312,1.0518095531385,7.40724986790176,0.00907,45.757,17.9304151623301,743390.0
ZMB,Zambia,Sub-Saharan Africa ,1997,805.53240180321,9237063,58.272862622336,1.00766103765507,5.78425325323365,0.00933,45.743,15.0448749030798,743390.0
ZMB,Zambia,Sub-Saharan Africa ,1998,781.663383813883,9482408,56.2503070199594,,7.38004991836173,0.0302,45.709,10.5021846768248,743390.0
ZMB,Zambia,Sub-Saharan Africa ,1999,796.377985981253,9740005,59.7675342029156,1.64831846043945,5.20000710887479,0.147,45.924,19.2326915951506,743390.0
ZMB,Zambia,Sub-Saharan Africa ,2000,804.48463418783,10017631,60.3874689884965,,9.12122495945449,0.191071642503428,46.577,23.0700094775098,743390.0
ZMB,Zambia,Sub-Saharan Africa ,2001,822.020935308251,10325185,64.668282708979,,6.91796764834799,0.233129556342332,47.408,14.5270567243065,743390.0
ZMB,Zambia,Sub-Saharan Africa ,2002,833.021177549004,10647949,64.9164969990648,,8.58178422740853,0.477750906947484,48.461,20.050971725985,743390.0
ZMB,Zambia,Sub-Saharan Africa ,2003,863.650190656785,10983595,62.3128446757629,,12.6388158009955,0.980483039426114,49.616,16.1899846425487,743390.0
ZMB,Zambia,Sub-Saharan Africa ,2004,895.475258534826,11338198,70.8130749317722,1.58089960446516,13.7756377211636,1.1,50.54,19.3810241410627,743390.0
ZMB,Zambia,Sub-Saharan Africa ,2005,929.079255855905,11718819,62.200282191364,1.84832294449392,14.1027021273131,1.299999952,51.615,15.1821345999271,743390.0
ZMB,Zambia,Sub-Saharan Africa ,2006,968.563565019492,12129553,57.8568188739027,1.7439454502704,19.2015029596777,1.600000024,52.693,12.6875440616236,743390.0
ZMB,Zambia,Sub-Saharan Africa ,2007,1013.08567432637,12565085,65.7714586909068,2.06370699223085,21.7874311599282,1.899999976,53.73,8.17179405512954,743390.0
ZMB,Zambia,Sub-Saharan Africa ,2008,1053.58612301068,13021324,59.4548891205874,2.08008787697224,16.052538455331,2.200000048,54.835,6.7507524867077,743390.0
ZMB,Zambia,Sub-Saharan Africa ,2009,1110.71918102486,13490389,56.1213809555165,1.73163534710359,16.7968643399172,2.5,55.886,8.52345319493535,743390.0
ZMB,Zambia,Sub-Saharan Africa ,2010,1183.41712409199,13965594,67.9009190299719,1.38259276517524,18.6647201093496,3.0,56.896,4.68174678386279,743390.0
ZMB,Zambia,Sub-Saharan Africa ,2011,1208.46424569634,14437796,72.7954324384283,1.3176391076812,17.4237334954232,3.5,57.843,4.63385959292291,743390.0
ZMB,Zambia,Sub-Saharan Africa ,2012,1258.78938578996,14913629,75.367709855907,1.3578688500397,13.5753487511819,4.099999905,58.704,3.81771924367104,743390.0
ZMB,Zambia,Sub-Saharan Africa ,2013,1280.77012176778,15398997,80.4562410213373,1.35973638684875,12.023594729012,4.8,59.445,4.25925918108282,743390.0
ZMB,Zambia,Sub-Saharan Africa ,2014,1299.01241762504,15895315,76.1934997276313,1.6338689575111,10.842259058696,6.5,60.109,3.75239855986919,743390.0
ZMB,Zambia,Sub-Saharan Africa ,2015,1295.87788680068,16399089,79.8652687573958,1.75323445099498,11.1602533885932,8.8,60.728,3.82887273515553,743390.0
ZMB,Zambia,Sub-Saharan Africa ,2016,1303.57513869133,16914423,73.958561254616,1.42930472392762,11.6772125402718,10.30000019,61.129,4.75825898812421,743390.0
ZMB,Zambia,Sub-Saharan Africa ,2017,1308.76829240086,17441320,71.5856946542566,1.30136750851783,13.2264399699464,12.19999981,61.564,4.20760688609291,743390.0
ZMB,Zambia,Sub-Saharan Africa ,2018,1321.25045711573,17973569,74.8883695274665,1.43749939178333,11.7483463033985,14.2999970950012,62.138,3.86158215017163,743390.0
ZMB,Zambia,Sub-Saharan Africa ,2019,1301.18132976178,18513839,68.791204936096,1.25568409370479,7.91506539515975,14.47189999,62.914,4.13992284224419,743390.0
ZMB,Zambia,Sub-Saharan Africa ,2020,1228.73500113195,19059395,79.2068494095955,1.16572196732911,16.2222307618142,14.64579964,63.361,5.85750157191414,743390.0
ZMB,Zambia,Sub-Saharan Africa ,2021,1269.10821808895,19603607,86.2085111934645,0.982237890875063,35.2641479964325,14.82190037,62.363,5.34165217395963,743390.0
ZWE,Zimbabwe,Sub-Saharan Africa ,1995,1621.41919547814,10974599,79.156711173577,3.18165315260801,8.54428671214653,0.00768,51.144,9.80255285201436,386850.0
ZWE,Zimbabwe,Sub-Saharan Africa ,1996,1759.94136824269,11158360,72.068361086766,2.88277157260057,7.99042829291191,0.0168,48.981,5.71784534572423,386850.0
ZWE,Zimbabwe,Sub-Saharan Africa ,1997,1773.50690066801,11369827,82.2035387860323,2.99826689774697,6.77129137790896,0.0331,48.536,5.68266410750365,386850.0
ZWE,Zimbabwe,Sub-Saharan Africa ,1998,1789.35135307089,11594297,88.5133289098786,,5.59080463449055,0.0816,47.551,6.66006712373973,386850.0
ZWE,Zimbabwe,Sub-Saharan Africa ,1999,1746.22663873399,11783458,70.9210813961962,2.23808309966862,3.70089065515096,0.162,46.379,5.35092714962303,386850.0
ZWE,Zimbabwe,Sub-Saharan Africa ,2000,1677.34896793251,11892055,74.0708923168864,3.05379188712522,3.90170876645193,0.401433535211582,46.034,4.02244359073968,386850.0
ZWE,Zimbabwe,Sub-Saharan Africa ,2001,1690.14666163116,11971901,67.8980938686723,2.54980434009249,4.02799179313518,0.799846045633137,44.525,3.44263593708031,386850.0
ZWE,Zimbabwe,Sub-Saharan Africa ,2002,1525.07935706564,12087653,66.8098183680706,6.30647414997671,5.17219377081197,1.1,45.938,4.32249770897071,386850.0
ZWE,Zimbabwe,Sub-Saharan Africa ,2003,1250.91948331231,12232323,70.4519675420993,2.03467725088782,6.98217572203532,1.8,45.373,4.33348406642119,386850.0
ZWE,Zimbabwe,Sub-Saharan Africa ,2004,1165.54447081543,12365896,76.0394249806318,2.70575805599577,8.43730994677101,2.1,46.043,4.70450667496565,386850.0
ZWE,Zimbabwe,Sub-Saharan Africa ,2005,1088.63148420699,12483432,76.043068640646,1.45257572407694,8.5582074673681,2.400000095,46.57,9.35033650211155,386850.0
ZWE,Zimbabwe,Sub-Saharan Africa ,2006,1038.22375658033,12636445,82.8200302932942,1.98624247635426,11.4813042316831,2.400000095,47.056,8.11077073996138,386850.0
ZWE,Zimbabwe,Sub-Saharan Africa ,2007,987.200362596937,12804058,84.1682798999008,,15.559238462362,3.0,47.576,16.1412329992948,386850.0
ZWE,Zimbabwe,Sub-Saharan Africa ,2008,803.044944654991,12959149,109.523540063377,,18.3230470823159,3.5,48.456,39.2598225637715,386850.0
ZWE,Zimbabwe,Sub-Saharan Africa ,2009,896.915532877845,13142790,61.7764909650234,,6.76260898727295,4.0,49.75,7.94057265942949,386850.0
ZWE,Zimbabwe,Sub-Saharan Africa ,2010,1056.20884563889,13356548,83.1234047851259,0.816251453246969,7.09847064162797,6.400000095,51.925,6.24917515372659,386850.0
ZWE,Zimbabwe,Sub-Saharan Africa ,2011,1184.93421020563,13595424,89.4659437238642,1.407162104666,7.87938898914128,8.399999619,53.911,5.46085260799459,386850.0
ZWE,Zimbabwe,Sub-Saharan Africa ,2012,1360.15230034275,13817887,74.1627003825153,1.85949988315027,5.96773281078297,12.0,55.386,6.15711445194234,386850.0
ZWE,Zimbabwe,Sub-Saharan Africa ,2013,1367.81831689463,14013808,58.6560737143829,1.86822395642382,5.04283935109174,15.5,56.842,4.55110711545138,386850.0
ZWE,Zimbabwe,Sub-Saharan Africa ,2014,1381.25404125871,14207359,54.6717592473918,1.88778911739064,5.62126327970579,16.3647399572904,58.106,4.10200952824576,386850.0
ZWE,Zimbabwe,Sub-Saharan Africa ,2015,1387.12632595026,14399013,56.7496526604333,1.88630877860684,4.60618520596556,22.74279976,58.989,4.05669360741361,386850.0
ZWE,Zimbabwe,Sub-Saharan Africa ,2016,1378.34256192374,14600294,51.2190376594477,1.74198491851131,4.49541367401877,23.12000084,59.76,3.48330991905697,386850.0
ZWE,Zimbabwe,Sub-Saharan Africa ,2017,1422.91948946927,14812482,55.028317831061,1.47256736668559,6.09544838030308,24.39999962,60.263,1.47988726662785,386850.0
ZWE,Zimbabwe,Sub-Saharan Africa ,2018,1472.14603844842,15034452,54.55031658746,1.17941734860884,3.37818944674235,25.0,60.906,2.37686119647224,386850.0
ZWE,Zimbabwe,Sub-Saharan Africa ,2019,1357.53087818754,15271368,36.5178684980287,0.653123880490076,4.71576545765887,26.5883007,61.06,2.5639000192922,386850.0
ZWE,Zimbabwe,Sub-Saharan Africa ,2020,1230.81933361016,15526888,31.8225698755474,0.974989311324521,4.74666809490234,29.29856532,61.53,3.12628861463086,386850.0
ZWE,Zimbabwe,Sub-Saharan Africa ,2021,1312.20001358807,15797210,34.9401169482991,1.56777878168608,6.39845161112644,32.5923996,60.135,2.42940846586167,386850.0
